1017.9817,1017.9817,1017.9817,1017.9817,1017.9817,1017.9817,1017.9817,1017.9817,1017.9817,1017.9817,1017.9817,1017.9817,1017.9817,1017.9817,1017.9817,1017.9817,1017.9817,1017.9817,1017.9817,1017.9817,1017.9817,1017.9817,1017.9817,1017.9817,1017.9817,1017.9817,1017.9817,1017.9817,1017.9817,1017.9817,1017.9817,1017.9817,1017.9817,1017.9817,1017.9817,1017.9817,1017.9817,1017.9817,1017.9817,1017.9817,1017.9817,1017.9817,1017.9817,1017.9817,1017.9817,1017.9817,1017.9817,1017.9817,1017.9817,1017.9817,1017.9817,1017.9817,1017.9817,1017.9817,1017.9817,1017.9817,1017.9817,1017.9817,1017.9817,1017.9817,1017.9817,1017.9817,1017.9817,1017.9817,1017.9817,1017.9817,1017.9817,1017.9817,1017.9817,1017.9817,1017.9817,1017.9817,1017.9817,1017.9817,1017.9817,1017.9817,1017.9817,1017.9817,1017.9817,1017.9817,1017.9817,1017.9817,1017.9817,1017.9817,1017.9817,1017.9817,1017.9817,1017.9817,1017.9817,1017.9817,1017.9817,1017.9817,1017.9817,1017.9817,1017.9817,1017.9817
1009.2434,1009.12823,1009.467,1009.2682,1009.57434,1009.3466,1009.6497,1009.461,1009.79535,1009.58685,1009.8697,1009.6131,1009.8654,1009.5886,1009.85547,1009.58405,1009.8799,1009.6022,1009.93024,1009.6393,1009.97217,1009.66925,1010.0183,1009.71594,1010.06415,1009.76105,1010.1058,1009.8173,1010.158,1009.86816,1010.1731,1009.8689,1010.16406,1009.8734,1010.172,1009.9227,1010.2414,1010.0075,1010.31586,1010.0739,1010.3879,1010.1623,1010.4928,1010.2779,1010.58655,1010.36804,1010.6506,1010.4141,1010.6739,1010.4324,1010.6734,1010.43695,1010.6886,1010.4685,1010.72504,1010.4968,1010.73584,1010.4845,1010.70044,1010.4435,1010.66077,1010.4141,1010.6262,1010.3366,1010.48474,1010.0961,1010.17365,1009.7502,1009.8486,1009.4852,1009.70624,1009.50714,1009.89075,1009.85974,1010.3196,1010.0034,1010.0148,1009.68585,1010.0361,1009.97687,1010.2317,1009.9244,1010.0331,1009.86066,1010.2017,1010.16656,1010.30524,1009.8846,1010.0342,1009.7017,1009.7085,1009.1882,1009.1368,1008.7034,1008.9438,1008.8241
1008.7442,1009.0163,1008.74664,1008.98444,1008.7311,1008.93866,1008.64764,1008.94305,1008.7596,1009.0841,1008.8752,1009.1759,1008.942,1009.22406,1008.9716,1009.25836,1008.9817,1009.2868,1009.0148,1009.3485,1009.07196,1009.45135,1009.19727,1009.5917,1009.3223,1009.7015,1009.4507,1009.8516,1009.63855,1010.0334,1009.78973,1010.1451,1009.903,1010.24,1010.0062,1010.35803,1010.1689,1010.531,1010.3417,1010.6931,1010.49536,1010.8519,1010.6529,1010.97473,1010.74835,1011.0328,1010.7949,1011.0586,1010.8238,1011.0801,1010.83905,1011.0763,1010.8346,1011.0692,1010.8196,1011.0416,1010.77216,1010.9629,1010.6609,1010.8242,1010.52124,1010.692,1010.3921,1010.5575,1010.22687,1010.3837,1010.0568,1010.244,1009.92365,1010.08936,1009.76715,1009.99207,1009.7169,1010.0346,1009.8185,1009.85614,1009.02234,1009.29,1009.28503,1009.88995,1009.6421,1009.47687,1009.01337,1009.00696,1008.9937,1009.42554,1009.0261,1008.9429,1008.7534,1009.1226,1009.2248,1009.5027,1009.142,1009.16077,1008.7509,1008.9593
1008.5735,1008.1659,1008.28925,1007.9803,1008.27405,1007.90643,1008.02905,1007.7486,1008.069,1007.8807,1008.21826,1008.06335,1008.4235,1008.24304,1008.5815,1008.3317,1008.6263,1008.3313,1008.638,1008.32715,1008.68005,1008.42957,1008.8376,1008.572,1008.932,1008.6476,1009.0438,1008.8416,1009.3148,1009.1786,1009.6144,1009.4438,1009.8825,1009.70825,1010.09247,1009.9155,1010.3078,1010.16547,1010.5813,1010.4503,1010.861,1010.70374,1011.06757,1010.85443,1011.14386,1010.91077,1011.19434,1010.98663,1011.3076,1011.14246,1011.44696,1011.2475,1011.49835,1011.2473,1011.4618,1011.19855,1011.4054,1011.10724,1011.2428,1010.86176,1010.9156,1010.48364,1010.5106,1010.0883,1010.2147,1009.9545,1010.28723,1010.15027,1010.4238,1009.9989,1009.90076,1009.12445,1008.6545,1007.7355,1008.1686,1008.64276,1009.40735,1009.4019,1006.87976,1007.56415,1007.2055,1007.5741,1006.2824,1006.0461,1006.5785,1008.742,1008.13995,1006.7827,1007.67676,1007.3192,1007.12195,1008.41724,1009.58795,1009.31366,1009.1595,1008.54785
1006.90265,1007.0224,1006.76434,1007.16754,1007.2507,1007.5249,1007.1416,1007.3885,1007.2002,1007.50793,1007.3099,1007.67444,1007.5206,1007.8644,1007.6456,1007.90643,1007.589,1007.8383,1007.518,1007.8221,1007.5699,1007.99036,1007.738,1008.0716,1007.71765,1008.0548,1007.8295,1008.2911,1008.2129,1008.7754,1008.6826,1009.1585,1009.07904,1009.5666,1009.43475,1009.8337,1009.6617,1010.09094,1010.02106,1010.52106,1010.4555,1010.89655,1010.74524,1011.0921,1010.8824,1011.1921,1010.99725,1011.31903,1011.1628,1011.4993,1011.3166,1011.5617,1011.2697,1011.41974,1011.1072,1011.3346,1011.1452,1011.45245,1011.2496,1011.42755,1011.021,1010.9703,1010.37146,1010.2652,1009.79584,1009.99066,1009.81305,1010.11163,1009.7117,1009.45966,1008.2511,1009.722,1008.07794,1004.2482,1005.43524,1008.97076,1006.5268,1005.1814,1002.6737,1005.3535,1005.967,1005.0013,1001.9883,1001.9865,1001.4303,1001.4817,1000.9093,1001.5963,1003.2665,1003.5729,1005.258,1008.9069,1008.699,1009.0459,1008.00507,1007.52264
1005.8585,1005.48175,1005.66815,1005.41504,1006.87805,1006.49475,1006.3485,1006.0144,1006.6726,1006.73145,1007.1631,1006.9889,1007.2614,1006.9828,1007.2503,1006.9576,1007.24457,1006.9322,1007.1699,1006.80676,1007.1285,1006.83514,1007.13654,1006.76105,1007.0712,1006.8349,1007.4636,1007.519,1008.03503,1007.95435,1008.26575,1008.062,1008.5542,1008.5718,1009.17175,1009.1561,1009.57605,1009.4517,1009.9414,1009.8963,1010.36304,1010.2451,1010.6506,1010.5107,1010.8882,1010.72754,1011.0128,1010.7417,1010.9775,1010.7493,1011.0355,1010.88434,1011.1942,1010.9903,1011.1903,1010.8935,1011.07874,1010.8263,1011.0792,1010.82996,1010.9845,1010.6009,1010.5886,1010.11316,1010.1873,1009.8221,1009.94073,1009.4826,1009.47003,1008.939,1008.8256,1007.98,1007.7373,1006.7616,1007.6857,1008.60406,1005.06555,1003.89764,1004.2656,1004.54193,1003.5497,1002.73694,1001.76074,1001.58093,1001.9897,1001.6144,1001.90686,1002.4334,1003.9909,1004.7192,1003.91766,1006.75836,1009.0931,1008.33276,1007.2431,1006.023
1004.18964,1004.5732,1004.48,1004.86206,1004.91833,1005.44366,1005.18036,1005.6549,1005.9116,1006.5246,1006.37823,1006.65125,1006.4363,1006.7754,1006.5861,1006.83484,1006.4702,1006.6295,1006.1472,1006.37366,1006.09686,1006.45374,1006.0141,1006.07764,1005.9716,1006.60443,1005.89624,1006.5137,1006.6262,1007.6857,1007.3478,1007.71826,1007.8507,1008.4828,1008.3868,1008.86523,1008.6544,1009.3433,1009.2504,1009.7966,1009.81506,1010.1973,1009.95605,1010.21246,1009.9655,1010.2844,1010.09045,1010.3583,1010.0947,1010.23694,1009.87573,1010.12274,1009.9752,1010.3417,1010.09894,1010.25586,1009.94305,1010.2149,1010.1211,1010.4102,1010.12445,1010.2456,1009.81573,1009.9451,1009.70404,1009.9159,1009.6332,1009.71515,1009.15094,1009.0459,1008.3603,1008.5279,1008.4046,1007.61145,1007.06647,1006.89777,1006.83344,1007.1563,1006.4979,1005.8232,1003.71625,1004.82336,1001.0439,1002.8124,1002.5968,1002.72046,1001.94684,1002.27045,1003.26874,1004.1982,1003.4636,1006.88544,1007.65967,1006.718,1005.0523,1004.54926
1002.8835,1002.3982,1002.4035,1002.1911,1003.1631,1003.99554,1004.5076,1004.5531,1005.55835,1005.73584,1006.11646,1006.0199,1006.4992,1006.32336,1006.55316,1006.1507,1006.2931,1005.91895,1006.08795,1005.7646,1005.8112,1005.29834,1005.847,1005.34344,1005.5739,1005.5714,1005.9251,1005.97644,1006.6804,1006.6906,1006.8662,1007.1603,1007.70264,1008.03094,1008.5329,1007.72925,1008.6144,1008.6758,1009.4863,1009.2513,1009.3709,1009.1354,1009.60815,1009.44147,1009.5319,1009.0458,1009.1243,1008.8803,1009.2849,1008.9211,1008.77313,1008.2961,1008.44507,1008.3509,1008.60333,1008.37476,1008.6286,1008.52405,1009.0255,1008.84235,1009.04285,1008.8542,1008.932,1009.05786,1008.87616,1009.11536,1009.1059,1008.977,1009.4417,1009.0734,1008.89233,1008.511,1007.60266,1007.163,1008.0006,1007.1566,1006.72626,1005.7185,1006.7836,1006.6635,1006.0254,1003.77264,1002.1006,1002.8251,1002.69403,1002.42175,1002.9596,1002.1911,1002.9959,1003.79266,1005.1148,1006.30005,1005.83966,1003.9214,1003.1658,1002.68524
1000.9796,1001.00433,1000.9524,1001.5779,1001.6248,1003.63934,1003.6533,1005.3365,1004.51245,1005.7339,1005.8946,1006.4079,1006.2528,1006.322,1006.06683,1006.4378,1006.03644,1006.04755,1005.50696,1005.7595,1005.27045,1005.69867,1005.0024,1004.7804,1004.4875,1005.00836,1004.51746,1004.76764,1005.42145,1007.3511,1005.39856,1006.66046,1007.28107,1007.12317,1007.50903,1006.39276,1006.79333,1008.62976,1008.0386,1008.42615,1008.83966,1008.47614,1008.60364,1009.0183,1008.692,1008.5089,1008.1002,1008.87683,1008.07513,1008.2375,1007.42865,1007.1292,1006.30273,1007.12537,1006.7612,1006.8699,1006.9515,1007.6925,1007.6956,1007.723,1007.24164,1007.721,1008.0544,1008.28894,1007.7412,1008.6592,1008.44696,1008.71063,1009.05304,1008.982,1008.36615,1008.85175,1007.7578,1007.87537,1007.64105,1006.52045,1006.99695,1006.75714,1005.0919,1006.7916,1006.55554,1005.4979,1003.5559,1000.5929,1002.4029,1001.812,1002.26935,998.57874,1001.76715,1004.4769,1003.8879,1004.4646,1002.9548,1002.1656,1001.49347,1001.53516
999.5606,999.6169,1000.727,1000.75305,1002.2234,1003.6329,1003.51385,1004.561,1005.6354,1005.35516,1006.1032,1005.94727,1006.6063,1006.3156,1006.16925,1006.1368,1006.0587,1006.07794,1006.1708,1005.28625,1005.4546,1005.2029,1005.55927,1004.7899,1004.4078,1005.2048,1005.03107,1004.7746,1006.08777,1006.0505,1006.7796,1005.9911,1006.9889,1005.7859,1007.7096,1005.0292,1004.5356,1008.03125,1006.8127,1007.77594,1008.01044,1007.97284,1008.32,1007.2246,1007.0692,1007.0662,1006.0487,1007.5528,1006.3831,1006.2325,1006.45514,1005.8661,1005.3433,1004.4618,1004.093,1004.10443,1004.73474,1004.06165,1005.4375,1006.40643,1005.504,1006.6399,1006.4085,1007.0762,1007.3815,1007.3885,1007.8599,1008.25604,1009.08124,1008.4856,1008.4572,1008.28876,1007.9856,1007.24445,1007.8752,1007.23785,1006.6306,1005.5403,1007.2616,1004.95996,1005.9972,1005.16364,1005.0466,999.5656,1001.0682,1000.77905,999.3654,1004.5624,1003.8123,1004.12286,1003.7746,1001.60815,1000.45386,1000.04443,1000.3979,999.87006
998.5382,999.88873,1000.46686,1001.11456,1003.68555,1003.7175,1004.101,1005.4993,1005.6575,1005.641,1005.8787,1006.77515,1005.9813,1006.77655,1005.89825,1005.1224,1007.3917,1004.49194,1005.8907,1006.4599,1005.46906,1005.2386,1005.37274,1005.43726,1005.76514,1004.6914,1005.57904,1006.111,1006.0473,1006.0854,1006.31976,1006.80444,1006.96216,1006.48975,1005.4426,1005.4656,1004.4519,1004.922,1003.84656,1005.96906,1005.13196,1007.4945,1006.3918,1005.6865,1005.5114,1006.4045,1006.0461,1006.747,1005.5793,1005.4294,1005.2746,1003.6893,1004.6179,1002.79175,1004.0597,1003.90906,1003.69507,1003.8076,1003.9202,1005.1342,1003.01953,1005.1797,1004.98065,1006.0597,1007.67554,1007.07336,1007.00995,1007.75824,1008.0289,1008.5628,1008.1621,1008.2648,1008.3024,1007.5151,1007.4556,1007.5744,1006.2724,1005.99347,1006.4583,1005.0495,1005.24756,1005.08264,1003.07623,1000.3548,1000.7789,1002.69403,1003.6197,1002.9772,1001.3825,1000.5946,999.9644,999.0352,997.99475,998.47723,998.53784,998.75696
999.4349,999.8138,1001.8307,1002.7842,1003.49005,1003.67365,1005.24,1004.811,1005.4809,1005.85175,1006.4607,1006.0707,1006.7239,1006.56036,1006.6131,1006.342,1006.4996,1006.15247,1006.4375,1005.79614,1005.97974,1005.60693,1006.2052,1005.5487,1006.2538,1005.8376,1006.5417,1006.43756,1006.96716,1006.5739,1007.2513,1006.57043,1007.2601,1006.85333,1006.3523,1006.6192,1006.20264,1003.399,1004.10583,1004.3031,1005.34235,1004.82367,1005.3178,1004.67834,1004.69147,1005.30365,1005.1318,1004.03784,1005.1541,1003.95856,1003.14246,1003.25165,1003.47577,1002.561,1002.1099,1003.70703,1002.1286,1003.0525,1003.43616,1002.99536,1004.3331,1004.25214,1005.5119,1004.5583,1007.47284,1006.74695,1006.99756,1007.50574,1007.9733,1008.1313,1008.40607,1008.543,1008.51575,1007.6937,1007.4892,1006.6939,1007.107,1005.887,1006.2255,1005.49207,1004.8949,1004.0327,1002.9551,999.32074,1000.63477,999.7451,1001.44995,998.7785,997.7652,997.788,997.85864,996.6673,996.85614,997.33777,997.793,997.9848
1000.2742,1000.222,1004.03754,1001.5561,1004.4123,1004.46747,1004.6242,1005.36755,1005.68835,1006.25653,1006.103,1006.9421,1006.79193,1006.8743,1006.91656,1006.9056,1006.70605,1006.7144,1006.5935,1006.7266,1006.2132,1006.6452,1006.57043,1007.09766,1005.8676,1008.3014,1006.21735,1007.5185,1007.69855,1007.2928,1006.83276,1008.1292,1006.79785,1007.2641,1006.5759,1007.06964,1005.239,1006.2195,1004.052,1004.18835,1005.34235,1004.15607,1004.1952,1004.9082,1004.28577,1004.21484,1003.74457,1003.70483,1002.677,1002.6462,1002.39966,1002.3192,1001.70734,1003.2766,1001.17334,1001.8814,1002.7193,1001.74304,1003.73413,1003.1934,1003.7866,1004.88617,1005.95874,1005.9141,1006.72546,1007.0679,1006.7342,1007.5906,1007.42664,1008.23846,1008.5106,1008.5219,1008.54865,1007.9602,1007.1703,1006.9166,1006.4755,1006.24646,1005.57605,1005.83203,1004.80554,1003.90216,1002.9908,1001.5798,1000.007,999.9869,998.5235,997.4342,997.0624,997.1578,996.56537,996.7204,996.8963,997.5741,997.8012,999.211
1001.00574,1002.29785,1003.17694,1003.2104,1004.6515,1004.1842,1005.2937,1005.4672,1005.7409,1006.4521,1006.6928,1006.8329,1007.4118,1007.35815,1007.3807,1007.3795,1007.7044,1006.9382,1007.6346,1007.2186,1007.20917,1007.32684,1007.7883,1007.5562,1007.9834,1007.90027,1008.2404,1007.9231,1007.72375,1008.28516,1006.6013,1006.95123,1006.9362,1004.7956,1006.6799,1005.2566,1004.8775,1005.0931,1004.48785,1003.8195,1003.9069,1003.45917,1002.92523,1003.5752,1002.7335,1002.5144,1002.2019,1001.7658,1001.7899,1001.4875,1001.68365,1001.4986,1001.95776,1001.46265,1002.50006,1001.7738,1002.2602,1002.0451,1003.0261,1003.26904,1005.5863,1004.1003,1006.1013,1005.8608,1006.298,1006.5452,1007.17957,1007.2587,1008.0427,1007.92896,1008.84503,1008.52277,1008.6112,1008.124,1007.91,1006.5162,1006.8011,1006.07825,1004.6037,1006.3049,1003.9713,1004.1772,1002.8835,1001.0838,1000.4775,999.43616,998.5961,997.9334,997.9756,997.4693,997.62695,997.49475,997.9407,998.43066,999.047,1001.2272
1002.4455,1003.1739,1003.3722,1004.3058,1004.2459,1004.999,1005.19696,1005.8135,1005.8316,1006.75977,1006.70703,1007.14874,1007.69977,1007.5207,1008.222,1007.7641,1008.18787,1008.0642,1008.021,1008.2248,1007.90894,1008.60034,1008.161,1008.5866,1008.5358,1008.5495,1008.68274,1008.44977,1009.34796,1006.6542,1008.84045,1005.8887,1005.83887,1007.6046,1003.6831,1006.76886,1004.49316,1005.0187,1004.29614,1002.7442,1002.5272,1001.6458,1002.90125,1001.2729,1002.663,1001.3459,1000.75073,1001.5642,1000.8206,1001.0745,1001.3955,1001.4685,1001.3693,1002.0763,1001.82104,1002.1296,1002.2638,1002.7266,1002.99554,1003.9889,1004.81726,1005.52545,1006.99646,1006.47974,1006.6907,1007.50214,1006.5645,1008.24866,1007.6052,1008.5944,1008.5638,1008.90125,1008.34247,1008.71094,1007.87305,1007.4196,1006.4616,1006.20776,1005.4894,1005.46344,1004.7344,1004.40686,1003.1024,1002.2349,1001.157,1000.60724,999.79,999.8578,999.3628,999.5146,999.2927,999.47076,999.4399,1000.31964,1001.15625,1001.8432
1004.02136,1003.82043,1004.6737,1004.5958,1004.8402,1005.1039,1005.5151,1005.48676,1006.2961,1006.2221,1006.93365,1007.0986,1007.8293,1007.7221,1008.5056,1008.13043,1008.79694,1008.32794,1008.7772,1008.40265,1009.10504,1008.7258,1009.0296,1008.9613,1009.5121,1008.62537,1008.9027,1007.73035,1007.6137,1007.2769,1006.89874,1006.60645,1006.0075,1005.8285,1005.74457,1004.55927,1003.7758,1003.4086,1004.70685,1002.23846,1002.2585,1001.4265,1002.1541,1000.88,1002.0847,1000.5679,1001.13684,1001.34515,1001.1159,1001.4093,1002.0268,1001.61786,1002.4189,1002.4972,1002.7603,1003.07104,1003.54144,1003.57336,1004.50433,1004.72125,1005.73303,1006.0972,1006.4517,1006.8227,1006.98474,1007.42316,1006.6048,1007.46765,1007.6011,1008.2465,1008.5463,1008.499,1008.62726,1008.58795,1008.5168,1007.52826,1007.1492,1006.11646,1005.7595,1005.1438,1004.8726,1004.5561,1004.0012,1003.2233,1002.78406,1002.1363,1002.0961,1001.8626,1001.9961,1001.759,1001.9917,1001.5899,1001.85675,1002.11865,1002.70703,1003.1902
1004.7282,1005.3642,1005.1465,1005.84796,1004.9222,1005.8549,1004.9842,1005.8622,1005.9834,1006.0824,1006.45605,1006.9172,1007.25574,1008.13544,1007.9679,1008.63654,1008.7066,1008.2463,1008.92145,1007.93134,1009.22723,1008.6045,1008.74005,1008.83386,1006.77856,1007.288,1008.34766,1005.2272,1007.2538,1006.0813,1006.3915,1006.50507,1005.6175,1006.0749,1005.5634,1004.711,1003.05585,1003.80444,1003.5145,1003.46094,1001.54803,1002.1406,1001.4407,1001.60724,1001.6597,1001.52313,1001.5978,1002.24176,1001.9613,1002.77856,1002.79266,1003.1824,1003.5295,1003.8812,1004.0609,1004.74207,1004.71545,1005.4848,1005.6634,1006.3918,1006.768,1007.39246,1007.25543,1008.0224,1006.74786,1008.3178,1005.3662,1007.4859,1006.53687,1008.3282,1007.9563,1008.59436,1008.5037,1008.8549,1008.453,1008.36615,1007.3865,1007.35645,1006.2282,1006.2273,1005.33374,1005.4516,1005.02747,1005.0509,1004.4066,1004.70386,1004.3269,1004.64105,1004.5548,1004.6579,1004.41,1004.51245,1004.00824,1004.53766,1004.2458,1004.8026
1006.25604,1006.29266,1005.9231,1006.45996,1005.1476,1005.24554,1005.20514,1005.689,1005.9385,1005.5263,1005.98804,1005.88904,1006.64105,1007.6896,1007.9895,1008.15656,1008.44836,1007.4499,1008.09784,1007.0261,1007.9961,1007.7997,1008.6931,1006.9734,1007.9265,1004.3849,1007.30347,1004.67554,1005.1634,1005.5159,1005.9489,1005.11,1006.5999,1005.0187,1006.6148,1004.9873,1004.6857,1004.8242,1003.60144,1003.5837,1002.2233,1002.1165,1002.2046,1001.83875,1002.7414,1002.3809,1003.09265,1003.35504,1003.66925,1004.1914,1004.5798,1004.75793,1005.5314,1005.37683,1006.25824,1006.23645,1006.8539,1007.1348,1007.5597,1007.98193,1008.30066,1008.47125,1008.51245,1008.28503,1007.1568,1007.2359,1007.11285,1006.197,1006.5509,1007.16077,1007.90027,1008.2609,1008.80023,1008.5045,1009.26996,1007.6987,1008.728,1006.7513,1007.5007,1006.223,1006.28217,1006.3241,1006.5654,1006.64856,1006.9242,1006.7992,1007.1917,1007.04926,1007.38904,1007.14246,1007.2058,1006.77997,1006.6158,1006.2214,1006.2619,1006.0526
1007.6376,1006.6131,1006.7179,1004.04724,1006.87274,1004.1756,1006.0359,1004.9851,1005.4912,1005.372,1004.31305,1005.6648,1004.90625,1007.56036,1007.1955,1007.5899,1007.3025,1006.90643,1006.1282,1006.6027,1005.42664,1007.3958,1005.2549,1007.53687,1005.68317,1006.14575,1004.3338,1003.0112,1004.343,1003.0347,1005.651,1004.6709,1006.06177,1005.95404,1006.22723,1005.8965,1005.9172,1004.7133,1004.9549,1003.5766,1003.20245,1002.84863,1002.744,1003.25726,1003.30145,1004.1727,1004.2195,1005.14746,1005.26776,1006.0833,1006.33386,1006.9225,1007.26965,1007.6939,1008.0411,1008.48865,1008.66504,1009.2754,1009.23926,1009.9052,1009.66656,1009.8617,1009.40936,1008.4089,1007.6396,1007.2386,1006.2779,1005.5012,1005.9803,1006.2168,1007.5692,1007.79034,1008.78,1008.9169,1008.55145,1009.45996,1007.53107,1009.25,1006.6655,1008.37836,1006.9356,1008.131,1008.1717,1008.742,1009.16797,1009.1404,1009.5678,1009.5489,1009.5509,1009.8347,1009.1345,1009.4142,1008.2532,1008.4816,1007.9211,1008.0155
1008.69965,1006.4449,1006.44653,1005.5666,1005.6156,1005.4785,1005.17755,1005.6199,1005.39514,1005.2631,1005.09875,1003.99475,1004.76776,1006.1948,1006.6695,1006.0483,1006.2135,1005.51483,1004.6992,1006.12286,1002.6794,1006.9596,1001.6421,1006.3531,1002.19794,1003.30817,1001.82574,1001.96344,1002.4928,1002.9783,1004.54834,1004.5113,1006.23444,1005.7169,1007.04584,1005.68695,1006.5485,1005.424,1005.3704,1003.5935,1003.96625,1003.24817,1003.8951,1004.07,1004.6745,1005.34515,1005.8673,1006.56476,1007.171,1007.6734,1008.4549,1008.6315,1009.4989,1009.4719,1010.302,1010.2335,1010.8789,1010.88007,1011.27246,1011.2855,1011.22003,1010.81287,1009.8545,1008.5778,1006.8232,1005.83746,1005.1863,1006.16797,1005.0599,1005.78644,1006.8206,1007.8254,1008.6485,1008.71454,1009.32874,1008.40594,1009.51624,1007.97363,1008.7033,1008.35815,1008.69977,1009.05457,1009.7603,1010.2461,1010.96484,1010.8776,1011.54553,1011.17865,1011.7821,1011.2956,1011.4717,1010.6454,1010.2836,1008.8809,1008.8022,1007.63715
1007.5179,1007.37976,1006.5829,1006.34375,1006.3117,1005.3933,1005.3924,1004.473,1005.1666,1004.032,1004.7348,1002.6756,1004.5417,1004.83777,1005.54535,1004.1795,1005.1666,1003.87305,1003.96136,1003.9943,1007.93146,1000.2472,999.57794,1000.0668,1001.43414,1001.0034,1001.69446,1000.6828,1001.612,1003.0921,1004.1578,1005.1976,1006.3548,1006.8117,1006.51764,1006.38617,1006.41864,1005.88904,1005.7951,1004.2614,1004.0356,1004.12714,1004.51245,1005.21375,1005.69934,1006.66473,1007.12036,1008.13574,1008.5503,1009.52795,1009.858,1010.6817,1010.91144,1011.59607,1011.7272,1012.2852,1012.2768,1012.7535,1012.53235,1012.8507,1012.1366,1011.82367,1010.0363,1007.8523,1005.55005,1006.4027,1004.0497,1005.84406,1004.46344,1005.60815,1006.32336,1007.97406,1008.28375,1009.30695,1008.7216,1009.87823,1008.8599,1009.67535,1008.97723,1009.6105,1009.6126,1010.4139,1010.6418,1011.5724,1011.74286,1012.3799,1012.418,1012.8125,1012.83136,1012.89954,1012.6221,1012.1178,1011.11584,1009.8304,1008.41266,1008.2897
1008.14655,1007.5597,1007.8537,1007.4532,1006.8503,1006.0756,1005.2202,1004.413,1003.2316,1003.49097,1001.33246,1001.5004,1002.74066,1004.0561,1004.4858,1003.292,1004.0356,1003.13837,1003.9362,1004.91693,1005.54504,997.7595,996.93976,999.75684,1001.50977,998.1545,1001.6472,1000.42175,1000.5146,1002.61505,1003.6338,1004.92175,1006.1149,1006.432,1006.8468,1006.569,1006.1531,1006.09644,1005.5666,1004.83484,1004.84045,1004.79834,1005.6499,1006.04675,1007.0993,1007.58856,1008.65686,1009.17,1010.1848,1010.64374,1011.4904,1011.83905,1012.51733,1012.7623,1013.2783,1013.39954,1013.7624,1013.7327,1013.8745,1013.55206,1013.20044,1012.0902,1010.49146,1008.3659,1006.0018,1005.41406,1005.3485,1004.982,1005.83124,1004.9038,1006.828,1007.9555,1008.8321,1008.8826,1009.6831,1009.1775,1009.94965,1009.6575,1010.0049,1010.12164,1010.7399,1011.0654,1011.8215,1012.19855,1012.8728,1013.0916,1013.6,1013.67285,1013.9852,1013.7659,1013.6242,1012.7644,1011.782,1009.74506,1008.0752,1007.96515
1007.0037,1007.59,1006.81824,1007.7846,1007.4134,1006.8392,1005.61066,1004.88824,1003.20233,1003.18005,1002.39655,1000.37866,1000.5614,1002.41046,1002.61176,1001.34753,1002.9778,1001.96405,1002.6327,998.9248,1002.63965,1003.11176,1000.5662,999.56757,998.0744,997.1208,996.3315,996.0282,999.3828,1001.75476,1004.12616,1004.9887,1005.19336,1006.3709,1006.15656,1006.35925,1006.0554,1006.16614,1005.79553,1005.6387,1005.44336,1006.0872,1006.44653,1007.42474,1007.9432,1008.9835,1009.52454,1010.537,1011.0299,1011.9178,1012.2747,1013.0026,1013.23474,1013.82513,1013.9375,1014.38544,1014.35004,1014.59235,1014.3103,1014.19714,1013.42413,1012.5345,1010.767,1008.8587,1005.17,1002.84045,1005.1447,1005.3597,1004.7992,1005.9652,1007.0947,1008.7727,1008.8544,1009.6097,1009.5131,1009.95386,1010.1154,1010.3397,1010.36194,1010.93787,1011.20935,1011.9703,1012.3187,1013.0769,1013.3449,1013.96967,1014.09,1014.53937,1014.4109,1014.4824,1013.80585,1013.16034,1011.56506,1010.09656,1008.3569,1007.19727
1006.7795,1006.19995,1006.13824,1007.2345,1007.4006,1006.8823,1006.1245,1004.99554,1004.38434,1003.80975,1002.60693,1001.67334,999.5128,999.6432,1001.9149,1000.5737,999.80286,1000.00604,998.43536,995.77374,997.371,1000.3728,997.4128,996.48615,995.4906,993.6895,994.0261,992.78406,999.8651,999.9669,1003.6393,1003.8059,1004.8433,1005.35754,1005.74414,1005.6493,1005.9889,1005.877,1006.21045,1005.77026,1006.4066,1006.70685,1007.6037,1008.07623,1009.0638,1009.581,1010.55334,1011.0229,1011.9046,1012.2655,1013.00146,1013.22894,1013.8393,1013.9585,1014.44867,1014.4338,1014.74817,1014.5236,1014.561,1013.9973,1013.54724,1012.3933,1011.0013,1008.8865,1006.32404,1004.7101,1003.2129,1004.67004,1004.70776,1006.0607,1007.8813,1008.689,1009.64703,1009.6928,1009.9693,1010.11786,1010.33026,1010.27246,1010.8432,1011.0675,1011.822,1012.1535,1012.92444,1013.2203,1013.89514,1014.06024,1014.5704,1014.5242,1014.70795,1014.191,1013.7417,1012.4724,1011.08716,1009.21265,1007.0996,1006.80585
1005.0168,1004.7256,1004.83575,1006.1359,1006.48785,1006.2836,1005.2859,1005.0587,1003.54193,1003.322,1001.84076,1001.3756,999.8927,998.1373,998.838,999.8676,997.8997,996.573,995.9259,995.7973,995.73035,996.64435,996.4617,996.9161,992.14404,993.333,994.12195,993.5609,997.88727,1000.4342,1002.6231,1003.2615,1003.6848,1004.90717,1004.5914,1005.0942,1005.14624,1005.7754,1005.68146,1006.3099,1006.61414,1007.4782,1007.8966,1008.8056,1009.258,1010.1717,1010.59344,1011.4373,1011.7827,1012.5185,1012.7425,1013.35583,1013.4752,1013.9758,1013.97784,1014.3337,1014.1619,1014.30164,1013.8763,1013.691,1012.86414,1012.1603,1010.7158,1008.93695,1007.1917,1005.5272,1004.3161,1003.58563,1004.0865,1005.35364,1007.5596,1009.103,1009.56854,1010.1003,1010.02765,1010.1765,1009.99274,1010.4785,1010.6618,1011.3756,1011.68335,1012.43317,1012.72125,1013.41077,1013.59875,1014.138,1014.133,1014.3965,1013.9973,1013.7261,1012.68805,1011.61456,1009.7892,1007.7624,1005.67206,1004.9099
1003.2154,1003.5265,1003.9796,1004.767,1005.3407,1005.1779,1004.6555,1004.0299,1003.26605,1001.36584,1000.9206,1000.24664,999.67865,998.2017,998.24536,996.879,997.06036,996.1797,996.3576,996.2604,996.8775,995.75006,996.0817,995.7193,993.4613,997.14886,996.4692,994.23553,996.1186,999.8023,1001.569,1002.1245,1003.3933,1003.54816,1004.2006,1004.2317,1004.93146,1005.1278,1005.82263,1006.11694,1006.9459,1007.3199,1008.15753,1008.53754,1009.3842,1009.7521,1010.5476,1010.8572,1011.5787,1011.7959,1012.40344,1012.51215,1013.0109,1013.018,1013.3992,1013.2696,1013.48145,1013.1614,1013.13904,1012.5408,1012.1773,1011.198,1010.33746,1008.81757,1007.3703,1006.0124,1004.9904,1002.76825,1002.8161,1004.2793,1007.3611,1008.70215,1009.387,1009.3608,1009.6186,1009.4052,1009.7615,1009.9359,1010.62585,1010.89795,1011.6192,1011.8885,1012.5654,1012.7554,1013.30585,1013.32336,1013.629,1013.3138,1013.1633,1012.2856,1011.47437,1009.831,1008.09607,1005.4965,1003.61194,1003.87646
1001.7836,1002.1939,1003.7886,1003.3873,1003.6542,1003.7449,1003.81616,1003.1914,1001.86176,1001.19684,999.90234,999.25684,998.85803,998.2921,998.0127,998.2129,998.41693,998.5628,997.94073,997.7152,997.39685,996.51764,995.5612,995.2803,996.5565,996.7702,997.1502,994.9334,996.6304,999.32886,1000.52454,1002.02734,1002.5795,1003.3268,1003.0359,1003.86206,1004.1727,1004.92163,1005.21857,1006.0009,1006.3285,1007.10974,1007.43146,1008.21875,1008.5416,1009.293,1009.5604,1010.25037,1010.45044,1011.0486,1011.15106,1011.64734,1011.6569,1012.0573,1011.96277,1012.2325,1011.98645,1012.07965,1011.6276,1011.4778,1010.76074,1010.3146,1009.2568,1008.4324,1007.06415,1006.06726,1004.6402,1003.6685,1002.9565,1003.4682,1006.701,1007.87823,1008.17004,1008.5079,1008.37036,1008.7034,1008.8031,1009.47473,1009.74023,1010.44196,1010.7149,1011.4019,1011.59576,1012.149,1012.1794,1012.5165,1012.2635,1012.22406,1011.50586,1010.9086,1009.52686,1008.358,1006.25006,1003.7326,1002.7497,1002.2378
1001.0004,1000.9775,1001.9297,1001.83417,1001.5089,1003.0235,1002.12067,1002.179,1000.7044,999.821,1000.0378,997.93365,998.2727,997.02576,997.16907,997.3299,998.6442,999.08514,999.184,998.7644,997.77026,997.047,995.6262,995.49286,996.2456,997.03894,997.0252,997.043,997.31696,999.5052,1000.5876,1001.44763,1001.9478,1001.85175,1002.6609,1002.95386,1003.70233,1003.9755,1004.71405,1005.0048,1005.7437,1006.0242,1006.7618,1007.0427,1007.7589,1007.994,1008.6499,1008.8293,1009.41547,1009.5182,1010.02136,1010.0423,1010.45886,1010.3913,1010.7034,1010.51373,1010.68097,1010.33246,1010.3152,1009.763,1009.531,1008.7527,1008.27484,1007.24695,1006.5969,1005.4923,1004.6607,1003.5613,1002.448,1003.58704,1006.0327,1006.7133,1006.88196,1007.17194,1007.3846,1007.40515,1007.9685,1008.1839,1008.8824,1009.1697,1009.89136,1010.1418,1010.73456,1010.8008,1011.1822,1010.9973,1011.0632,1010.4979,1010.10583,1009.0089,1007.9972,1005.9961,1003.92175,1002.05975,1001.48553,1000.99677
1000.37756,1000.861,1000.5617,1000.6238,1000.227,1001.05536,1000.84375,1000.5414,999.4123,999.3366,998.42206,998.1444,997.288,997.0587,996.3507,998.05035,999.399,1000.2482,1000.05896,999.8159,998.47504,996.86725,996.2531,996.32733,997.037,997.7495,997.4695,997.18134,997.8456,999.26434,999.82965,1000.56335,1000.67816,1001.42725,1001.67816,1002.3721,1002.5985,1003.2832,1003.5293,1004.2287,1004.47107,1005.16364,1005.4024,1006.0798,1006.28937,1006.9197,1007.078,1007.6519,1007.751,1008.25696,1008.28656,1008.7135,1008.6613,1008.9975,1008.8446,1009.0626,1008.779,1008.84973,1008.4032,1008.29926,1007.6786,1007.40344,1006.61896,1006.2204,1005.3893,1004.96625,1004.132,1003.69366,1002.1555,1002.4426,1005.37573,1005.3583,1005.0517,1006.03827,1005.9132,1006.3793,1006.40656,1007.0236,1007.3424,1008.1211,1008.434,1009.103,1009.2454,1009.7028,1009.6142,1009.7972,1009.3812,1009.18286,1008.3337,1007.61896,1006.14764,1004.6091,1001.7859,1001.0587,1000.4775,1000.3809
1000.4889,1000.32996,1000.5052,1000.0328,999.92065,999.75507,1000.3495,999.4632,998.99146,998.48956,998.87836,999.478,998.4979,996.7442,997.99023,999.3418,1000.77826,1000.7566,1000.7732,1000.4132,998.51105,997.4537,996.5968,996.9431,997.62683,998.19727,998.2072,998.05005,998.459,998.65265,999.4999,999.56305,1000.2902,1000.53613,1001.1619,1001.3097,1001.9158,1002.09576,1002.73926,1002.9345,1003.57654,1003.7665,1004.3972,1004.56866,1005.1663,1005.2992,1005.84937,1005.9348,1006.4299,1006.4565,1006.883,1006.83765,1007.18555,1007.054,1007.30475,1007.0678,1007.1987,1006.8296,1006.8193,1006.3097,1006.1669,1005.54266,1005.3178,1004.6672,1004.473,1003.8902,1003.65796,1003.18933,1003.143,1002.912,1002.38336,1004.1828,1003.33746,1004.6956,1005.23175,1004.6456,1005.0936,1005.2348,1006.09827,1006.5876,1007.3658,1007.59656,1008.1359,1008.1318,1008.4416,1008.18207,1008.1755,1007.5573,1007.1368,1006.049,1005.073,1003.3932,1001.1939,1000.5056,1000.2478,1000.1895
1000.3831,1000.7256,1000.3661,1000.24805,999.811,999.84735,999.68475,999.812,998.60925,999.00836,998.53265,1000.68207,998.3283,998.49194,999.9534,1000.98956,1000.9138,1001.46277,1001.0969,1000.7448,998.98785,997.37305,997.7144,997.96124,998.108,998.8051,998.9682,998.77246,998.47217,998.8809,998.80634,999.405,999.5715,1000.1918,1000.2669,1000.77026,1000.8532,1001.4124,1001.53906,1002.1128,1002.239,1002.8048,1002.9225,1003.4713,1003.5621,1004.07654,1004.1329,1004.6044,1004.61334,1005.03046,1004.98,1005.33215,1005.2144,1005.48755,1005.2828,1005.4618,1005.15717,1005.22797,1004.81537,1004.78577,1004.29144,1004.20886,1003.6996,1003.63446,1003.18134,1003.1803,1002.817,1002.87274,1002.6837,1002.8224,1002.86694,1002.78613,1001.42365,1002.6055,1003.8232,1003.5318,1003.1662,1003.6326,1004.29675,1005.42645,1005.8878,1006.59406,1006.64264,1007.02747,1006.89233,1007.0627,1006.6652,1006.51935,1005.76245,1005.2131,1004.06506,1003.09094,1001.3539,1000.663,1000.51776,1000.5256
1001.1252,1000.7935,1000.9834,1000.249,1000.0256,999.7652,999.93756,999.1045,999.4426,998.8895,999.17444,1000.1938,1000.97626,1000.3617,1001.2423,1000.98755,1001.8073,1001.6087,1001.49677,1000.97906,999.98474,998.7261,998.4224,998.53,998.92004,999.0331,999.3904,998.9097,998.7987,998.7189,998.9995,998.9365,999.4113,999.4958,999.8966,999.9021,1000.3556,1000.3907,1000.8828,1000.9297,1001.41693,1001.45715,1001.93665,1001.96747,1002.4283,1002.4378,1002.87274,1002.85,1003.24304,1003.17535,1003.51904,1003.39954,1003.68665,1003.50604,1003.72687,1003.4787,1003.62976,1003.31433,1003.40344,1003.0409,1003.0975,1002.7231,1002.7846,1002.43555,1002.5269,1002.2302,1002.38477,1002.1904,1002.43616,1002.2539,1002.31793,1002.02905,1001.6176,1001.481,1003.08374,1002.103,1001.74347,1001.74,1003.0692,1003.97833,1005.2637,1005.2534,1005.7769,1005.68866,1005.981,1005.7595,1005.8478,1005.37726,1005.1745,1004.4033,1003.9175,1002.9412,1002.148,1001.3444,1001.1042,1000.64966
1001.27686,1001.5729,1001.3717,1000.75073,999.98975,1000.16046,999.6034,999.7844,999.01935,999.5382,1000.02484,998.9749,999.9365,1000.2096,1001.48193,1002.08685,1001.78723,1001.9431,1001.4792,1001.1959,1000.5992,999.2292,999.26886,999.3807,999.2531,999.5689,999.4155,999.3827,999.1342,999.0341,998.8355,998.9844,998.9849,999.0841,999.4205,999.5927,999.5487,999.9541,999.9213,1000.3315,1000.29333,1000.6955,1000.65344,1001.05164,1001.00507,1001.3947,1001.33606,1001.70514,1001.6208,1001.95825,1001.84125,1002.1452,1001.99365,1002.26105,1002.0731,1002.3042,1002.0796,1002.2751,1002.02264,1002.1978,1001.9356,1002.1048,1001.8454,1002.0154,1001.7676,1001.9425,1001.72644,1001.92896,1001.7344,1001.9337,1001.6569,1001.6032,1001.40344,1001.3507,1001.08484,1000.95825,999.89484,998.8295,1000.1404,1002.51776,1004.1045,1004.6734,1004.6634,1005.0332,1004.9212,1005.1878,1004.9418,1005.01404,1004.53217,1004.3713,1003.6846,1003.51874,1002.9314,1002.40753,1001.44403,1001.5783
1002.28046,1002.17834,1001.9493,1001.13995,1000.83405,999.6835,1000.30664,999.78973,999.3517,999.51263,1000.0476,1000.39246,1001.0872,1002.1103,1002.47076,1001.88934,1002.0662,1001.72217,1001.7018,1001.17444,1001.043,1000.27795,1000.2072,999.77344,999.8532,999.53625,999.82825,998.93005,999.3825,998.8256,999.19727,998.52246,998.86346,998.7824,999.0079,999.0804,999.3344,999.2345,999.593,999.49695,999.84045,999.7375,1000.0818,999.9844,1000.33276,1000.2409,1000.5907,1000.4925,1000.8298,1000.7169,1001.0385,1000.9097,1001.213,1001.0675,1001.35144,1001.18976,1001.4569,1001.2799,1001.5331,1001.3478,1001.5935,1001.4049,1001.64386,1001.45386,1001.679,1001.4785,1001.6839,1001.4752,1001.6463,1001.39105,1001.5121,1001.2193,1001.25604,1000.93414,1000.57825,999.9304,999.2825,999.66034,998.6376,1001.20776,1002.9047,1003.9134,1004.12756,1004.1246,1004.48303,1004.3532,1004.63367,1004.36896,1004.452,1004.02386,1003.9965,1003.52106,1003.68665,1002.967,1002.57007,1002.08246
1002.97125,1002.87305,1002.5995,1001.4917,1000.6939,1000.58105,1000.2149,1000.21716,999.88904,999.4323,1001.1669,1000.94855,1001.3786,1002.48804,1002.3206,1002.19403,1001.82587,1001.8658,1001.45996,1001.4534,1000.9752,1000.89386,1000.3592,1000.29504,999.8587,999.9797,999.4579,999.5359,998.8503,999.2768,998.61847,998.65594,998.6611,998.96405,998.94305,998.9752,998.80457,999.1309,998.99414,999.33124,999.1899,999.4962,999.3625,999.6761,999.5607,999.8924,999.7913,1000.1317,1000.03143,1000.3697,1000.2669,1000.6017,1000.49615,1000.82477,1000.71094,1001.0269,1000.9015,1001.2027,1001.0631,1001.3506,1001.2009,1001.47437,1001.3149,1001.5704,1001.3903,1001.61035,1001.3997,1001.5855,1001.34515,1001.4834,1001.1976,1001.287,1000.9513,1000.92175,1000.262,1000.37585,999.2617,998.36755,999.6666,999.0721,1001.7697,1002.9716,1003.3248,1003.8823,1003.7987,1004.2414,1004.2035,1004.4382,1004.2003,1004.2803,1003.96747,1004.0639,1003.79614,1003.747,1003.2312,1003.1433
1003.4251,1003.12415,1003.03754,1001.9442,1001.0505,1000.69403,1000.6826,1000.1542,1000.5068,1000.3199,999.5735,1001.57965,1002.06586,1002.42303,1002.48145,1001.9875,1001.95746,1001.60077,1001.65247,1001.2587,1001.2559,1000.7885,1000.7334,1000.2406,1000.2209,999.7802,999.98,999.0024,999.4562,998.9638,998.9795,998.3346,999.0148,998.62573,998.937,998.59875,998.8683,998.7018,999.0168,998.9196,999.2234,999.0748,999.3806,999.25574,999.5821,999.4826,999.8279,999.7423,1000.0939,1000.0079,1000.35474,1000.2629,1000.6037,1000.50726,1000.83954,1000.73535,1001.0611,1000.95264,1001.273,1001.162,1001.4745,1001.353,1001.6486,1001.5076,1001.76953,1001.5903,1001.8008,1001.56366,1001.7051,1001.4031,1001.47534,1001.13007,1001.14105,1000.62,1000.8931,1000.1442,998.8614,998.3346,997.5341,999.648,999.203,1001.3599,1002.3287,1003.2032,1003.7634,1003.8748,1004.40826,1004.3296,1004.6024,1004.2537,1004.4325,1004.1437,1004.25836,1004.01044,1003.921,1003.5244
1003.49286,1003.3782,1003.138,1002.138,1001.4409,1001.0638,1000.3946,1000.81714,999.9413,1000.4521,1000.9703,1002.4758,1002.6175,1002.75336,1002.2838,1002.2248,1001.8162,1001.84937,1001.46686,1001.4934,1001.0676,1001.0445,1000.5625,1000.51074,1000.0485,1000.067,999.66437,999.50195,999.15405,999.24805,998.7434,998.8182,998.64233,999.12573,998.5027,998.82196,998.5724,998.6755,998.8499,998.997,999.0434,999.2727,999.1441,999.4583,999.3497,999.68524,999.59094,999.93726,999.84784,1000.1914,1000.0954,1000.4322,1000.3332,1000.6695,1000.56964,1000.90216,1000.80304,1001.1385,1001.0438,1001.3815,1001.28766,1001.6189,1001.5169,1001.8293,1001.70123,1001.97614,1001.8024,1002.0138,1001.7641,1001.8803,1001.5272,1001.5238,1001.0639,1001.1162,1000.5199,998.6501,998.29333,998.07996,997.7489,997.6061,998.87177,1000.34076,1001.3179,1003.05475,1003.1192,1004.01514,1004.1918,1004.71857,1004.6528,1004.81793,1004.5924,1004.74536,1004.4554,1004.5227,1004.11816,1004.0134
1003.9515,1003.4265,1003.09796,1002.2917,1001.3735,1000.5648,1000.83734,1000.2609,1001.0325,1000.8042,1001.72614,1003.4261,1003.08966,1002.68555,1002.6045,1002.1442,1002.1533,1001.7618,1001.78613,1001.37695,1001.3622,1000.893,1000.82574,1000.3307,1000.28516,999.8737,999.8746,999.39685,999.37836,999.0954,999.0955,998.61176,997.48975,998.56934,999.0472,998.5769,998.5007,998.72437,998.6634,999.2975,999.0785,999.1338,999.323,999.1956,999.5114,999.40405,999.74,999.64343,999.9845,999.88574,1000.22235,1000.11847,1000.4545,1000.3539,1000.6929,1000.59607,1000.94073,1000.8545,1001.209,1001.13336,1001.49304,1001.417,1001.7696,1001.6799,1002.007,1001.8826,1002.1628,1001.9817,1002.18896,1001.9138,1001.989,1001.55835,1001.51685,1000.8349,1000.8351,998.0728,998.5624,997.63403,997.71765,997.82623,998.7331,999.4339,1000.8499,1001.5182,1002.5844,1003.35333,1004.5756,1004.7224,1005.14905,1004.9499,1005.1846,1004.9259,1005.0715,1004.71094,1004.68964,1004.122
1004.0352,1003.7386,1003.2272,1003.1717,1001.1613,1000.7249,1000.18756,1000.5752,1000.6396,1001.4532,1002.99316,1003.75867,1003.28625,1003.1085,1002.62787,1002.5866,1002.18726,1002.199,1001.7906,1001.7912,1001.3393,1001.27277,1000.7525,1000.6539,1000.1502,1000.1289,999.79034,999.7779,999.4079,999.4647,998.9324,999.3087,998.8199,999.18335,998.62964,998.88715,998.80383,998.0879,997.8065,999.0397,999.61804,999.2117,999.1683,999.4146,999.2617,999.5754,999.45435,999.78644,999.6739,1000.008,999.89435,1000.2286,1000.119,1000.46136,1000.36346,1000.7193,1000.64136,1001.019,1000.9656,1001.36304,1001.32434,1001.7273,1001.6856,1002.0754,1002.00836,1002.3558,1002.2334,1002.5116,1002.30634,1002.4766,1002.1222,1002.10583,1001.49036,1001.2549,1000.43414,998.6621,997.9835,998.09863,997.74536,998.2537,998.6931,999.8092,1000.5152,1001.72894,1001.1458,1003.3979,1003.6083,1005.8829,1005.3376,1005.6287,1005.4359,1005.60547,1005.3106,1005.34546,1004.8687,1004.69794
1004.691,1003.8818,1003.4878,1003.02405,1000.8287,1000.2506,1000.61926,1000.2604,1000.9958,1002.9066,1003.0402,1004.1751,1003.83606,1003.4107,1003.28217,1002.80646,1002.8292,1002.42664,1002.4414,1002.0219,1001.98676,1001.48474,1001.36584,1000.8065,1000.68555,1000.1879,1000.18164,999.763,999.75977,999.322,999.4189,998.99756,999.2575,998.8575,999.1273,998.89514,998.8193,998.9426,998.08435,998.60754,999.4196,999.5487,999.5027,999.34863,999.6222,999.4663,999.77576,999.64374,999.9663,999.83875,1000.16364,1000.0392,1000.3724,1000.2644,1000.6199,1000.53973,1000.9283,1000.8892,1001.3173,1001.3156,1001.7693,1001.7804,1002.2314,1002.22797,1002.64954,1002.5966,1002.94977,1002.8117,1003.06573,1002.8,1002.88367,1002.38885,1002.2311,1001.4948,1000.8151,998.58954,998.8436,998.1279,998.348,998.47577,999.1392,999.90656,1001.0944,1001.0712,1002.5833,1002.3999,1005.5695,1006.10675,1006.4262,1006.0861,1006.342,1006.0872,1006.179,1005.7602,1005.6555,1005.0124
1005.09235,1004.56146,1003.5769,1003.2451,1000.20746,1000.54584,1000.15576,1001.2058,1002.3293,1002.60864,1004.0961,1004.5216,1004.2182,1004.35583,1003.7013,1003.72754,1003.3239,1003.3672,1002.9903,1003.00616,1002.5604,1002.481,1001.9303,1001.7699,1001.1795,1001.0363,1000.504,1000.4135,999.8963,999.83856,999.4141,999.5025,999.2233,999.427,999.2512,999.46967,999.26685,999.37335,999.7232,999.79193,1000.18317,999.86536,999.6976,999.87415,999.672,999.94696,999.7925,1000.10175,999.9624,1000.2803,1000.1452,1000.4693,1000.3459,1000.69006,1000.59863,1000.9806,1000.93414,1001.37006,1001.38477,1001.8763,1001.9357,1002.45404,1002.51935,1003.0242,1003.05817,1003.50714,1003.45734,1003.8011,1003.61957,1003.80676,1003.4251,1003.37036,1002.69214,1002.2925,1001.5645,1000.34894,999.1469,998.7258,998.8156,999.27386,999.4163,1000.4638,1000.77234,1001.917,1002.28076,1005.0012,1005.7269,1007.3814,1006.9583,1007.21686,1007.0093,1007.1749,1006.8152,1006.7806,1006.2049,1005.922
1006.1023,1005.0227,1004.1923,1003.1828,1000.51794,1000.3307,1000.7607,1001.4906,1002.81433,1003.70825,1004.2127,1004.8669,1005.02765,1004.5646,1005.11804,1004.341,1004.5046,1004.15656,1004.2468,1003.8815,1003.8859,1003.407,1003.28925,1002.7042,1002.50574,1001.8709,1001.6528,1001.0068,1000.78937,1000.1814,1000.0692,999.65515,999.73676,999.60547,999.80664,999.57263,999.93646,1000.2922,1000.5134,1000.72217,1000.70605,1000.4825,1000.5382,1000.2499,1000.4387,1000.2261,1000.49554,1000.3349,1000.63336,1000.4849,1000.7937,1000.6545,1000.9766,1000.86346,1001.2266,1001.1603,1001.57544,1001.5728,1002.0589,1002.12616,1002.6722,1002.7825,1003.3541,1003.46796,1004.0183,1004.07733,1004.54193,1004.4808,1004.8009,1004.55304,1004.65405,1004.1485,1003.9596,1003.12305,1002.4478,1001.1712,999.2673,1001.6401,998.9517,999.1878,1000.7063,1000.6204,1001.63794,1002.18134,1004.0732,1005.5978,1008.0802,1007.6912,1008.1225,1007.96765,1008.2149,1007.96625,1008.0307,1007.5634,1007.3737,1006.6187
1006.96265,1006.10583,1004.67896,1003.84546,1000.1907,1000.6868,1000.7842,1002.4044,1002.82007,1004.44476,1004.9245,1005.35333,1004.66907,1005.4357,1005.8603,1005.7178,1005.43005,1005.5778,1005.30756,1005.41504,1005.0512,1005.0397,1004.5396,1004.3983,1003.77344,1003.5106,1002.76855,1002.39795,1001.57654,1001.1814,1000.434,1000.2287,999.83514,999.84906,999.6644,1000.35144,1000.12335,1001.2375,1001.0489,1002.0073,1001.5907,1001.6703,1001.3068,1001.4272,1001.1295,1001.321,1001.1108,1001.3734,1001.2045,1001.49164,1001.3361,1001.6345,1001.48694,1001.8026,1001.6914,1002.0568,1001.99695,1002.4283,1002.4506,1002.96716,1003.0613,1003.63837,1003.7802,1004.39276,1004.5428,1005.13,1005.2062,1005.68304,1005.6061,1005.89825,1005.57764,1005.59717,1004.94965,1004.62164,1003.60144,1002.8112,1000.0517,999.39935,1000.3008,999.8869,1000.0249,1001.33734,1001.54834,1003.8545,1003.9878,1006.46204,1008.4878,1008.73553,1008.78723,1009.18365,1009.0539,1009.2821,1008.95966,1008.93964,1008.33435,1007.9697
1008.47766,1007.11206,1005.7789,1003.95514,1000.3697,1000.4292,1001.4445,1002.3152,1004.3573,1005.1799,1005.2992,1005.4338,1004.9524,1006.2797,1007.1769,1006.6854,1006.92175,1006.70734,1006.9317,1006.67633,1006.7931,1006.4234,1006.40344,1005.8849,1005.7054,1005.00446,1004.6199,1003.6995,1003.09863,1002.0059,1001.3304,1000.4203,1000.14453,999.6706,1000.54584,1000.4421,1001.5434,1001.2628,1002.3917,1002.84937,1003.22925,1002.6735,1002.7944,1002.4627,1002.5815,1002.30585,1002.50934,1002.3003,1002.5551,1002.3763,1002.6521,1002.48804,1002.77277,1002.6122,1002.9186,1002.7941,1003.1454,1003.07733,1003.5118,1003.5399,1004.0638,1004.1606,1004.75305,1004.9141,1005.55896,1005.73334,1006.3463,1006.4328,1006.91864,1006.81506,1007.06366,1006.6468,1006.55536,1005.72,1005.1624,1004.1315,1003.8941,999.75616,999.6406,999.607,1000.66833,1000.7158,1002.83795,1003.23645,1005.54803,1007.1617,1009.2456,1009.1222,1009.87506,1009.90515,1010.29803,1010.1783,1010.36273,1009.9834,1009.8541,1009.09406
1009.7323,1008.7742,1006.8639,1004.87897,1000.4427,1001.11536,1001.6013,1003.1323,1004.9185,1006.1323,1006.1289,1006.0966,1005.8725,1006.9262,1007.7601,1008.07794,1008.0654,1008.3151,1008.1823,1008.4149,1008.1614,1008.27386,1007.88965,1007.85077,1007.2897,1007.0349,1006.2082,1005.6335,1004.4345,1003.4455,1001.9744,1000.96625,1000.0442,1000.66406,1000.86194,1001.9809,1001.95715,1002.9245,1002.65765,1004.10144,1004.1849,1004.29285,1003.94794,1004.0782,1003.75604,1003.91046,1003.66,1003.87445,1003.6648,1003.91364,1003.73035,1004.00433,1003.8337,1004.10815,1003.9375,1004.22766,1004.0815,1004.4134,1004.3313,1004.75757,1004.7706,1005.28406,1005.37665,1005.9795,1006.1519,1006.81335,1006.99176,1007.61414,1007.69476,1008.1669,1008.0099,1008.18506,1007.6458,1007.38824,1006.34546,1005.37195,1004.0832,1003.3083,998.8813,999.24927,1000.35333,1001.5975,1002.2345,1004.07434,1004.84894,1007.1099,1008.97437,1010.1373,1010.31415,1010.9261,1010.96967,1011.3746,1011.2328,1011.3849,1010.93274,1010.6889
1011.34436,1010.1316,1008.70135,1006.35925,1001.92725,1001.9139,1002.1856,1004.1014,1005.7325,1006.98975,1007.2916,1006.7814,1007.4629,1008.1486,1008.8898,1009.0787,1009.5913,1009.473,1009.81683,1009.67334,1009.89075,1009.61926,1009.7119,1009.29333,1009.2068,1008.5668,1008.1955,1007.18024,1006.3078,1004.69824,1003.2121,1001.32043,1001.70764,1001.53485,1002.3419,1002.9015,1004.0056,1003.2161,1004.05817,1004.5852,1005.5306,1005.3854,1005.4456,1005.2166,1005.35693,1005.0695,1005.2614,1005.02734,1005.2512,1005.0414,1005.2916,1005.10834,1005.37933,1005.19855,1005.46796,1005.2845,1005.5627,1005.39954,1005.71735,1005.6212,1006.03436,1006.02716,1006.52734,1006.61005,1007.2144,1007.3831,1008.04364,1008.21246,1008.82855,1008.8825,1009.3061,1009.0623,1009.1123,1008.4097,1007.91547,1006.508,1005.0702,1003.2456,1001.21045,1000.08765,1001.09094,1002.15875,1003.0523,1004.22076,1005.95575,1007.0435,1009.60535,1010.10406,1011.1211,1011.3332,1011.88745,1011.9396,1012.3318,1012.1662,1012.2658,1011.7313
1012.309,1011.73193,1010.20264,1008.3214,1004.76874,1002.1804,1002.43976,1004.0368,1005.9903,1007.90216,1007.95966,1008.1756,1007.78046,1009.29974,1009.59656,1010.36755,1010.5666,1010.9334,1010.8723,1011.1924,1011.0107,1011.1949,1010.88104,1010.9251,1010.4435,1010.2786,1009.52344,1008.9844,1007.6963,1006.442,1004.3537,1002.78436,1003.00824,1003.39874,1003.79364,1004.53436,1004.49976,1004.6661,1004.5187,1005.51935,1005.9337,1006.4385,1006.30804,1006.56433,1006.32587,1006.4985,1006.2352,1006.44446,1006.2225,1006.46063,1006.2614,1006.51953,1006.3335,1006.5993,1006.41284,1006.6772,1006.4852,1006.7541,1006.57605,1006.8927,1006.78864,1007.1911,1007.1627,1007.6519,1007.7209,1008.3207,1008.4794,1009.13654,1009.2921,1009.888,1009.8951,1010.2325,1009.8628,1009.7024,1008.7232,1007.69574,1005.8402,1004.87616,999.2499,1002.6809,1002.1356,1002.83746,1004.0009,1005.58954,1006.22675,1008.2044,1009.20374,1010.74976,1011.2817,1012.0107,1012.1825,1012.722,1012.7535,1013.12146,1012.9102,1012.949
1013.319,1012.5631,1011.7278,1009.8485,1007.58575,1002.9052,1003.4851,1004.5238,1006.0896,1008.4213,1009.0026,1009.16907,1009.441,1009.7985,1010.52594,1010.9716,1011.62866,1011.6356,1012.0182,1011.9196,1012.18896,1011.9513,1012.0815,1011.70917,1011.691,1011.1328,1010.86456,1009.96765,1009.2032,1007.62964,1006.04047,1004.1989,1004.6089,1005.0038,1005.3125,1005.85333,1005.7617,1005.39386,1005.569,1005.7638,1006.4172,1006.75995,1007.0444,1007.0199,1007.3232,1007.11414,1007.2995,1007.0434,1007.2676,1007.06824,1007.3369,1007.15375,1007.4186,1007.2299,1007.4976,1007.30646,1007.56854,1007.3695,1007.63837,1007.46246,1007.7836,1007.66815,1008.06555,1008.0246,1008.50604,1008.5679,1009.1713,1009.3278,1009.97754,1010.1145,1010.67145,1010.60547,1010.8263,1010.2735,1009.7962,1008.21826,1006.6641,1005.5361,1001.6569,1003.86786,1003.8673,1003.62555,1005.1935,1005.8251,1007.48444,1008.2113,1009.8492,1010.6918,1011.7001,1012.0244,1012.6633,1012.78534,1013.2889,1013.2821,1013.60583,1013.3432
1013.30035,1013.2355,1012.3834,1011.20685,1008.8514,1005.1712,1004.30444,1005.8909,1005.9816,1009.0954,1009.549,1010.0363,1009.9972,1010.45685,1010.6558,1011.4799,1011.6662,1012.14764,1012.09906,1012.4234,1012.2482,1012.4442,1012.1416,1012.21967,1011.79584,1011.7324,1011.1113,1010.77094,1009.7245,1008.80536,1007.06573,1005.91376,1005.86835,1006.37,1006.5817,1006.79614,1006.48676,1006.56506,1006.3026,1006.0302,1006.7503,1006.9617,1006.87067,1007.3106,1007.25903,1007.5992,1007.3773,1007.549,1007.29724,1007.5475,1007.401,1007.7082,1007.54,1007.81976,1007.643,1007.91864,1007.72144,1007.98535,1007.7885,1008.0739,1007.9052,1008.23456,1008.12006,1008.52203,1008.4782,1008.9696,1009.0412,1009.6592,1009.8124,1010.4502,1010.5572,1011.0483,1010.8841,1010.9365,1010.0985,1009.0724,1007.13367,1004.43787,1003.9501,1004.5495,1004.2428,1005.418,1005.7693,1007.27454,1007.79535,1008.9222,1009.76245,1010.91583,1011.4124,1012.1524,1012.32965,1012.8802,1012.93475,1013.3824,1013.3173,1013.6006
1012.9744,1012.6622,1012.6,1011.65875,1010.58405,1008.3403,1006.99536,1006.91895,1009.0673,1009.2394,1009.58704,1009.8927,1010.2682,1010.21936,1010.6769,1010.8645,1011.4123,1011.4047,1011.74835,1011.58026,1011.7969,1011.5193,1011.6402,1011.28125,1011.32336,1010.88605,1010.8187,1010.20776,1009.8283,1008.78656,1007.8022,1006.71027,1006.8561,1006.87823,1007.5852,1007.33344,1007.17163,1006.9226,1006.4452,1006.39886,1006.78796,1006.4223,1006.63605,1006.5645,1007.0378,1007.02795,1007.25476,1007.00073,1007.1172,1006.8904,1007.2135,1007.11383,1007.4454,1007.29926,1007.60443,1007.44196,1007.72217,1007.5317,1007.8121,1007.6325,1007.9438,1007.7903,1008.1437,1008.0503,1008.4718,1008.4451,1008.9615,1009.0593,1009.6879,1009.83575,1010.4537,1010.5093,1010.9211,1010.6211,1010.45245,1009.1451,1007.75854,1005.39075,1004.3351,1004.64575,1005.3014,1005.98303,1006.93616,1007.64856,1008.5275,1008.94977,1009.93585,1010.42755,1011.21594,1011.4134,1011.9655,1012.0135,1012.4655,1012.4349,1012.8179,1012.7085
1011.3552,1011.6309,1011.34235,1011.32794,1010.5872,1010.2399,1009.7232,1009.93097,1009.0182,1008.9556,1008.95886,1009.4869,1009.4596,1009.80304,1009.67755,1010.07996,1010.0014,1010.3076,1010.0852,1010.24927,1009.92456,1010.0092,1009.63446,1009.6875,1009.28754,1009.32904,1008.9099,1008.9032,1008.35,1008.08606,1007.1907,1006.9572,1006.6683,1006.90344,1006.7778,1007.0632,1006.82434,1006.97687,1006.1879,1005.9412,1006.1745,1005.84247,1005.46136,1005.7634,1005.8287,1006.3173,1006.10785,1006.1376,1005.87036,1005.97626,1005.8839,1006.2601,1006.1895,1006.53217,1006.4114,1006.7233,1006.5749,1006.8612,1006.69904,1006.9961,1006.8521,1007.1845,1007.0741,1007.4638,1007.41675,1007.86755,1007.8892,1008.43695,1008.56866,1009.1878,1009.33716,1009.9049,1009.92694,1010.2127,1009.8176,1009.258,1008.03094,1005.65234,1005.37787,1004.7517,1005.4848,1006.83093,1007.3997,1008.2392,1008.5026,1009.1429,1009.4066,1010.06067,1010.1742,1010.63904,1010.6073,1010.99286,1010.90796,1011.2518,1011.14276,1011.4816
1009.33734,1009.2266,1009.55286,1009.374,1009.5327,1009.04785,1008.9504,1008.52106,1008.4533,1008.0556,1008.13794,1008.0113,1008.3809,1008.2234,1008.45825,1008.20905,1008.3815,1008.0359,1008.092,1007.6447,1007.6206,1007.13837,1007.1092,1006.6714,1006.67694,1006.2868,1006.33246,1005.9909,1006.04785,1005.66815,1005.54865,1005.0795,1005.19214,1005.02686,1005.4468,1005.3366,1005.711,1005.46124,1005.5219,1005.3008,1004.82,1004.6151,1004.2615,1004.10126,1004.6131,1004.6069,1004.9482,1004.5986,1004.49146,1004.1275,1004.413,1004.37305,1004.73535,1004.6956,1005.00543,1004.9183,1005.19574,1005.0831,1005.35547,1005.24066,1005.54034,1005.45264,1005.8034,1005.77454,1006.19073,1006.2282,1006.691,1006.7978,1007.3483,1007.5327,1008.12177,1008.2761,1008.7994,1008.7563,1008.989,1008.29315,1007.7922,1006.26404,1004.8125,1004.7969,1005.768,1006.51245,1007.5106,1007.8215,1008.35864,1008.4239,1008.84607,1008.8137,1009.0975,1008.9114,1009.10693,1008.8915,1009.11176,1008.90967,1009.16504,1009.0114
1006.09784,1006.47,1006.3904,1006.8163,1006.75433,1007.1156,1006.93097,1007.1687,1006.8104,1006.89575,1006.5242,1006.7632,1006.52545,1006.7261,1006.33264,1006.3689,1005.8318,1005.7302,1005.10034,1004.91504,1004.24585,1004.03937,1003.4297,1003.32874,1002.84,1002.84576,1002.44196,1002.5693,1002.2616,1002.5103,1002.2147,1002.4856,1002.2221,1002.68677,1002.58624,1003.1759,1003.03827,1003.60803,1003.58484,1003.29474,1003.1685,1002.7362,1002.21936,1002.6134,1002.37787,1002.9114,1002.5746,1003.54895,1002.0868,1002.49274,1002.06934,1002.4962,1002.3161,1002.8128,1002.58093,1003.03827,1002.769,1003.19977,1002.9272,1003.3735,1003.12573,1003.6097,1003.41833,1003.9633,1003.8578,1004.4646,1004.41406,1005.06287,1005.08734,1005.8014,1005.8673,1006.5606,1006.60974,1007.16266,1007.0985,1007.2242,1006.9558,1006.16693,1005.04926,1004.53687,1004.86536,1006.0707,1006.3907,1007.1089,1007.0278,1007.37665,1007.12006,1007.327,1006.9372,1007.007,1006.5339,1006.6039,1006.20074,1006.3517,1006.0325,1006.28406
1002.72516,1002.5879,1002.99133,1002.97046,1003.4769,1003.4943,1003.977,1003.9132,1004.3216,1004.12335,1004.46375,1004.2102,1004.4517,1004.088,1004.0595,1003.5342,1003.2272,1002.5561,1002.1342,1001.36536,1000.9456,1000.067,999.791,999.009,998.9519,998.3341,998.421,998.0336,998.2272,998.08875,998.3703,998.3947,998.72,998.90894,999.32104,999.6603,1000.00006,1000.3901,1000.5007,1001.61896,999.9582,1000.6329,1000.1417,1000.31024,1000.5341,1000.0299,1000.74524,1000.2966,1000.8221,999.93823,1000.17523,999.8204,1000.2006,1000.0304,1000.3212,1000.2233,1000.42365,1000.35815,1000.55646,1000.5003,1000.78265,1000.7227,1001.10126,1001.0799,1001.5624,1001.62286,1002.1656,1002.2761,1002.8631,1003.0224,1003.64044,1003.7939,1004.4131,1004.502,1005.043,1005.01874,1005.3576,1004.9054,1004.0652,1003.2542,1003.9255,1004.27716,1005.0427,1005.08124,1005.44214,1005.0369,1005.1862,1004.6306,1004.6002,1004.0028,1003.8156,1003.2934,1003.15753,1002.7763,1002.7849,1002.50824
998.4852,998.69965,998.64044,999.0628,999.0955,999.67535,999.7017,1000.2775,1000.2542,1000.7156,1000.64264,1000.92834,1000.722,1000.7796,1000.2985,1000.15344,999.3517,999.0586,998.1022,997.7344,996.7504,996.2272,995.36536,994.9114,994.29865,994.0583,993.6263,993.7158,993.4045,993.81824,993.64264,994.2539,994.2592,994.9416,995.1937,995.8563,996.24066,996.7969,997.2744,997.7017,997.7889,997.97076,997.3062,998.1342,997.2362,999.2792,996.8262,998.5041,997.7308,998.06836,997.59656,997.6169,997.52484,997.5318,997.4438,997.6039,997.3507,997.7199,997.3787,997.8435,997.5989,998.0135,997.9351,998.338,998.4027,998.90216,999.0038,999.6095,999.69995,1000.36273,1000.46796,1001.1214,1001.2476,1001.9096,1001.9546,1002.75433,1002.71216,1003.3347,1001.47644,1001.75604,1001.5196,1002.4487,1002.45715,1002.7752,1002.67,1002.4636,1002.08435,1001.804,1001.12585,1000.9317,1000.0689,999.9446,999.20825,999.1618,998.6761,998.71906
994.39545,994.23553,994.48505,994.4346,994.9596,994.9602,995.56976,995.6337,996.1416,996.19977,996.60675,996.4761,996.75653,996.34503,996.3576,995.7121,995.4052,994.603,994.1549,993.2831,992.791,991.7937,991.312,990.4015,990.1125,989.41925,989.38727,988.99207,989.17694,989.0928,989.4554,989.5827,990.1935,990.4135,991.30457,991.5656,992.5065,992.8523,993.54175,993.92786,994.46747,994.4357,994.8775,994.6061,995.2325,994.9962,995.47577,995.218,995.37305,995.2582,995.2549,994.84546,995.0551,994.57733,994.8072,994.4794,994.611,994.46094,994.6234,994.48724,994.8315,994.6299,995.09686,994.9817,995.4828,995.5556,996.0497,996.21405,996.7718,996.88477,997.57007,997.58484,998.321,998.43695,998.901,999.5807,999.61615,1001.25934,998.18964,999.2365,998.89996,999.43866,999.80817,999.39874,999.83905,998.97754,998.86554,998.1817,997.6368,997.0107,996.5255,995.72473,995.5707,994.7934,994.79785,994.3333
990.0568,990.2203,990.06305,990.3558,990.3538,990.87164,990.88403,991.4699,991.5063,992.00604,991.99005,992.34485,992.1285,992.26776,991.773,991.6418,990.9001,990.564,989.72217,989.3227,988.43274,987.951,987.01263,986.6031,985.8005,985.5763,985.0537,985.1,984.84515,985.2031,985.1324,985.7275,985.91895,986.64996,987.1175,987.98285,988.4707,989.4572,989.8137,990.6917,990.9555,991.5075,991.627,992.0013,991.9312,992.4206,992.3456,992.6761,992.57245,992.68616,992.3407,992.4489,991.9856,992.1056,991.7239,991.80005,991.5282,991.6959,991.4228,991.7411,991.5135,991.867,991.7563,992.1289,992.1231,992.61804,992.63446,993.22833,993.2697,993.8763,993.9851,994.538,994.7168,995.2495,995.304,996.3124,995.9576,998.1635,995.717,996.858,995.87036,996.52606,996.37683,996.30334,996.1317,995.8061,994.9638,994.7783,993.7099,993.35535,992.53723,992.03406,991.3724,991.12836,990.46204,990.52716
986.6337,986.24695,986.4542,986.28436,986.658,986.64386,987.15045,987.1794,987.70966,987.7235,988.1735,988.0576,988.3276,987.99677,988.0275,987.4566,987.25476,986.508,986.20624,985.41925,985.0682,984.197,983.78,982.9258,982.60406,981.93274,981.852,981.4334,981.6387,981.4987,981.92816,982.0318,982.70685,983.01514,983.93195,984.41504,985.4079,985.9802,986.92725,987.3712,988.2087,988.41534,989.0431,989.1038,989.58124,989.5782,990.0293,989.9334,990.2119,989.9273,990.0127,989.60815,989.66364,989.22766,989.30817,988.9223,989.0427,988.7475,988.94824,988.6987,988.9904,988.79816,989.16,989.02704,989.4516,989.41925,989.9021,989.9299,990.46826,990.4773,991.06305,991.1078,991.6669,991.6824,992.2551,992.34625,992.89746,993.5339,993.2989,993.1617,993.073,992.9403,993.1872,992.7721,992.8403,992.12823,991.72516,990.9351,990.4658,989.538,989.179,988.29364,987.9796,987.3062,987.12195,986.5924
983.36005,983.4286,983.1186,983.37036,983.2344,983.6547,983.63336,984.1289,984.1416,984.62415,984.5724,984.93665,984.73364,984.92444,984.52747,984.50903,983.91675,983.739,983.0745,982.8513,982.1122,981.78546,980.9489,980.5955,979.8507,979.6695,979.1302,979.1846,978.89795,979.2024,979.15204,979.7018,979.8982,980.67456,981.0931,982.05505,982.5999,983.63434,984.1599,985.09753,985.48663,986.23846,986.4275,987.0183,987.059,987.5422,987.5162,987.8831,987.6995,987.86316,987.4856,987.5466,987.10815,987.1556,986.7456,986.83563,986.4876,986.6465,986.35974,986.58246,986.34766,986.6407,986.4658,986.8037,986.7013,987.1011,987.05664,987.5229,987.5078,987.95435,987.989,988.4545,988.4656,988.9287,988.92316,989.34265,989.33716,989.80804,989.7206,989.9742,989.74133,990.0713,989.82104,989.9297,989.4324,989.20874,988.3919,988.02765,987.1465,986.74615,985.90936,985.54645,984.7735,984.5499,983.90906,983.8365
981.3634,980.9638,981.12506,980.9007,981.2193,981.11475,981.54315,981.5113,981.978,981.9499,982.3787,982.27026,982.5933,982.36145,982.52795,982.12476,982.13727,981.5996,981.4942,980.86475,980.6479,979.90405,979.5972,978.8403,978.61615,978.00977,977.96576,977.5595,977.72906,977.53656,977.92523,977.96063,978.58734,978.8513,979.68677,980.1417,981.11066,981.62366,982.5866,983.0329,983.8796,984.15857,984.8269,984.94366,985.46857,985.46063,985.88336,985.76605,986.01434,985.70917,985.8037,985.3956,985.45233,985.02454,985.1131,984.75073,984.8879,984.5648,984.76215,984.4841,984.73065,984.49365,984.79175,984.60034,984.9518,984.81757,985.22046,985.1214,985.55554,985.4545,985.9028,985.80865,986.2613,986.1536,986.58026,986.4699,986.8223,986.7256,987.1099,986.99347,987.44006,987.2797,987.47504,987.07214,987.0051,986.3287,986.0445,985.2443,984.90735,984.10144,983.7775,982.99133,982.7218,982.0462,981.90137,981.35266
979.74817,979.86523,979.5783,979.8407,979.6744,980.0341,979.94855,980.37726,980.3363,980.7931,980.75433,981.1812,981.08795,981.4395,981.2238,981.4149,981.05585,981.04645,980.4856,980.3442,979.68756,979.48846,978.8114,978.6251,978.0121,977.9439,977.46747,977.5414,977.2245,977.473,977.3429,977.7951,977.8919,978.54614,978.8214,979.64996,980.04834,980.9392,981.35693,982.2099,982.51904,983.2246,983.3786,983.9362,983.9432,984.3723,984.28107,984.58826,984.3376,984.4856,984.11926,984.20996,983.81805,983.91125,983.5497,983.69336,983.3703,983.5403,983.24786,983.46045,983.19586,983.4411,983.21545,983.50146,983.31573,983.64764,983.49835,983.84766,983.7202,984.08765,983.9587,984.3251,984.2007,984.5751,984.437,984.8146,984.6566,985.0349,984.91785,985.33563,985.2579,985.51715,985.17303,985.203,984.6437,984.4872,983.7997,983.5512,982.8154,982.5525,981.80536,981.5585,980.89124,980.75305,980.19037,980.1739
979.39075,979.08514,979.31714,979.1282,979.46735,979.3689,979.78644,979.74005,980.2072,980.2044,980.7004,980.69037,981.1628,981.12616,981.4599,981.2341,981.4203,980.9038,980.8232,980.2614,980.1547,979.57513,979.4993,978.982,978.9351,978.4733,978.5352,978.14453,978.28107,978.01855,978.31647,978.2351,978.74194,978.79675,979.40967,979.6148,980.3351,980.62164,981.3932,981.6452,982.3321,982.4796,983.0412,983.0559,983.48193,983.3778,983.7045,983.4948,983.6928,983.3704,983.4906,983.12195,983.24164,982.88885,983.0417,982.7323,982.91815,982.6199,982.82904,982.5473,982.7733,982.50726,982.7596,982.5266,982.8193,982.61957,982.9295,982.7295,983.0508,982.87006,983.1931,983.011,983.33563,983.16376,983.4937,983.34045,983.67004,983.5293,983.86005,983.70795,984.00165,983.66364,983.7909,983.35645,983.3241,982.7552,982.6249,981.977,981.7899,981.11554,980.9186,980.297,980.209,979.6912,979.6962,979.27435
979.199,979.4463,979.2641,979.6172,979.5325,979.999,980.01996,980.56647,980.593,981.0827,981.0938,981.60504,981.6645,982.27106,982.153,982.48193,982.29645,982.14795,981.5196,981.5134,981.00507,981.00366,980.5739,980.74,980.30304,980.418,980.1151,980.21454,979.7889,979.8996,979.6417,979.94855,979.8428,980.2426,980.2542,980.79407,980.8679,981.4821,981.6424,982.1417,982.24133,982.778,982.7663,983.19006,983.0737,983.3901,983.1848,983.4044,983.10504,983.2646,982.93176,983.06335,982.7175,982.8806,982.57605,982.76514,982.4718,982.6868,982.4205,982.6303,982.3368,982.5661,982.31476,982.5648,982.3134,982.5885,982.37286,982.6363,982.38214,982.64716,982.4162,982.6824,982.43274,982.71045,982.48804,982.75824,982.5463,982.94543,982.7451,983.0368,982.8429,982.9869,982.5975,982.6912,982.2224,982.1738,981.6109,981.5032,980.9029,980.78644,980.21436,980.182,979.71375,979.7554,979.36,979.4917
980.1369,980.0321,980.49384,980.48865,980.95764,980.9831,981.5847,981.68866,982.19617,982.1854,982.86176,982.9689,983.01624,983.8104,983.80096,984.19403,983.717,983.9205,983.84796,983.01776,982.85004,982.5666,982.7729,982.92285,982.7013,982.3439,982.7242,982.35803,982.2937,981.79504,981.9351,981.6582,981.8825,981.6873,982.14954,982.0924,982.51624,982.4855,983.01105,982.6429,983.1569,983.0956,983.33093,983.1982,983.5695,983.34485,983.49506,983.18335,983.3962,983.0952,983.2027,982.83203,983.01514,982.74536,982.9163,982.5787,982.7858,982.5596,982.7963,982.4707,982.66125,982.4251,982.7093,982.41974,982.59796,982.3355,982.63745,982.3711,982.5201,982.18164,982.44617,982.19617,982.34717,981.9721,982.25714,982.12787,982.40594,981.93976,983.14276,982.87805,982.4066,982.5893,982.66754,982.0441,982.0227,981.6446,981.6839,981.10504,981.0087,980.52795,980.5706,980.1251,980.22363,979.9163,980.1154,979.85474
981.4585,981.973,981.97375,982.5423,982.74835,983.4437,983.45776,983.54034,985.0035,984.35504,984.24976,984.97516,985.0149,985.4493,984.7303,984.97003,985.1914,985.73444,985.3587,985.2411,984.7892,984.8594,984.3924,984.64386,984.3542,984.4903,984.2361,984.25305,983.8586,983.8761,983.4199,983.4113,983.0597,983.31793,983.2395,983.5526,983.32605,983.69214,983.70825,984.07745,983.90967,984.11896,984.4295,983.72864,983.9897,984.48865,983.92505,983.7463,983.34235,983.58215,983.30695,983.4024,983.004,983.1744,982.9335,983.1751,982.8778,983.0544,982.77203,983.0324,982.8149,983.0389,982.74097,982.9755,982.7252,982.95514,982.6245,982.7685,982.4146,982.6056,982.28485,982.4117,981.99896,982.1999,982.023,982.31506,981.9118,982.53485,982.6409,983.1327,981.9996,983.01434,982.6614,982.4365,981.8319,981.9739,981.7051,981.7925,981.29474,981.3352,981.0345,981.2424,980.99786,981.3163,981.02454,981.4044
982.6806,982.8413,983.7079,983.5032,983.98145,984.21906,985.1661,985.15247,985.5144,985.3424,986.0883,986.27313,986.5579,986.3532,986.2002,986.03546,986.46454,986.6299,986.7565,986.66754,986.7768,986.369,986.1112,985.8938,986.3611,986.0578,986.2713,985.7913,985.99835,985.5002,985.4262,984.83417,984.8595,984.53235,984.8152,984.53143,984.68805,984.47284,984.91547,984.87,984.9692,984.28937,984.40753,984.5218,985.19745,984.0013,984.96234,984.6501,984.43787,983.7093,983.6999,983.48535,983.85144,983.58716,983.65216,983.2386,983.4538,983.2785,983.6044,983.3725,983.6583,983.3151,983.5954,983.487,983.8196,983.40643,983.3879,982.95245,983.16473,982.87616,983.0041,982.5107,982.5801,982.3634,982.7817,982.48456,982.3403,982.5421,983.09753,983.101,982.4861,983.13196,983.39795,982.7058,982.5441,982.1675,982.4542,982.17145,982.24316,981.8406,982.1673,981.8776,981.9055,982.35657,982.5941,982.0715
983.26996,983.8327,984.1261,984.35474,984.35004,985.03766,985.46484,985.95776,985.7227,986.2345,986.5512,987.1904,987.04443,987.50543,987.40967,987.9024,987.24524,987.63196,986.9139,987.8441,987.6041,987.8711,987.04614,987.18164,987.1518,987.56006,987.43134,987.3594,987.0163,987.10754,986.8573,986.857,986.33826,986.177,985.6318,985.6617,985.364,985.74286,985.76764,986.0333,985.283,984.8223,984.70135,985.1854,985.37683,984.4997,985.4841,985.92004,985.24097,984.80585,984.07196,984.2121,984.124,984.47076,984.1541,984.26105,983.9356,984.17865,983.9287,984.06036,984.27405,984.5714,984.09827,984.418,984.09375,984.5293,984.4616,984.60266,984.10034,984.12036,983.7028,983.8202,983.6073,983.8459,983.6131,983.5942,983.1976,983.5107,983.6034,983.9675,983.02966,983.6928,983.5148,983.60864,983.1586,983.2485,982.9006,983.02625,982.77594,983.06433,983.2958,983.4414,982.91,983.2527,983.08704,983.1607
984.4478,984.1804,984.5689,984.5155,985.1345,985.38007,985.9956,985.9528,986.0792,986.08624,986.6327,986.99164,987.6128,987.8296,988.50305,988.4685,988.30927,987.7816,987.4102,987.5106,987.75366,987.95374,987.827,987.4135,987.7946,987.7772,988.4695,988.02454,988.2685,987.9141,988.2154,987.80804,987.71655,987.1075,987.1076,986.6296,986.8592,986.6295,986.9213,986.3139,986.1245,986.0252,986.23676,985.52216,985.5389,985.6059,986.8017,986.76874,986.7503,985.95483,985.6199,984.9892,985.1172,984.9148,985.25336,985.0778,985.31,984.9861,985.04407,984.76855,984.83405,984.7707,984.98285,984.8909,985.0936,985.0018,985.46075,985.1327,985.17334,984.641,984.6409,984.2746,984.8358,984.4205,984.61444,983.97375,984.4839,984.54,984.84796,984.44543,984.0945,983.87866,984.222,984.07043,984.36304,984.0568,984.1038,983.6956,984.17474,983.89825,984.2423,983.8341,984.0763,984.03107,984.46344,984.1648
984.7482,985.10675,985.0182,985.52026,985.5206,985.8827,985.8202,986.20715,985.87756,986.25604,986.24817,987.02264,987.16907,987.7989,988.16144,988.8218,988.68585,988.60956,987.7316,987.5002,986.81573,986.9883,986.5272,986.80206,987.1262,988.1293,988.7286,988.9323,988.7249,988.7218,988.42834,988.309,987.7617,987.93005,987.8893,988.3419,988.08344,987.99146,987.254,986.76404,985.84735,986.3513,986.25195,986.26654,985.5489,986.0613,986.7883,987.64703,987.7363,987.8234,987.102,986.7482,986.0737,986.06146,985.73065,986.0166,985.8282,986.1321,985.8097,986.08276,985.6633,986.0263,985.68506,986.0356,985.7322,986.15247,986.0551,986.4262,986.14734,986.1286,985.5285,985.55505,985.6022,985.7683,985.5626,985.6111,985.5879,985.8997,985.6429,985.82996,985.30646,985.3789,985.0117,985.17163,984.8452,985.07404,984.78925,985.0218,984.92474,985.06757,984.77655,984.9363,984.7322,985.0014,984.75,984.98615
986.18866,985.95044,986.1532,985.99146,986.2866,985.9945,986.15234,985.9013,986.2323,986.1673,986.6395,986.7285,987.2152,987.2592,988.0068,988.1623,988.7252,988.49786,988.6734,988.44507,988.6355,988.3061,988.10724,987.32574,987.302,987.13715,987.9187,987.9875,988.7394,988.8316,989.4713,989.3745,989.5799,989.2527,989.3956,989.0048,988.8361,987.9759,987.54694,986.6699,986.33026,986.398,986.54865,986.19147,985.43317,985.1083,985.6941,985.5906,986.25433,986.5244,987.4082,987.3146,987.24805,986.9803,987.25934,987.09973,987.481,987.32,987.6085,987.2107,987.3068,986.77997,986.8768,986.667,987.1034,986.8714,986.9492,986.497,986.47906,986.08887,986.39795,986.5263,986.95734,986.3165,986.25867,985.9205,986.4058,986.4194,986.999,986.7827,986.89575,986.3605,986.5475,986.0603,986.0769,985.64386,985.75793,985.4117,985.65265,985.25867,985.46204,985.2256,985.6282,985.55475,985.9462,985.83234
987.09973,987.3661,987.0785,987.29724,986.99536,987.16534,986.9111,987.3078,987.3034,987.7532,987.6162,987.78516,987.2616,987.35614,987.1599,987.5168,987.29803,987.55646,987.28864,987.4142,986.97363,987.18024,987.0131,987.3909,987.2472,987.53516,987.3976,988.03644,988.4208,989.4206,989.99896,990.7552,990.7615,991.01074,990.501,990.34973,989.39404,988.8321,987.841,987.4699,986.5318,986.3786,985.98175,986.21893,985.45593,984.9122,984.2499,983.54266,983.4075,984.009,984.71906,985.25305,985.0146,985.63,985.8749,986.4554,986.58746,987.0545,987.1056,987.4046,987.1003,987.2797,986.95386,987.3531,987.3178,987.5456,987.01953,987.18,986.8866,987.3265,987.28796,987.8327,987.34973,987.3099,986.84827,987.31854,987.22046,987.7127,987.7294,987.9052,987.4803,987.2992,986.90137,986.84717,986.4693,986.64886,986.3972,986.63434,986.3159,986.42957,986.1876,986.54553,986.49066,986.88477,986.792,987.16583
989.1325,988.87805,989.0742,988.85034,989.1017,988.80927,988.8993,988.6826,988.99664,988.7612,989.1669,988.97675,989.08795,988.6418,988.7093,988.38434,988.5915,988.49786,988.92865,988.9348,989.4825,989.4308,989.7951,989.6265,989.6878,989.3704,989.7539,989.68787,990.40906,990.7668,991.5929,991.8575,992.4562,992.3165,992.3818,991.7037,991.4217,990.6265,990.46246,990.0327,990.2355,990.3429,990.74384,990.2239,989.24,987.79865,987.31976,985.67303,985.3947,984.98065,985.7351,985.3672,985.46246,985.2729,985.7116,985.57477,986.06024,985.96405,986.50336,986.3929,986.69714,986.53864,986.9069,986.8878,987.51996,987.4456,987.6178,987.4213,987.74536,987.8444,988.50037,988.6538,988.82654,988.26685,988.2869,988.11865,988.45135,988.3711,988.87897,988.5611,988.723,988.17444,988.41284,988.13617,988.3952,988.10815,988.2963,988.01654,988.33093,988.1616,988.54535,988.43036,988.79974,988.62585,988.94446,988.76245
995.3302,995.3302,995.3302,995.3302,995.3302,995.3302,995.3302,995.3302,995.3302,995.3302,995.3302,995.3302,995.3302,995.3302,995.3302,995.3302,995.3302,995.3302,995.3302,995.3302,995.3302,995.3302,995.3302,995.3302,995.3302,995.3302,995.3302,995.3302,995.3302,995.3302,995.3302,995.3302,995.3302,995.3302,995.3302,995.3302,995.3302,995.3302,995.3302,995.3302,995.3302,995.3302,995.3302,995.3302,995.3302,995.3302,995.3302,995.3302,995.3302,995.3302,995.3302,995.3302,995.3302,995.3302,995.3302,995.3302,995.3302,995.3302,995.3302,995.3302,995.3302,995.3302,995.3302,995.3302,995.3302,995.3302,995.3302,995.3302,995.3302,995.3302,995.3302,995.3302,995.3302,995.3302,995.3302,995.3302,995.3302,995.3302,995.3302,995.3302,995.3302,995.3302,995.3302,995.3302,995.3302,995.3302,995.3302,995.3302,995.3302,995.3302,995.3302,995.3302,995.3302,995.3302,995.3302,995.3302
