-6.462372,-6.462372,-6.462372,-6.462372,-6.462372,-6.462372,-6.462372,-6.462372,-6.462372,-6.462372,-6.462372,-6.462372,-6.462372,-6.462372,-6.462372,-6.462372,-6.462372,-6.462372,-6.462372,-6.462372,-6.462372,-6.462372,-6.462372,-6.462372,-6.462372,-6.462372,-6.462372,-6.462372,-6.462372,-6.462372,-6.462372,-6.462372,-6.462372,-6.462372,-6.462372,-6.462372,-6.462372,-6.462372,-6.462372,-6.462372,-6.462372,-6.462372,-6.462372,-6.462372,-6.462372,-6.462372,-6.462372,-6.462372,-6.462372,-6.462372,-6.462372,-6.462372,-6.462372,-6.462372,-6.462372,-6.462372,-6.462372,-6.462372,-6.462372,-6.462372,-6.462372,-6.462372,-6.462372,-6.462372,-6.462372,-6.462372,-6.462372,-6.462372,-6.462372,-6.462372,-6.462372,-6.462372,-6.462372,-6.462372,-6.462372,-6.462372,-6.462372,-6.462372,-6.462372,-6.462372,-6.462372,-6.462372,-6.462372,-6.462372,-6.462372,-6.462372,-6.462372,-6.462372,-6.462372,-6.462372,-6.462372,-6.462372,-6.462372,-6.462372,-6.462372,-6.462372
-6.5336914,-6.565979,-6.599304,-6.63208,-6.6629333,-6.6931458,-6.7227783,-6.752075,-6.7825623,-6.81131,-6.838684,-6.8678284,-6.9006653,-6.9364624,-6.97287,-7.0118103,-7.0524597,-7.0900574,-7.1216125,-7.1443176,-7.15979,-7.170624,-7.174713,-7.171936,-7.1600037,-7.1343384,-7.090149,-7.026306,-6.953583,-6.884674,-6.833069,-6.804779,-6.7935486,-6.78598,-6.766083,-6.7306213,-6.683502,-6.62912,-6.5624084,-6.483124,-6.403961,-6.3432007,-6.3030396,-6.2865295,-6.289734,-6.3006897,-6.30484,-6.299286,-6.283905,-6.2230835,-6.170532,-6.097412,-6.0045776,-5.938019,-5.9626465,-6.14209,-6.098297,-5.986328,-5.943817,-5.967621,-6.001129,-6.0074463,-5.994232,-5.967407,-5.9424133,-5.9229736,-5.8615723,-5.8999023,-5.973572,-6.006836,-6.0258484,-6.036133,-6.041504,-6.0563354,-6.055237,-6.0417175,-6.0413513,-6.0565796,-6.083893,-6.122345,-6.163086,-6.2053223,-6.248474,-6.2915344,-6.3311157,-6.369934,-6.4042053,-6.433563,-6.4529114,-6.465393,-6.468689,-6.466614,-6.461548,-6.4627686,-6.4775085,-6.5033875
-6.3190613,-6.3602905,-6.3936768,-6.4252014,-6.453766,-6.4858704,-6.5264893,-6.576538,-6.6340027,-6.6872864,-6.7338867,-6.771118,-6.8048706,-6.8342285,-6.86734,-6.9089966,-6.9562683,-6.9886475,-7.0021667,-6.990753,-6.9762573,-6.9635925,-6.9630737,-6.964325,-6.961609,-6.932953,-6.879547,-6.790558,-6.6837463,-6.555176,-6.450531,-6.3699646,-6.302643,-6.2314453,-6.145447,-6.0586853,-5.970886,-5.881012,-5.773407,-5.6409607,-5.530884,-5.458557,-5.4080505,-5.378601,-5.3720703,-5.350586,-5.302826,-5.2688293,-5.2722473,-5.0863647,-4.9294434,-4.6643066,-4.3268127,-4.149353,-4.3465576,-5.146179,-5.157379,-4.861328,-4.6640625,-4.6762085,-4.750641,-4.784851,-4.822052,-4.846039,-4.947571,-4.779541,-4.6039124,-4.5596924,-4.7124634,-4.8622437,-5.0073853,-5.073395,-5.042053,-5.1045837,-5.126526,-5.083435,-5.0723267,-5.099579,-5.1615906,-5.269165,-5.3946533,-5.5217285,-5.6335754,-5.746704,-5.8390503,-5.923523,-5.9861755,-6.0267334,-6.0362244,-6.058838,-6.07901,-6.105774,-6.1329346,-6.1688232,-6.2186584,-6.273529
-5.6999817,-5.7467957,-5.7961426,-5.8539124,-5.9174805,-5.981079,-6.042938,-6.110718,-6.187958,-6.269226,-6.3450623,-6.4151917,-6.4757385,-6.5257874,-6.560974,-6.5985107,-6.6278687,-6.6500854,-6.643219,-6.625244,-6.6061707,-6.6100464,-6.614044,-6.604248,-6.5529175,-6.470825,-6.3736877,-6.25531,-6.1315613,-5.973358,-5.8135986,-5.7077637,-5.6286316,-5.5344543,-5.4100647,-5.394104,-5.324463,-5.2113953,-5.0324097,-4.7779846,-4.6135864,-4.5022583,-4.3799744,-4.2239075,-4.1006165,-3.9475708,-3.8179321,-3.9377441,-4.24823,-4.345398,-4.2017517,-4.0144043,-3.7400818,-3.557129,-3.9335632,-5.425376,-4.998424,-4.442601,-3.8893225,-3.8238904,-3.784281,-3.6514416,-3.7470691,-3.8998585,-4.215575,-4.25798,-4.8632507,-4.2398376,-4.142273,-4.2547607,-4.405945,-4.369751,-4.0359497,-4.169922,-4.2755737,-4.118408,-4.0828857,-4.1040344,-4.1753235,-4.3345947,-4.554596,-4.7749634,-4.958069,-5.2019653,-5.3800354,-5.5099487,-5.605896,-5.6000977,-5.4636536,-5.4121094,-5.4144897,-5.446686,-5.508667,-5.5444946,-5.609436,-5.662201
-4.924011,-4.987213,-5.0794067,-5.1927185,-5.3095703,-5.4176025,-5.524109,-5.6394653,-5.74881,-5.837097,-5.912689,-5.988373,-6.0571594,-6.103882,-6.1271667,-6.153137,-6.1827087,-6.212311,-6.224518,-6.2178345,-6.201477,-6.207184,-6.2188416,-6.2061462,-6.1134644,-5.9840393,-5.8697815,-5.7259216,-5.6465454,-5.4961243,-5.31604,-5.2725525,-5.2518616,-5.2498474,-5.1286926,-5.3354187,-5.5220947,-5.519989,-5.357361,-5.2352295,-4.9961853,-4.687134,-4.5082397,-4.3145447,-4.119934,-3.9436035,-3.8779602,-4.058777,-4.379579,-4.1798778,-3.345641,-3.3258007,-3.271173,-3.2305517,-3.3444715,-3.6633117,-3.429686,-3.0264063,-2.6832788,-2.7803392,-2.8220606,-2.703784,-2.714149,-2.6101916,-2.1455004,-2.0258238,-2.1394176,-2.468363,-2.6418128,-2.7000792,-2.8022912,-3.9086597,-3.9450684,-3.6893616,-3.7818604,-3.2424316,-3.0882568,-3.0984802,-3.132843,-3.2898254,-3.5854492,-3.9656067,-4.2467346,-4.646942,-4.930298,-5.1590576,-5.4376526,-5.4457703,-5.0756226,-4.9184265,-4.904541,-4.924011,-4.962799,-4.877533,-4.896332,-4.9230957
-4.0761414,-4.1108093,-4.224304,-4.3666687,-4.501953,-4.657776,-4.823059,-4.9863586,-5.1134033,-5.21344,-5.3152466,-5.3947754,-5.44223,-5.468506,-5.5051575,-5.547241,-5.569153,-5.5783386,-5.631378,-5.732788,-5.736145,-5.7280884,-5.7059937,-5.746704,-5.735138,-5.697357,-5.50354,-5.3175964,-5.238922,-5.1292725,-4.979431,-4.9674683,-4.916382,-5.113678,-5.207733,-4.9238625,-4.3803234,-4.146261,-4.224187,-4.3778014,-3.993463,-2.8747363,-2.962788,-3.373856,-3.8345618,-3.8023462,-4.214807,-4.3946705,-4.953334,-4.0881457,-3.0237646,-2.779142,-2.3609972,-1.764231,-2.0281763,-2.5808642,-2.3354528,-2.0445178,-1.9945459,-1.8842418,-1.5426135,-1.3749559,-1.3274999,-1.271903,-0.92700195,-0.5091686,-1.0494323,-0.7490697,-0.9052478,-0.58143306,-0.8193848,-1.2301159,-1.1257861,-2.6170897,-3.3928723,-2.5419617,-2.1809692,-2.0047302,-1.9828491,-2.1137085,-2.3592834,-3.002655,-3.790863,-4.0660815,-3.5546217,-3.5886352,-4.041475,-4.4149084,-4.693207,-4.2968445,-4.112274,-4.2631836,-4.3773193,-4.178589,-4.1951294,-4.210602
-3.0851135,-3.1636353,-3.2687073,-3.3316345,-3.4424438,-3.6947327,-3.9427185,-4.11438,-4.2453003,-4.353302,-4.467743,-4.5696716,-4.598633,-4.6023254,-4.619995,-4.613037,-4.631439,-4.7080383,-4.7861633,-5.05365,-5.1202087,-5.153137,-5.1134644,-5.19751,-5.398346,-6.01593,-6.122223,-5.8833923,-5.535797,-5.4227905,-5.627289,-5.3250732,-4.7823486,-4.533611,-3.889535,-3.4058862,-3.3934937,-3.1829455,-3.6705308,-3.2793994,-3.1290808,-2.331788,-2.482699,-3.1391137,-4.920552,-4.8506775,-4.139435,-3.4285889,-3.0979004,-2.8990173,-2.5735168,-2.8015747,-4.7511387,-3.3151233,-1.9393628,-1.5138159,-1.1902246,-0.7144482,-0.9947753,-1.4310303,-1.0937755,-0.6652405,-0.75682735,-0.639724,-0.26056504,-0.13699937,0.3598621,0.36877084,0.43538952,1.1468396,1.4831018,1.0469055,0.48337054,-0.17372799,-2.5134802,-1.6688232,-1.0788879,-0.66152954,-0.4751892,-0.7371216,-1.2255249,-2.6925917,-1.7800158,-1.2225366,-1.3064563,-1.494884,-2.0159569,-2.297113,-2.4124463,-2.5182276,-2.7725513,-3.3329835,-3.6524756,-3.8125,-3.7383728,-3.4207764
-2.4114075,-2.3782654,-2.438568,-2.4206238,-2.3363342,-2.4162903,-2.7338867,-2.9696655,-3.1191406,-3.1991577,-3.2571716,-3.297058,-3.3109741,-3.3395386,-3.3513489,-3.3904114,-3.514038,-3.5729065,-3.9530334,-4.528113,-4.1170907,-4.2181425,-4.3241577,-4.319916,-4.464752,-4.6915054,-4.3166175,-4.3580904,-3.4783034,-3.7104785,-3.9182272,-3.9271166,-3.1344995,-3.6159406,-3.2677221,-2.9080637,-2.9591403,-2.5239518,-2.663241,-2.778528,-2.855449,-2.5709743,-3.1505494,-4.7094574,-4.30777,-3.242218,-1.8748779,-0.87649536,-0.49057007,-0.34170532,-0.1366272,0.1423645,-0.5310364,-0.46765137,-0.10046387,-0.21832275,-3.2876804,0.47722387,0.6246929,0.39083982,0.28906345,1.5607874,1.6431689,1.3372304,1.982697,1.7498004,1.866404,2.0097146,2.043772,3.0693352,2.758044,2.942225,2.6944938,0.8409319,-0.46720004,-0.71969604,-0.11672974,0.42993164,0.8486328,0.31521606,-0.35601807,-0.9961802,-0.43337202,-0.111261725,-0.38190746,-0.7158081,-0.8923149,-0.68186986,-0.78580153,-0.88290524,-0.8481709,-1.0852861,-1.277906,-1.1388175,-2.084216,-2.6708496
-1.0765381,-1.0996778,-1.7792346,-1.3081665,-1.2286072,-1.1372681,-1.3151855,-1.4960632,-1.6155701,-1.6629639,-1.6754456,-1.6687927,-1.5664978,-1.4925842,-1.569397,-1.8452454,-2.2804565,-2.6889954,-2.4089112,-1.9371314,-1.536814,-1.9886987,-2.416223,-2.565504,-2.4215941,-2.5243773,-2.455232,-1.3784571,-1.0438075,-1.8392334,-2.237147,-0.4816208,-1.5064011,-1.2446766,-1.5428891,-1.9706519,-2.5486424,-2.9599376,-4.669368,-4.432556,-3.5634398,-2.9582715,-3.073916,-3.7204895,-2.1589966,-1.0097046,0.6715088,1.3029785,1.752655,1.9559021,1.9794006,1.9718628,1.9997559,1.9261475,1.8544922,1.8118286,1.4528198,0.8789978,-0.8698975,-0.7010742,0.026756644,0.13853645,0.37495607,0.58811647,1.0100598,1.7689087,2.4844313,3.3599634,3.779955,4.823239,3.7071643,3.546183,3.1735048,2.8296692,1.384281,0.6187256,1.4207458,1.8591003,1.9090881,1.366394,0.55236816,0.68396974,1.0403419,1.1143506,0.967179,0.74313724,0.427096,0.73513675,0.8424622,0.6168921,0.6528163,0.5229602,0.4719324,0.28446662,-0.32398307,-0.8233508
1.4644763,2.18579,0.5171944,-0.53161204,0.4975891,0.47732544,0.5237427,0.39712524,0.27468872,0.27648926,0.37719727,0.5115051,0.39801025,0.5393982,0.45370483,0.109954834,-0.2579956,-0.890573,-0.47003102,0.76436794,0.9462737,0.36187136,0.6603396,0.15841365,-0.40229714,-0.8944384,-1.4096843,-1.6328225,-0.18364,-0.28218985,-0.30908012,-0.7884002,-0.9247699,-0.7836604,-0.64895153,0.24230146,-0.15730762,-1.5416913,-4.6692505,-2.814911,-1.6996765,-3.2995753,-4.1549397,-2.360138,-0.3796997,1.5849915,2.5534973,3.129181,3.4375916,3.647766,3.6925964,3.661316,3.61792,3.5632935,3.4615479,3.256775,3.0444946,3.0908813,2.607666,2.620514,2.7436523,2.7399292,3.340332,3.7392273,4.5217896,5.092346,5.4971924,5.6951904,2.5076692,6.5434446,5.701086,5.114552,4.5730886,4.734606,3.8443813,2.8587534,2.9076538,3.1123962,2.923462,2.520079,2.8705504,2.9246824,2.6286216,2.181652,2.3636465,2.185307,1.6813629,1.743711,1.9659578,1.3899802,2.1140313,2.5102866,1.9551196,2.1228435,1.5137169,1.3050623
3.3819263,3.2251868,1.5146217,1.6685181,2.235962,2.424591,2.5854797,2.4201965,2.4007263,2.5039062,2.626587,0.5467566,2.7109985,2.5297241,2.5208435,2.3202515,1.8778687,1.5218811,1.5456519,3.1362405,3.1875868,2.8593326,2.0895483,1.7181909,1.4831457,0.9464661,0.43618405,-0.13806152,-0.33890378,-0.7414038,-0.7861743,-0.81735957,-0.1911354,0.19388676,-0.6705761,-1.5750377,-2.9298205,-3.4489636,-3.1267395,-1.7597961,-0.6732788,-1.0766602,-0.4909973,-0.12487793,1.9255371,3.960205,4.118103,4.808563,4.951538,5.0780334,5.077484,5.0940247,5.0500793,4.966919,4.878723,4.752228,4.5503235,4.4342346,4.54068,4.6199646,4.7586365,4.9333496,5.363312,5.8954163,6.2456665,6.7566223,7.123932,7.1999207,6.70166,6.520881,6.7281337,7.004202,6.5302258,6.4439063,6.3666983,5.412212,4.135829,4.6123962,4.544922,4.536226,5.3854685,4.484634,3.3186073,3.0875268,3.2061768,2.5571167,2.2751489,3.6734009,2.8791199,2.410913,3.881803,4.895299,3.1156604,4.086095,3.5039735,3.397129
5.7934556,5.0526104,3.0011644,3.4204712,3.9587708,4.278595,4.457062,4.2676086,4.2688904,4.1993713,4.452423,4.1805725,4.136261,4.1425476,3.9707031,4.1698914,3.9074402,3.034766,3.3329604,4.236086,4.294187,4.008984,4.1499786,3.840694,3.4765258,3.2690895,3.0561461,2.7687826,2.3872733,2.110434,1.8463297,1.1611041,-0.78952694,-1.7783458,-2.444397,-1.9471436,-1.8129272,-1.421051,-0.5491333,0.21862793,1.1630249,1.5944519,2.190155,2.626709,4.3848267,5.211792,5.2561035,5.6013794,5.831604,5.9630127,6.06662,6.1619263,6.1719666,6.1027527,6.0563354,5.996063,5.86557,5.770233,5.7926025,5.856201,5.9949036,6.1628113,6.4555054,6.838196,7.1875916,7.6218567,8.043396,8.319641,8.196503,7.677765,8.056557,8.439074,8.914417,8.34896,8.202538,7.638056,6.0535135,5.61734,5.904297,6.235671,6.609935,5.559033,5.017975,5.277588,5.3403625,5.253174,5.0283203,5.2295227,5.1019287,5.158709,5.954528,6.4586134,6.224747,6.357163,5.697753,5.5873632
7.354003,5.231367,4.6947937,5.386078,5.9175415,6.3280215,6.673174,6.3268642,5.534701,5.855713,5.8552246,5.6007996,5.6867003,6.104192,4.8666935,5.641815,5.7912292,5.69281,5.708198,7.1882153,6.485791,6.5518727,6.4374304,6.016571,6.1099596,5.933257,5.77569,6.0444374,5.2945766,4.2596583,4.515487,4.1594973,1.5734243,-1.3622437,-1.2207336,0.10513306,0.89630127,1.2624207,1.7941589,2.2357178,2.560028,3.0422668,3.5919495,4.1076355,5.3605347,5.740692,5.999237,6.3206787,6.607483,6.81723,6.985504,7.1729736,7.2724,7.2552185,7.252411,7.203003,7.0507507,6.976166,6.9906006,6.9664917,7.009857,7.1799927,7.380615,7.572632,7.9125977,8.347687,8.691315,9.111572,9.469238,9.625641,9.2743225,8.994201,10.77542,10.16044,9.799543,9.825476,8.179828,7.7300415,7.8428345,8.384857,7.610785,7.118351,7.762146,7.1596375,7.196808,7.3667603,7.090027,7.3602905,7.4823914,6.633778,8.008701,8.255636,8.477787,7.981195,7.9992065,7.786334
6.8989635,6.312195,6.7987976,6.954773,8.479062,9.275317,9.424338,8.560968,8.221133,7.7269287,8.107757,8.355298,8.488225,8.415514,7.078879,7.6171875,7.7359314,7.2434387,7.782862,8.77049,8.997645,9.011792,8.732706,9.048569,8.7719,9.175225,8.542894,8.369257,8.18951,6.407473,4.9635344,4.8215165,3.7451077,1.8888943,0.27435303,0.75491333,1.9854431,2.7193604,3.335785,3.5986328,3.7430115,4.1102905,4.585144,4.964081,5.627594,6.1575317,6.6398926,7.04834,7.454834,7.7898254,8.006317,8.18808,8.357422,8.408203,8.418762,8.442841,8.366608,8.247223,8.235138,8.206757,8.155243,8.24408,8.410797,8.505676,8.730438,9.07605,9.34137,9.739929,10.342499,10.714447,10.25119,11.051793,11.5210495,11.64698,11.794626,11.511682,10.048191,8.758392,9.518463,9.846924,9.095306,9.056975,9.3220825,8.666901,8.643799,8.905212,8.992889,9.40376,9.297064,9.528992,8.94229,9.562004,10.663256,9.438633,10.308087,9.5625925
7.878998,6.87381,8.00589,10.322757,10.751389,11.16455,10.79273,10.720107,10.390016,10.560194,10.402122,10.748841,10.387534,10.182072,9.288789,9.117462,9.355011,9.03006,10.295645,11.014805,11.630047,11.48159,11.5935545,11.874917,11.648839,11.289528,10.83005,9.367217,8.530231,8.136904,7.040459,5.0902367,7.09126,3.941399,2.4902759,2.2615967,2.8397217,3.7689514,4.440613,4.7841187,4.9715576,5.270996,5.681244,6.0830383,6.607605,7.1470947,7.681885,8.181213,8.598053,8.954132,9.242432,9.425049,9.573639,9.6683655,9.691925,9.709198,9.708954,9.634613,9.58725,9.557678,9.498474,9.484802,9.552002,9.635773,9.758179,9.962219,10.248016,10.547363,10.955719,11.638824,11.518768,10.924988,12.852308,13.257119,13.206133,13.180721,11.508151,10.723694,10.954498,11.014038,11.294285,11.348598,10.927874,10.515106,10.070251,10.232361,10.9718075,11.29938,11.0401125,10.860962,10.329224,11.49779,11.047108,10.5511265,9.803259,9.578521
9.328491,8.833405,12.068167,12.728816,12.933943,13.244628,12.903454,13.095402,12.944244,12.611755,12.648713,12.621307,12.49282,12.353669,12.550593,11.587913,10.906494,10.424591,12.50526,13.392803,13.718629,14.298529,14.653535,14.608472,14.280661,13.026167,13.212612,12.28812,11.510338,10.4664345,9.364553,7.8527126,7.8851833,6.049341,3.9716797,3.4901123,3.882019,4.5970154,5.147339,5.6937866,6.1139526,6.5444336,7.0364685,7.5161133,8.082001,8.626587,9.130371,9.634399,10.0251465,10.351501,10.652313,10.837524,10.987946,11.080902,11.096527,11.12738,11.122864,11.064423,11.055237,10.996613,10.933746,10.915558,10.861206,10.894226,10.978149,11.035065,11.260315,11.502869,11.721741,12.345032,12.465668,12.079163,13.846382,14.0057335,15.421804,15.065896,13.477508,12.315643,12.47403,13.313028,13.434971,13.327904,12.751862,12.313237,11.935272,11.220459,12.566667,12.89986,12.663507,12.372947,11.986969,11.593532,11.3179035,11.471069,10.698242,10.399567
11.570068,11.758728,12.218597,13.477675,14.103537,14.563537,14.795635,14.975424,14.700339,14.803654,14.47485,14.730078,14.322888,14.33118,14.355481,13.488046,12.703339,12.067841,14.601208,15.445952,15.859469,16.746164,16.026312,16.242048,16.570498,16.520576,15.677538,14.9022,13.839748,12.477846,11.731016,10.271928,10.730468,8.465379,7.8748426,5.3494873,4.924591,5.652069,6.127899,6.864197,7.5247498,8.089569,8.732574,9.28363,9.892731,10.480255,10.930054,11.364258,11.703491,11.954376,12.213593,12.374542,12.50058,12.601868,12.619049,12.646393,12.628998,12.570251,12.556335,12.49054,12.429382,12.394012,12.302002,12.280365,12.302795,12.299652,12.413971,12.567505,12.681671,13.153595,13.539429,13.042053,15.34985,15.894553,17.21736,16.637358,14.544833,13.608307,14.148346,15.278794,15.132847,15.261177,14.642271,14.202972,14.214997,13.961311,13.85872,14.0097065,14.6972685,13.690826,13.06842,12.6675415,12.542328,12.72821,12.967102,12.632202
13.724823,13.807709,14.145294,14.7453,14.827301,15.885619,16.59483,16.668766,16.653399,16.719053,16.716047,16.68082,16.325518,16.519024,16.267084,15.4577055,14.163269,12.530457,16.655315,17.58406,17.226397,17.590073,18.871395,18.785202,19.123028,19.175425,17.686972,17.466106,16.336327,14.655622,14.462045,13.50027,12.777893,12.295975,10.809545,6.347748,7.1947327,8.212189,8.643951,9.354462,9.937592,10.492615,11.166565,11.714203,12.214996,12.694061,13.047791,13.352142,13.588196,13.762604,13.927948,14.037537,14.120056,14.188812,14.209656,14.231171,14.199036,14.152527,14.120575,14.042389,13.999237,13.904663,13.824127,13.773712,13.701752,13.718262,13.679199,13.75293,13.790375,13.970428,14.431549,13.873077,15.818598,17.65486,19.0542,17.59225,15.702789,15.71405,15.707581,16.791761,17.047813,16.774927,16.46604,16.364252,16.05587,15.7255945,16.11195,15.406761,15.184478,15.190575,14.957184,14.874451,14.806183,14.712799,14.755157,14.327881
15.275116,15.925934,16.061981,16.584686,16.267365,16.790031,17.960613,18.332308,18.397636,18.445148,18.361696,17.877092,17.606823,17.140715,17.111341,16.66396,15.881836,17.531136,18.563944,19.677969,18.961283,18.668158,20.851402,20.900883,20.578793,20.763596,20.58216,20.068726,19.283499,18.151253,16.931484,16.092651,15.476714,14.528211,12.878853,11.7135315,13.754669,14.099243,13.818176,13.6510315,13.561432,14.092285,14.447815,14.663422,14.834473,15.047668,15.266327,15.397827,15.50705,15.61203,15.689484,15.773346,15.805511,15.860352,15.865326,15.883026,15.85495,15.796143,15.769897,15.663971,15.621246,15.497864,15.391266,15.35202,15.1996155,15.206451,15.056,15.046631,14.973206,14.9599,15.253998,14.144867,17.683483,18.870403,20.268648,19.046919,17.678772,17.902313,17.753784,18.244621,18.397554,18.323986,18.046495,18.10959,17.914156,17.851978,16.842628,16.801167,17.091675,15.619014,16.465485,16.26007,16.369019,16.440613,16.255585,15.716095
17.147858,17.42602,17.86645,18.114098,18.88742,18.575409,18.506319,19.472193,19.802635,19.98909,20.056215,18.987488,18.150726,17.707397,17.62732,16.41977,18.239626,20.101223,20.24596,20.954056,20.43789,21.010029,21.720524,22.859756,24.46177,23.206652,24.55743,22.510958,21.482481,19.13524,18.076576,18.187565,18.355955,16.25563,16.401917,17.057129,17.941772,17.993835,17.857056,17.609314,17.40155,17.407593,17.433838,17.393005,17.35553,17.386505,17.42395,17.421692,17.425995,17.469238,17.470856,17.52533,17.529388,17.571625,17.578552,17.574585,17.568329,17.491547,17.450378,17.336517,17.255432,17.145111,17.00299,16.945526,16.755768,16.697205,16.486145,16.391174,16.189484,16.06073,15.921539,14.676666,17.20263,19.397017,20.321478,20.446934,19.681519,20.353094,20.178747,20.174522,20.318697,19.942997,19.786774,19.376518,19.329336,18.655678,18.373627,17.848303,18.416656,17.946136,17.642456,17.792847,18.021729,18.013977,17.774414,17.261444
18.826813,19.895325,20.302704,21.151367,20.840057,20.469513,20.464478,20.116194,20.68739,20.907305,20.969193,19.863953,19.896057,19.965057,19.542572,18.084564,20.38724,21.895226,21.979103,22.38815,24.948372,24.549843,23.657536,25.914762,26.68618,26.761736,24.529083,24.312317,22.255096,18.242828,19.148987,19.35035,18.492994,19.122131,19.857544,20.460052,20.653656,20.498657,20.321228,20.082611,19.90799,19.750305,19.642548,19.521027,19.41745,19.330627,19.27185,19.222015,19.191742,19.19159,19.187439,19.224182,19.241394,19.284027,19.283081,19.292145,19.241272,19.183289,19.086975,18.995361,18.860962,18.763458,18.592926,18.501099,18.288147,18.157135,17.915253,17.747711,17.447418,17.224976,17.04361,16.818115,16.918457,20.107893,22.034431,22.31329,21.256805,21.95532,22.053967,21.962206,21.816978,21.444283,21.098042,20.56911,20.25524,20.23941,19.8172,19.565277,19.329987,19.376068,19.409729,19.689209,19.675995,19.371033,19.065613,18.81778
20.896881,21.5419,21.566132,21.947601,21.953613,21.840088,21.482513,21.488922,21.550354,21.33905,21.391754,21.095947,21.170471,21.275452,20.883057,20.619375,22.608318,22.292253,24.149946,24.660948,26.160488,27.096563,27.748032,27.313736,28.651974,28.359776,28.307539,25.45826,21.702637,20.796875,21.911743,22.395782,22.313934,22.043121,22.550934,22.665833,22.511353,22.240082,21.993591,21.764832,21.582397,21.392975,21.238922,21.08963,20.971344,20.875793,20.827698,20.79721,20.795837,20.822388,20.856476,20.899536,20.93509,20.971802,20.969849,20.939087,20.862854,20.779816,20.66037,20.541473,20.4021,20.270996,20.098175,19.94806,19.737244,19.53769,19.287537,19.042267,18.714386,18.41388,18.261871,17.993683,16.97171,21.039566,23.037577,23.4351,23.0263,22.584469,22.699955,22.63736,22.621895,22.638208,22.542597,22.778442,21.827087,21.276672,21.290436,21.033691,20.742981,21.079865,21.401428,21.481659,21.17337,20.596405,20.438599,20.982391
23.772827,22.753046,24.187408,24.129852,23.500763,23.27002,22.949005,22.804321,22.77417,22.77066,22.156769,22.340754,22.91211,22.593292,21.782166,23.356012,24.357414,25.031704,27.028427,28.308138,28.284674,28.405605,29.558624,29.872463,29.870058,30.025787,28.509167,29.48831,27.563457,22.677673,23.17929,23.943848,24.50711,24.496063,24.39914,24.055634,23.684967,23.384949,23.154236,22.983765,22.82904,22.681,22.55133,22.438202,22.3685,22.334229,22.336365,22.357056,22.394745,22.450928,22.502594,22.540833,22.567047,22.573425,22.541504,22.477661,22.379791,22.258087,22.114807,21.973907,21.820465,21.655304,21.464905,21.273682,21.049133,20.808563,20.53244,20.241638,19.903778,19.569824,19.340363,18.92331,18.73584,22.201683,24.90747,24.651806,23.577484,24.09491,24.100464,24.061249,23.35374,23.62848,23.988068,23.969055,23.641052,23.123718,22.872192,22.756775,22.745087,23.143005,23.17508,22.916138,22.480682,21.890778,21.785797,22.64738
25.689764,24.608044,25.760803,25.64862,25.071228,24.711182,24.667725,24.327545,24.036987,23.93982,23.408417,23.462372,23.572052,23.408905,22.806122,25.692394,27.526882,24.971375,24.144684,27.287687,29.465553,30.38317,31.055862,31.81984,31.862589,31.66586,31.473883,29.86932,29.621668,24.041931,23.827728,25.515778,26.082977,25.596375,25.151459,24.78122,24.507965,24.332,24.23407,24.160034,24.087189,24.006622,23.93811,23.88031,23.852264,23.851044,23.873169,23.902435,23.941925,23.98233,24.015747,24.030945,24.028168,24.000732,23.940735,23.846344,23.720337,23.569,23.409576,23.244781,23.06784,22.878143,22.667206,22.44046,22.19049,21.916168,21.616333,21.300964,20.958557,20.605225,20.301819,19.866425,20.049286,22.069458,25.761848,28.228004,25.073517,25.563751,25.429535,25.195526,25.175415,25.095947,24.92279,25.017395,24.9234,24.669525,24.509155,24.558624,24.625,24.58496,24.218323,23.712494,23.161743,22.773407,23.197083,25.063187
25.939152,27.064667,26.886871,26.66043,26.226501,26.29306,25.683233,26.242188,25.351135,25.073639,24.704193,24.562592,24.401733,24.161896,23.355133,23.854675,24.322083,24.897186,24.897583,28.764769,30.790285,31.785799,32.47983,33.334007,33.579628,33.136047,32.860256,32.857903,31.574657,31.201641,28.309202,27.294128,26.964935,26.230194,25.78949,25.635162,25.574066,25.548065,25.52771,25.49591,25.444763,25.392365,25.341278,25.298126,25.269104,25.267242,25.273407,25.28595,25.302368,25.31717,25.323029,25.31137,25.277557,25.220612,25.137543,25.021027,24.872925,24.704956,24.524475,24.336975,24.135132,23.921173,23.683838,23.42746,23.147583,22.845001,22.522919,22.182343,21.834747,21.48584,21.19043,20.926086,21.29486,22.192413,27.501032,27.6221,26.461853,26.693512,26.561707,26.474762,26.658875,26.470459,26.3349,26.199066,25.978851,25.818176,25.808228,25.825928,25.66037,25.250488,24.645844,24.149323,24.11258,24.798737,25.726898,26.731705
27.620117,27.626709,27.786407,27.480408,27.16336,27.334412,27.924377,27.07185,26.594116,26.002228,25.544159,24.677368,24.887268,24.53598,24.185638,24.625793,24.946625,25.046661,28.955374,31.232529,32.79811,33.65466,34.213673,34.858456,34.948887,35.539364,35.122658,34.471134,34.197052,33.59607,27.97673,27.82788,27.765503,27.045685,26.79712,26.821472,26.826874,26.81781,26.787567,26.739197,26.686401,26.634125,26.578949,26.529236,26.498474,26.484222,26.476562,26.47168,26.470856,26.467834,26.451416,26.414764,26.356537,26.273132,26.167847,26.032623,25.866089,25.674622,25.468384,25.253265,25.02771,24.784485,24.516602,24.223816,23.911865,23.586212,23.253021,22.916199,22.596893,22.306763,22.101746,21.979797,22.19345,22.142426,28.862318,29.25361,27.662262,27.692474,27.492645,27.52539,27.843262,27.549652,27.253723,27.053131,26.920898,26.864838,26.7789,26.545288,26.143707,25.685455,25.325806,25.369171,26.0383,26.969727,27.596375,27.96408
28.189789,28.304932,28.444977,28.16867,27.965668,27.928253,28.013916,27.705322,27.034393,26.867828,26.936554,30.654417,28.9144,25.237762,24.73407,25.21637,25.489532,29.9518,32.200695,33.885113,35.008934,35.82051,36.223255,36.800007,37.10292,37.191723,37.52882,36.18164,35.134426,30.5997,28.823761,28.980011,28.589386,28.038605,27.92157,27.967834,27.933014,27.902191,27.852753,27.800293,27.743958,27.691162,27.637024,27.595795,27.571136,27.560455,27.549652,27.538239,27.524261,27.505066,27.469574,27.409454,27.325653,27.214935,27.077942,26.916138,26.721954,26.500732,26.262207,26.017212,25.755829,25.475494,25.17035,24.847687,24.51529,24.189056,23.875854,23.585358,23.34076,23.166382,23.075806,23.082611,23.474304,24.53003,27.051575,30.318127,30.616753,29.44165,28.499481,28.306793,28.536987,28.208221,27.968018,27.863068,27.74118,27.547302,27.237152,26.849152,26.442505,26.134338,26.07486,26.418,26.991974,27.478271,27.573425,28.723236
31.13761,28.338257,28.781555,28.699402,28.50122,28.329498,28.141266,27.86969,27.619568,27.6445,28.040405,28.851074,31.97151,30.341324,25.835846,26.164429,26.820557,33.093655,35.163372,36.38896,37.39451,37.948956,38.536232,39.02065,39.18763,39.45739,39.130424,37.6133,35.138634,34.242157,29.709229,29.489807,29.27594,28.986603,28.914978,28.914886,28.859528,28.81604,28.769287,28.721588,28.673706,28.629242,28.589752,28.561249,28.549927,28.54419,28.533691,28.515778,28.494598,28.459991,28.404572,28.322144,28.21231,28.066223,27.893524,27.69757,27.476532,27.23407,26.97876,26.711426,26.427826,26.128479,25.817719,25.50119,25.189423,24.893463,24.628479,24.402435,24.244354,24.177551,24.24002,24.490448,25.257019,26.807343,28.695343,33.631847,30.607758,33.82697,30.388063,29.301086,29.039764,28.769135,28.608337,28.440948,28.169617,27.825134,27.444733,27.095825,26.839752,26.774689,26.971924,27.377655,27.82196,28.782166,33.150494,34.755886
32.21494,28.554108,28.768158,28.878448,28.78241,28.551361,28.415375,28.268402,28.196655,28.30243,28.475983,28.929321,29.006775,31.943647,26.714722,27.060364,27.651794,29.25763,36.89875,38.376934,39.164257,39.76647,39.80072,40.277557,40.422626,39.972435,39.8344,37.36379,33.77899,31.082947,30.02826,30.124878,29.92511,29.831726,29.746887,29.707733,29.65384,29.61023,29.578888,29.547363,29.515594,29.490295,29.46814,29.457397,29.457428,29.458923,29.447723,29.429169,29.402374,29.356842,29.278046,29.174469,29.038574,28.869446,28.674042,28.464935,28.238647,28.001831,27.758453,27.51358,27.264404,27.01773,26.781403,26.56012,26.35321,26.174591,26.039795,25.956177,25.947235,26.059845,26.35202,26.913147,27.86908,29.271149,30.46408,31.813091,30.32254,31.050684,29.668732,29.454376,29.49469,29.24936,29.022247,28.733063,28.389923,28.04367,27.740448,27.533356,27.468994,27.564667,27.806335,28.261414,29.248322,34.77476,35.736103,34.358925
34.56099,32.047997,28.779327,28.529114,28.726593,28.56903,28.563416,28.493713,28.523804,28.779297,28.880554,28.956238,28.98352,28.574615,27.570587,28.224365,28.804535,29.881409,31.115479,31.583344,38.775146,39.916313,40.42999,39.089695,38.694786,38.2894,38.945057,35.669796,30.79309,31.218475,30.798523,30.813416,30.467316,30.497131,30.481842,30.3974,30.3544,30.31784,30.308044,30.299042,30.292603,30.291656,30.298035,30.303894,30.311035,30.310608,30.298706,30.275696,30.241028,30.178467,30.084991,29.96283,29.816833,29.643677,29.456177,29.260742,29.060242,28.860535,28.670837,28.49115,28.330109,28.190643,28.079773,27.9982,27.950531,27.943726,27.990784,28.091553,28.262146,28.524597,28.900146,29.398926,30.024628,30.67041,30.981964,30.67923,30.523132,30.62912,29.940094,29.938171,29.82196,29.564178,29.28479,28.996857,28.699554,28.450989,28.284973,28.23114,28.306152,28.510864,28.985077,29.998932,34.76745,36.596592,36.4264,35.808083
36.920868,36.924633,32.734158,27.714874,28.02771,28.147339,28.110199,28.092499,28.393005,28.750061,29.173187,29.155212,28.900665,28.69397,28.364014,28.358704,27.18045,28.598358,30.96933,31.842102,32.836334,33.16559,37.039177,37.024044,37.269142,37.62203,36.52448,34.86521,31.329376,31.492706,31.600342,33.382,31.322021,30.953888,31.134857,31.01416,30.992065,30.963104,30.976868,30.993713,31.011475,31.034637,31.059784,31.071808,31.075928,31.070465,31.049042,31.01535,30.96579,30.892487,30.790741,30.66623,30.526764,30.376862,30.217102,30.055115,29.896484,29.74997,29.62024,29.514526,29.434296,29.385529,29.36316,29.374237,29.421509,29.50586,29.630981,29.798737,30.005035,30.251648,30.528046,30.807709,31.03714,31.150543,31.058075,30.819153,30.64441,30.513916,30.343018,30.247131,30.03836,29.810425,29.58017,29.369629,29.177582,29.052582,29.00299,29.027649,29.151031,29.404175,29.990265,30.838776,36.80411,37.188015,36.977993,36.648155
37.267094,36.005257,33.654404,35.108814,34.988194,33.912235,29.283478,29.838654,34.466522,29.02829,29.232239,29.533203,29.15857,29.177856,29.340088,29.831512,36.807354,36.58481,31.261292,31.115814,32.474884,32.814728,33.63748,33.333466,35.07054,35.583824,35.629646,36.641098,33.841824,34.369614,32.22702,34.533035,33.278805,31.628265,31.590912,31.592499,31.532654,31.552094,31.579163,31.631653,31.672607,31.703552,31.724487,31.726257,31.718811,31.700287,31.667023,31.619202,31.55597,31.474304,31.377197,31.264313,31.144104,31.019867,30.894684,30.771698,30.656586,30.552399,30.46521,30.398773,30.355621,30.339722,30.349396,30.385468,30.450592,30.544983,30.67038,30.817322,30.97705,31.133514,31.270325,31.351868,31.352448,31.267792,31.133423,30.986572,30.869507,30.745514,30.614075,30.473145,30.295013,30.137054,29.9859,29.858948,29.756104,29.709015,29.718231,29.770905,29.90506,30.177582,30.750183,31.310242,37.279182,37.374905,37.55225,37.526726
37.02792,36.567497,35.34983,35.517822,38.036633,33.156483,29.9805,31.313904,35.75974,32.143154,29.786835,29.95044,29.743011,29.909302,30.396149,31.35495,32.872498,33.313934,34.564743,36.187477,32.600494,32.82068,33.368835,33.648163,33.428375,34.27042,38.48349,35.047043,34.831818,31.881104,32.273438,34.818226,34.46275,31.973663,31.963196,32.04776,32.003723,32.053955,32.102753,32.168976,32.212585,32.234924,32.23831,32.227448,32.20404,32.17035,32.124146,32.065613,31.989746,31.904541,31.811401,31.713287,31.608185,31.504211,31.401703,31.306244,31.218445,31.141205,31.075562,31.024475,30.988708,30.973969,30.976898,31.000061,31.043365,31.107727,31.18628,31.272064,31.349548,31.410522,31.442291,31.433075,31.383453,31.304047,31.211914,31.117218,31.017548,30.904327,30.788605,30.659027,30.494019,30.353394,30.271576,30.194672,30.277496,30.385742,30.395325,30.471863,30.614716,30.875366,31.22052,31.450806,36.244766,36.99423,37.11471,37.517487
36.84497,37.191387,36.300705,39.117855,35.431683,37.60055,34.216187,35.93291,36.438465,34.961754,30.203033,30.539703,30.552734,30.687317,31.116608,31.69632,32.29828,32.546783,32.666656,32.296173,32.093292,34.805355,35.715557,33.58737,33.279114,33.793365,34.487686,32.20752,32.38507,32.230774,32.879242,34.3957,34.54214,32.17929,32.22049,32.388245,32.381622,32.440826,32.49713,32.54306,32.563446,32.560455,32.536438,32.494904,32.439514,32.372467,32.29785,32.21057,32.1138,32.011932,31.910278,31.80835,31.705597,31.604553,31.50998,31.421326,31.337952,31.263885,31.199188,31.146973,31.105835,31.079529,31.068634,31.07425,31.095306,31.122864,31.152985,31.18042,31.197235,31.19867,31.190338,31.16803,31.129944,31.079285,31.01538,30.928833,30.812714,30.628723,30.34842,29.954254,29.62561,30.110382,29.786621,29.974274,30.275635,30.93927,30.982178,31.067566,31.209167,31.373657,31.60263,32.47879,36.163883,35.921738,36.306545,36.73321
36.26998,36.897316,36.88583,37.21768,37.764915,36.47928,36.820114,37.013386,37.073246,34.41223,30.839142,30.936035,31.130646,31.26294,31.531952,31.831573,32.067566,32.187073,32.35028,32.42035,32.388977,32.31418,32.248474,33.388752,34.609547,36.182594,32.9794,32.148163,32.195953,32.938812,32.950104,32.997528,32.67856,32.20529,32.476624,32.639587,32.684784,32.720184,32.740387,32.727386,32.678802,32.602722,32.493103,32.3631,32.218567,32.069214,31.9122,31.756348,31.604706,31.463745,31.323456,31.189606,31.061401,30.943756,30.8302,30.728271,30.630646,30.545166,30.466217,30.400543,30.345673,30.305847,30.278137,30.271362,30.28064,30.304321,30.333557,30.365936,30.395416,30.417053,30.429565,30.431091,30.4169,30.391998,30.348877,30.27359,30.171661,29.984406,29.691956,29.27008,28.950378,30.658005,31.270844,34.05307,33.36617,31.573578,31.234192,31.353882,31.485077,31.679169,32.16217,33.54076,33.66131,34.703026,35.104206,36.106457
36.001,35.787098,37.22336,37.265614,37.262375,37.12441,37.23796,37.777355,36.865604,37.871487,33.380356,31.374817,31.383636,31.599579,31.752136,31.908936,32.051758,32.159393,32.233673,32.312225,32.402283,32.50418,32.491486,32.57193,32.333527,34.21552,32.194458,32.232788,32.49066,33.850693,33.55957,32.81299,32.622955,32.60663,32.748627,32.827087,32.862976,32.849,32.789307,32.672577,32.51126,32.31305,32.080902,31.831451,31.577637,31.328156,31.084259,30.858856,30.65091,30.46048,30.273468,30.099304,29.934418,29.778595,29.631165,29.49527,29.3685,29.257263,29.157745,29.075562,29.00595,28.95575,28.913757,28.886871,28.872925,28.871216,28.881287,28.903748,28.942017,28.992676,29.060852,29.146057,29.239197,29.32788,29.394012,29.432007,29.437073,29.379059,29.280212,29.44635,30.342072,33.961693,32.939217,34.23265,35.73988,30.771233,31.523193,31.494263,31.45642,31.67575,31.880768,32.21576,32.97086,33.50321,34.094265,35.036167
34.96746,35.845894,37.16513,36.726963,37.319443,36.894463,37.470734,37.663605,37.707603,36.87601,34.5678,31.45102,31.551666,31.753784,31.813507,31.881012,31.968903,32.05771,32.131348,32.19406,32.28253,32.367554,32.442047,32.54489,32.573517,32.252045,32.208252,32.26999,32.615997,34.40566,34.186977,32.93512,32.734528,32.815125,32.87018,32.922638,32.927277,32.882782,32.76593,32.60092,32.381683,32.139038,31.862488,31.576904,31.283905,31.007019,30.740936,30.501343,30.276398,30.076569,29.875244,29.69159,29.513153,29.34494,29.1828,29.032745,28.887451,28.756287,28.629303,28.516052,28.408417,28.316559,28.222687,28.135925,28.051086,27.96878,27.88913,27.818726,27.75946,27.713684,27.69751,27.73767,27.844269,28.034607,28.279846,28.584198,28.912415,29.247955,29.51007,29.749207,31.574034,35.395348,33.765606,36.00153,34.981693,39.129642,34.57621,34.44655,31.65036,31.48944,31.650574,31.613464,32.284794,33.32753,33.942936,33.481895
35.006622,35.260056,36.83172,37.138885,37.31807,37.62037,37.534943,38.046837,37.34485,36.108864,34.18533,31.561127,31.645111,31.804993,31.80487,31.830353,31.87973,31.938507,31.996857,32.055786,32.125977,32.19821,32.265106,32.32965,32.365845,32.28717,32.20923,32.25592,32.290375,32.665833,32.78128,32.622925,32.713654,32.812897,32.879425,32.948364,32.978302,32.959625,32.887573,32.76648,32.606537,32.423157,32.222656,32.003174,31.775085,31.555664,31.348846,31.158752,30.985016,30.82727,30.6734,30.528168,30.387146,30.247284,30.105865,29.96402,29.819733,29.67749,29.534027,29.3945,29.256195,29.12387,28.990387,28.867004,28.75241,28.650146,28.560303,28.485992,28.426636,28.380707,28.350433,28.352081,28.40036,28.514313,28.699402,28.96045,29.30719,29.792664,30.347198,30.289032,35.237415,34.696117,35.44439,35.09253,36.545105,36.703403,36.715317,34.92253,32.05719,31.256958,31.251465,31.206451,32.79367,33.195805,33.275986,33.90358
33.401825,36.112324,35.53516,38.99019,37.290573,37.87723,38.02795,37.52877,37.113937,35.014866,31.754395,31.373566,31.574646,31.642914,31.597473,31.605621,31.634857,31.673828,31.71762,31.768707,31.830902,31.898956,31.97644,32.02649,32.071228,32.056183,32.081116,32.142426,32.265625,32.376312,32.503204,32.55136,32.598816,32.640503,32.734406,32.84662,32.917297,32.961304,32.966522,32.942993,32.886627,32.814484,32.726746,32.625305,32.50345,32.38028,32.256744,32.137024,32.022247,31.913818,31.803314,31.696503,31.587585,31.477814,31.361298,31.242126,31.115112,30.98227,30.840607,30.693726,30.542389,30.387238,30.225769,30.065765,29.901947,29.738464,29.57486,29.41861,29.267212,29.119781,28.98294,28.877106,28.820312,28.83313,28.920807,29.094452,29.352112,29.8096,30.56308,30.527618,34.790657,34.13089,35.512554,36.19913,36.89082,37.230286,37.17446,36.3955,34.351616,32.183044,31.449707,30.833069,31.41977,31.934479,32.535706,33.007385
32.994232,36.084995,37.493107,37.677753,37.77329,37.287716,37.634335,37.02821,36.492558,34.24016,31.362427,31.250854,31.26007,31.2565,31.214752,31.214966,31.226349,31.253448,31.288635,31.334503,31.383179,31.442139,31.503479,31.560791,31.605896,31.64154,31.689087,31.772705,31.907196,32.0401,32.15744,32.241302,32.279114,32.32068,32.453217,32.591187,32.69104,32.764496,32.823364,32.863434,32.885956,32.88965,32.876312,32.85367,32.8179,32.77234,32.72049,32.66382,32.60858,32.552124,32.492737,32.42572,32.348877,32.26532,32.169952,32.059723,31.931976,31.787598,31.624878,31.444977,31.251923,31.045624,30.824646,30.59317,30.356659,30.11908,29.882843,29.655457,29.435486,29.218018,29.011414,28.831604,28.696075,28.610657,28.599579,28.672455,28.842102,29.17688,29.979034,30.307983,35.664974,33.70163,36.30586,36.874424,37.07923,37.220493,37.03809,36.687958,35.868324,35.371273,34.1285,30.434631,30.6026,31.573975,32.338318,32.98401
32.161407,40.10492,38.113556,38.151978,37.90491,37.079575,36.55704,36.351048,34.794956,33.50638,31.097809,30.950592,30.867188,30.827606,30.795563,30.79718,30.79248,30.785889,30.795105,30.8208,30.846252,30.877594,30.910034,30.947845,30.987885,31.033081,31.100586,31.200745,31.343994,31.493652,31.620972,31.714722,31.779724,31.887024,32.063477,32.22348,32.345795,32.441956,32.522858,32.589874,32.640015,32.676666,32.694,32.703766,32.708496,32.707428,32.69339,32.676605,32.65918,32.643646,32.627014,32.602905,32.56653,32.520447,32.454712,32.369354,32.25711,32.115173,31.939606,31.73941,31.514801,31.267822,30.998352,30.709412,30.406342,30.09143,29.767609,29.439362,29.10971,28.791748,28.494232,28.232178,28.015625,27.86203,27.794373,27.820282,27.95224,28.22757,28.968262,29.765198,36.694794,33.981262,36.802364,36.870033,37.09608,37.094086,36.977745,36.388165,36.33306,36.01085,34.087933,29.686401,29.516449,30.44159,31.466919,32.217957
31.02826,40.54767,41.16875,39.647762,37.519867,37.04482,36.207344,35.88773,33.68325,30.918518,30.72519,30.738129,30.551636,30.473236,30.387817,30.38034,30.371307,30.339539,30.295532,30.292725,30.291504,30.293427,30.289764,30.29068,30.30017,30.330933,30.384644,30.471252,30.588867,30.728394,30.866669,31.001251,31.143127,31.322418,31.518158,31.679504,31.820618,31.944122,32.05844,32.14798,32.220703,32.28,32.32376,32.358246,32.392395,32.417694,32.433136,32.443573,32.449524,32.456055,32.466644,32.470947,32.468414,32.44934,32.416656,32.361298,32.282166,32.173065,32.028503,31.846375,31.63089,31.380096,31.097351,30.781555,30.440704,30.073212,29.684631,29.274109,28.851349,28.43283,28.041138,27.690094,27.401886,27.179993,27.045624,27.023407,27.130249,27.372772,27.92157,28.600037,35.62095,36.47885,36.467865,36.946846,37.018494,36.941067,36.779606,36.427036,36.773552,36.013134,36.944874,34.170807,27.809692,29.001587,30.3331,31.240112
30.13089,39.70105,41.625156,40.660233,38.195457,36.50991,36.72054,34.307148,33.762096,30.507568,30.699615,30.600098,30.440308,30.328156,30.126984,29.962036,29.972748,29.97403,29.875885,29.808289,29.768768,29.733551,29.691803,29.647827,29.60907,29.587158,29.586853,29.615997,29.683624,29.797668,29.955597,30.156097,30.383026,30.61438,30.815674,30.975098,31.111786,31.2435,31.368774,31.485321,31.580536,31.663605,31.731995,31.79779,31.858856,31.909546,31.947083,31.980103,32.007416,32.037292,32.0679,32.094574,32.11209,32.115387,32.105072,32.084198,32.046295,31.986908,31.89679,31.774323,31.615265,31.415497,31.171082,30.878174,30.540955,30.163483,29.748352,29.299408,28.821747,28.336426,27.859589,27.409973,27.005981,26.673798,26.434143,26.307495,26.331146,26.560577,27.029358,27.684845,27.660126,35.97831,33.593872,36.444656,36.98156,36.76205,36.656948,36.75733,36.25626,35.363064,34.22034,25.953995,27.177704,27.458282,28.904266,30.156525
29.539642,38.913334,40.650024,41.567055,39.930588,37.630756,35.83407,35.56035,33.89708,30.181824,30.537598,30.493347,30.472687,30.475037,30.512054,29.821075,29.3956,29.59143,29.55896,29.421967,29.310822,29.220367,29.130005,29.039215,28.94345,28.851654,28.771515,28.723145,28.718323,28.774933,28.91336,29.147522,29.448456,29.76236,30.030212,30.219269,30.35727,30.449371,30.549469,30.657928,30.766815,30.86615,30.949432,31.025177,31.102997,31.173828,31.23407,31.280884,31.320343,31.358826,31.401703,31.440948,31.473907,31.493835,31.500427,31.500977,31.497192,31.482819,31.457184,31.407288,31.328217,31.2146,31.057953,30.848022,30.583527,30.264526,29.893341,29.466278,28.993286,28.486572,27.960754,27.430267,26.914642,26.433014,26.010864,25.66861,25.46347,25.492859,25.906189,26.944275,27.899628,36.025055,35.398865,36.92447,36.93115,36.239548,36.43136,36.45562,35.820007,36.13528,32.94659,25.999573,26.381989,25.940643,26.910858,28.65149
28.805634,37.045246,40.074905,40.408184,39.97257,39.39874,35.79295,35.73386,32.066032,29.944275,30.243073,30.180359,30.25232,30.482056,32.376255,32.42894,29.444702,29.04132,29.214996,29.111206,28.931854,28.763855,28.612213,28.472137,28.324463,28.163544,28.00412,27.873016,27.78363,27.746094,27.797302,27.967682,28.274017,28.677277,29.103302,29.429443,29.618774,29.67688,29.715485,29.77185,29.860535,29.963776,30.054443,30.126709,30.197327,30.271637,30.339294,30.38916,30.422485,30.45169,30.483612,30.515198,30.546967,30.573029,30.588196,30.602875,30.614166,30.628448,30.64267,30.65271,30.645721,30.617737,30.559082,30.46054,30.311157,30.10904,29.849915,29.528015,29.13684,28.684235,28.17871,27.633362,27.06009,26.480286,25.9216,25.397644,24.932678,24.588196,24.540375,25.191223,26.964752,28.71164,35.91309,36.0307,36.36588,36.79586,35.909885,36.003487,34.347797,34.245117,30.642353,25.263275,25.50177,24.9003,25.106445,26.82605
27.922028,28.802368,39.139908,39.2969,38.70947,38.565353,36.849987,33.1095,29.501526,29.733643,29.86206,29.658813,29.602966,30.038544,34.904404,32.56544,31.131292,28.700409,28.750305,28.782959,28.58078,28.34607,28.09378,27.898773,27.729553,27.527557,27.295898,27.081512,26.909851,26.782684,26.7229,26.763153,26.950989,27.362946,27.929535,28.498322,28.854889,28.951874,28.948181,28.916443,28.9404,29.019165,29.114746,29.174286,29.227203,29.282501,29.337433,29.38086,29.403534,29.415436,29.427948,29.436127,29.444946,29.452148,29.461578,29.472412,29.48529,29.503174,29.533875,29.569244,29.606049,29.635468,29.648895,29.640015,29.598145,29.513092,29.37741,29.184082,28.925476,28.59195,28.185913,27.710266,27.168457,26.582031,25.97998,25.381775,24.807007,24.276093,23.849854,23.914001,25.34262,26.86029,35.473873,35.33403,37.787815,35.504253,35.630936,34.800888,34.23809,31.512764,29.974476,25.625763,24.878967,24.185455,23.871399,25.153412
26.149902,37.56984,38.01172,37.874107,37.300186,37.28182,34.180492,32.06952,28.913727,29.365875,29.400452,29.1781,28.946503,29.031097,33.531326,31.714561,32.02522,28.424652,27.984192,28.171692,28.178253,27.928467,27.530182,27.199005,27.001404,26.804138,26.551727,26.277557,26.030792,25.830505,25.681305,25.611267,25.649078,25.938995,26.661438,27.465057,27.980713,28.180847,28.259003,28.141998,28.048523,28.067078,28.155487,28.210632,28.246002,28.279388,28.315857,28.346619,28.359009,28.354889,28.342834,28.327332,28.308075,28.288788,28.275085,28.268951,28.26587,28.272034,28.294281,28.330444,28.374908,28.42157,28.466156,28.50531,28.529297,28.526917,28.483337,28.396118,28.253021,28.045258,27.76297,27.402039,26.948761,26.415833,25.829071,25.214874,24.601746,24.000397,23.42575,23.083954,23.930664,25.441315,34.68392,34.080433,36.51804,34.71539,34.4402,34.44623,31.752085,30.101364,25.141724,24.930267,24.365448,23.51593,22.8732,23.575195
25.863586,34.90781,35.71791,36.228973,35.65562,33.578003,32.522675,33.71456,28.296722,28.527039,28.720337,28.620087,28.29129,28.329834,32.241833,30.945946,30.09625,28.577112,27.599884,27.495789,27.540436,27.393433,26.931488,26.461182,26.166931,25.94281,25.688446,25.387695,25.091248,24.843903,24.632446,24.492554,24.40033,24.486542,25.382568,26.711578,26.932892,27.241943,27.5141,27.391937,27.177124,27.08374,27.14685,27.207489,27.240723,27.260986,27.280304,27.294891,27.297485,27.281555,27.257568,27.226288,27.187592,27.148254,27.114136,27.08603,27.070496,27.058014,27.059326,27.07605,27.108002,27.144775,27.189117,27.233124,27.277374,27.309021,27.315521,27.289642,27.227448,27.112488,26.937653,26.689362,26.35559,25.922394,25.405884,24.817657,24.200348,23.588745,22.980347,22.421661,22.832764,24.491608,33.590385,34.747303,34.971935,34.84144,33.058346,31.754976,29.53813,25.217957,25.134705,24.617432,23.864044,22.921448,21.989807,22.127106
28.219172,32.476414,33.18522,34.301678,32.13351,33.58406,31.307283,29.537748,28.734861,28.039368,27.916473,27.342457,27.391144,27.214539,28.95568,29.753395,28.857285,28.009598,27.012396,26.573538,26.952454,26.73529,26.235077,25.713776,25.346283,25.062195,24.798584,24.481476,24.170593,23.91336,23.676086,23.502869,23.299927,23.17752,23.88324,25.156918,26.908775,26.313843,26.697998,26.681915,26.368225,26.141785,26.104553,26.13562,26.160248,26.170715,26.172028,26.170471,26.159576,26.138031,26.108063,26.073273,26.026154,25.976257,25.927704,25.886932,25.859253,25.840546,25.82431,25.824432,25.84195,25.864868,25.892578,25.92102,25.951904,25.980103,25.99173,25.987488,25.960968,25.904999,25.80069,25.638245,25.401154,25.07788,24.667664,24.16397,23.600525,23.006226,22.42099,21.770874,21.568298,23.20633,30.99448,32.534782,32.974937,32.990356,31.102406,28.800396,25.162415,25.262207,24.684692,23.996063,23.311188,22.41748,21.358734,20.244904
18.580841,29.248404,30.335892,31.299255,30.71722,31.497776,28.932852,28.385948,25.920074,26.894745,26.91333,25.905134,26.270172,26.371277,26.650593,27.691544,27.07035,26.283384,25.527641,25.512573,25.5932,25.802765,25.233948,24.694153,24.284393,23.978912,23.72815,23.416656,23.128448,22.922699,22.680298,22.512817,22.299072,22.088562,22.310608,23.35545,24.224514,24.383795,25.797302,25.89914,25.627258,25.377655,25.2323,25.157288,25.117554,25.09134,25.060425,25.025482,24.985748,24.940094,24.894226,24.848206,24.794617,24.7323,24.67218,24.61493,24.573242,24.54123,24.517944,24.503815,24.505493,24.515594,24.53012,24.540314,24.54596,24.553253,24.554077,24.54129,24.51941,24.483063,24.41867,24.304749,24.1362,23.89502,23.586365,23.191223,22.720123,22.186157,21.671875,21.078949,20.284454,22.233612,27.36628,30.74668,30.898077,30.809786,28.872065,26.98719,24.31665,24.501587,23.86029,23.146393,22.519867,21.790894,20.9982,20.31604
20.035248,25.23283,27.282568,28.305775,28.910315,26.328701,26.764568,23.617554,24.982605,25.79013,24.42453,24.572643,24.987396,25.149963,24.584473,24.86687,24.326958,23.364471,23.323364,23.933014,24.30243,24.391785,23.884521,23.343231,22.91449,22.591156,22.366241,22.063263,21.85614,21.757233,21.464508,21.301819,21.12497,21.082428,21.014648,21.324951,21.73056,22.091217,23.872742,24.714508,24.696625,24.529358,24.398926,24.284058,24.18277,24.097748,24.022034,23.952576,23.879547,23.80487,23.72705,23.649658,23.573364,23.488037,23.407166,23.330292,23.262482,23.198761,23.149292,23.108032,23.081787,23.064728,23.056885,23.04541,23.026978,23.001648,22.975616,22.942291,22.908752,22.871521,22.82193,22.736816,22.611633,22.432526,22.209198,21.921295,21.555176,21.120758,20.734772,20.382385,18.891907,24.861986,28.478912,26.987057,28.62543,27.522387,26.7617,23.138885,23.177216,23.412506,22.776672,22.08374,21.50415,20.87616,20.157684,20.131836
18.194641,22.791315,25.201355,25.68301,24.71832,26.80075,25.118145,22.919281,23.489166,24.119171,22.966978,22.787842,23.402374,23.747894,22.043713,22.236969,22.085266,21.958069,22.095245,22.506683,22.686829,22.577057,22.148926,21.648254,21.2406,20.960419,20.796753,20.529205,20.452698,20.396149,20.042786,19.982605,19.898682,20.146149,20.352386,20.334473,20.276031,21.027313,22.059845,23.080872,23.411682,23.430359,23.373291,23.276703,23.15332,23.026764,22.92279,22.835846,22.754303,22.66864,22.57666,22.47882,22.382355,22.272736,22.167725,22.061981,21.966187,21.868439,21.783966,21.698914,21.630402,21.560242,21.507385,21.449097,21.39746,21.336731,21.280334,21.212128,21.153748,21.095398,21.047424,20.9747,20.88501,20.754852,20.602905,20.402557,20.14328,19.822144,19.520569,19.643127,19.14618,22.883884,25.927605,26.269463,25.124125,21.669952,21.828217,21.991577,22.062256,22.103668,21.496246,20.803772,20.26706,19.767944,19.008636,18.505188
17.59732,19.51846,21.485703,21.933575,22.834541,22.183064,22.057978,21.305145,21.845947,22.287811,20.833574,21.47876,21.813507,22.112701,21.343872,20.990051,20.41977,20.289917,20.372528,20.577759,20.614532,20.428253,20.049377,19.656067,19.400269,19.244263,19.186798,19.002106,19.010803,18.92157,18.715149,18.941223,19.134491,19.106659,19.446373,19.505585,19.19571,18.502293,20.653717,21.402924,21.777557,21.913666,22.042389,22.015442,21.912079,21.765991,21.649536,21.538635,21.456207,21.377258,21.286743,21.189117,21.08194,20.96634,20.852234,20.73172,20.621307,20.497925,20.38971,20.266205,20.152008,20.03299,19.929596,19.817596,19.71991,19.615662,19.526093,19.43039,19.33664,19.251587,19.194458,19.130005,19.065918,18.979187,18.889282,18.764282,18.59848,18.415558,18.13501,18.336975,18.164642,19.766094,23.458763,21.740847,20.6315,20.28897,20.447388,20.336761,20.393616,20.275055,19.71756,19.122131,18.711304,18.408295,17.953156,17.654999
16.387604,17.548597,18.939924,19.504017,20.051746,20.212921,19.27829,19.206573,19.708801,20.199524,19.464783,19.479492,19.76712,19.769287,19.301971,18.933472,18.586273,18.454987,18.393433,18.400452,18.355377,18.165222,17.972076,17.827911,17.748688,17.708008,17.722015,17.639862,17.689087,17.757812,17.809387,17.160885,17.862799,18.119492,18.46191,18.260468,18.03363,17.68761,17.214682,19.510132,20.088501,19.68106,19.901703,20.036407,20.045532,19.940338,19.876587,19.774872,19.722412,19.665863,19.600037,19.552155,19.469147,19.396027,19.314789,19.221252,19.130219,19.003082,18.892548,18.756012,18.614563,18.480835,18.339478,18.20639,18.076141,17.943268,17.83139,17.704346,17.604767,17.494904,17.426086,17.365326,17.322205,17.268402,17.227936,17.157288,17.077606,17.009125,16.754211,17.16983,17.27597,17.590275,20.651094,19.192596,18.816101,18.663239,18.46997,18.151947,18.006317,17.794067,17.42398,17.16098,16.963654,16.797943,16.542908,16.325775
15.32254,14.9772415,17.076183,17.31683,18.013689,18.351442,17.2341,16.564758,16.542114,16.976929,17.064575,16.967102,17.430176,17.390778,17.08966,17.015747,16.857391,16.764221,16.667969,16.581573,16.535583,16.445984,16.433136,16.417603,16.394104,16.423859,16.464264,16.44223,16.515045,16.764069,15.630667,16.26152,16.62948,17.049477,16.859224,16.890024,16.703268,16.523998,16.505943,17.02942,14.971203,17.589264,17.853333,17.833649,17.62912,17.371338,17.250092,17.108795,17.10495,17.164734,17.200623,17.307465,17.339966,17.374756,17.4151,17.420166,17.422058,17.348022,17.283234,17.188263,17.064484,16.951385,16.799591,16.661865,16.509705,16.349304,16.220123,16.08432,15.987915,15.888367,15.806946,15.773407,15.734955,15.722443,15.725983,15.697845,15.711639,15.6753235,15.615509,15.973358,15.11315,16.343964,18.430958,17.46524,16.903992,16.629944,16.487915,16.22348,15.906891,15.662415,15.443512,15.284637,15.198853,15.173798,15.1093445,15.060364
14.117371,14.559418,14.253217,15.282842,15.692383,15.412231,14.823578,14.508362,14.3376465,14.365662,14.545715,14.620575,14.855347,14.980652,15.110748,15.281891,15.33313,15.345612,15.294342,15.235962,15.220581,15.173828,15.178711,15.185364,15.208099,15.338257,15.376648,15.304016,15.463654,15.583099,14.589657,15.175608,15.517378,15.427277,15.699629,15.77999,15.690503,15.547186,15.673648,15.494526,16.197527,15.093943,15.274109,14.160767,13.892822,13.960419,14.159729,14.303619,14.457092,14.631714,14.79361,14.977112,15.105347,15.246185,15.385803,15.515991,15.614319,15.652222,15.679871,15.638977,15.580261,15.482849,15.337738,15.181122,14.990662,14.830444,14.680603,14.547882,14.481415,14.381989,14.34082,14.330841,14.312195,14.361725,14.388275,14.436981,14.493439,14.504974,14.653931,14.677551,14.226371,15.404777,16.14621,15.522858,14.882294,14.559418,14.354004,14.1658325,13.868225,13.682251,13.520691,13.419067,13.477417,13.51535,13.657532,13.713318
12.702118,13.314941,13.605896,13.753937,13.80957,13.3151245,12.903992,12.685577,12.539215,12.505676,12.649353,12.837463,13.092773,13.332184,13.5408325,13.73114,13.814484,13.879089,13.914276,13.933685,13.961182,13.96521,14.009918,14.102142,14.217712,14.432831,14.477936,14.193237,13.0655775,13.7909155,14.060295,14.119111,14.17896,14.264003,14.153765,14.484343,14.426496,14.440588,14.309104,13.816542,13.962092,13.467461,13.120367,11.835297,11.533508,11.852325,12.179657,12.410858,12.566162,12.748718,12.895538,13.009186,13.100983,13.221283,13.39801,13.61911,13.815369,13.9644165,14.065002,14.1033325,14.0850525,14.00943,13.872009,13.689117,13.512756,13.357819,13.209076,13.124695,13.062653,13.013214,13.0216675,13.033417,13.059906,13.143402,13.211243,13.318268,13.409393,13.499481,13.725861,13.702423,13.135853,14.720127,14.419739,13.337128,12.765259,12.457916,12.257843,12.115326,11.888336,11.772675,11.737732,11.707367,11.873474,11.98111,12.238586,12.396362
11.342957,11.646576,11.827332,11.90741,11.795227,11.596924,11.389587,11.190155,11.030029,10.962952,11.025269,11.19223,11.420349,11.659027,11.891907,12.090057,12.242645,12.401306,12.528198,12.658539,12.7708435,12.862305,12.994049,13.171112,13.381714,13.662323,13.785126,11.924865,12.649353,12.8802,12.977121,13.056561,12.979619,12.95445,12.918719,13.140315,13.031078,12.870001,12.882279,12.484724,12.576346,12.818997,10.333534,10.26236,9.978302,10.382233,10.665375,10.840118,11.005188,11.134979,11.146149,11.068726,10.943237,10.899078,11.084259,11.4305725,11.729675,11.995789,12.223663,12.353821,12.424133,12.424774,12.33905,12.227051,12.11203,11.984863,11.893768,11.849182,11.822693,11.834686,11.880157,11.924896,11.973206,12.068726,12.172302,12.268005,12.443176,12.517334,12.765991,13.039185,11.274176,13.530731,12.894531,11.591949,10.839355,10.471344,10.2925415,10.231628,10.127533,10.112793,10.177582,10.238312,10.416412,10.606476,10.856842,11.09967
10.033752,10.22171,10.33255,10.374725,10.308502,10.174713,10.0295105,9.889648,9.776642,9.750641,9.7951355,9.906311,10.077881,10.278778,10.490601,10.720367,10.938324,11.16037,11.377594,11.594086,11.765839,11.931549,12.127289,12.407959,12.714539,12.967194,13.053558,10.956515,11.778,11.685542,11.703512,11.908774,11.846868,11.819799,11.959452,11.751923,11.152843,11.234375,10.887762,10.944044,10.701245,10.960144,8.5134535,8.626312,8.506073,9.073181,9.354614,9.494293,9.669281,9.646118,9.383057,9.108673,8.657623,8.457581,8.76889,9.252319,9.66449,10.034302,10.349426,10.605103,10.798309,10.922577,10.961212,10.943085,10.893463,10.833008,10.8012085,10.7968445,10.808685,10.858185,10.929504,10.975616,11.026825,11.09787,11.184265,11.181183,11.436005,11.21225,11.729401,12.207184,12.125977,11.945007,11.093811,9.970734,9.131622,8.75946,8.646271,8.6828,8.720032,8.793732,8.920319,9.033539,9.189148,9.388306,9.5989685,9.820007
8.786133,8.917816,8.999542,9.04364,9.035217,8.998627,8.963287,8.9218445,8.882782,8.872192,8.88501,8.940063,9.058807,9.226685,9.437561,9.681946,9.942444,10.2039795,10.474365,10.727203,10.952118,11.145905,11.413055,11.700653,12.061554,12.344391,12.43335,9.905385,10.843,10.848247,10.570181,10.497775,10.187601,10.0202055,9.760873,9.894154,9.442188,9.713994,9.671442,9.312371,9.381203,9.882313,6.6483445,7.3031006,7.244293,7.7657776,8.010681,8.11908,8.275787,8.216034,7.9638977,7.88678,7.127228,6.7106934,7.097168,7.6962585,8.13562,8.536163,8.86908,9.176605,9.4583435,9.666443,9.788544,9.849426,9.861603,9.866333,9.909729,9.9530945,9.989624,10.050049,10.114014,10.122589,10.117279,10.113647,10.039734,9.887238,9.818054,9.324066,9.651886,10.315216,10.190308,9.897369,9.119629,8.199127,7.6525574,7.416931,7.409851,7.524414,7.659363,7.787506,7.9057617,8.019867,8.153046,8.313477,8.470459,8.628174
7.7080994,7.823822,7.9272766,8.004883,8.076538,8.131287,8.146545,8.116028,8.100769,8.08194,8.063263,8.109222,8.237427,8.416229,8.689209,8.978516,9.260925,9.5112,9.786133,10.04306,10.274292,10.48349,10.701721,10.981659,11.178375,11.246796,10.90918,10.591339,8.708497,9.333192,8.934038,7.8378906,8.72998,8.914551,9.074127,8.548492,7.5409913,7.823887,7.704143,7.4907765,7.988635,8.671881,5.5112514,5.7958374,6.0081177,6.39447,6.603821,6.776428,7.041504,7.1614075,7.1071167,5.9989395,6.4771423,5.6308594,5.9156494,6.8668213,7.2082214,7.5920105,7.948822,8.266907,8.560852,8.807434,8.945282,9.006622,9.068726,9.141205,9.221069,9.270294,9.2916565,9.313538,9.322815,9.190979,8.9444275,8.548462,7.866333,7.1603394,6.605774,6.096863,6.12442,6.680237,6.775116,6.561981,6.4403687,6.3358154,6.270935,6.3436584,6.512146,6.689972,6.8511353,6.9670105,7.0588684,7.160553,7.263214,7.359253,7.4835815,7.600891
6.908325,7.0498047,7.1699524,7.2762756,7.34433,7.3674316,7.357971,7.331024,7.327423,7.258301,7.23172,7.309906,7.451935,7.6970825,8.199524,8.510254,8.779205,8.979889,9.203033,9.4149475,9.569244,9.764404,9.785645,9.839752,10.151825,10.550018,10.190826,9.869049,9.028534,8.650269,8.373871,8.044525,8.011871,7.7729797,7.87381,7.54776,6.955902,6.9330444,7.1304016,6.7366943,6.2145042,6.0570455,4.870646,4.538513,4.698639,5.023346,5.180023,5.381134,5.8480835,6.201721,5.5552473,6.0578556,4.6595078,4.555786,4.8368835,5.909729,6.3824463,6.8570557,7.351959,7.7502136,7.994812,8.159973,8.230347,8.261932,8.338745,8.459564,8.550934,8.5381775,8.357452,8.097839,7.858124,7.503235,7.0823975,6.61499,5.992035,5.406708,4.9451904,4.552643,4.074463,4.5584106,4.8957825,5.1105347,5.333954,5.507141,5.660858,5.8303833,5.9938354,6.0992126,6.1720276,6.22171,6.2855225,6.355896,6.43869,6.5320435,6.6549683,6.779785
5.9466248,5.990967,6.0273743,6.125366,6.197296,6.2244873,6.2132263,6.2367554,6.2184753,6.04599,5.8129272,5.761261,5.876404,6.077759,6.878296,7.421173,7.782837,8.036804,8.315765,8.591949,8.825989,9.118805,9.221893,8.766876,8.385132,8.464325,8.101135,7.4379883,6.861023,6.7549744,6.665222,6.6083374,6.6092834,6.3804626,6.347412,6.251709,6.084137,5.950714,5.8456116,5.6625366,5.5289917,5.652832,2.596531,3.0624695,3.3185425,3.6608582,3.7807922,3.9274902,4.2897034,4.6183777,3.5017211,4.1416016,3.9959412,3.9716797,3.8259277,4.5081787,5.3564453,6.0334473,6.708496,7.160431,7.435974,7.5665283,7.512909,7.278534,7.0470886,6.781372,6.4575195,6.240387,6.104553,6.0007935,5.9938354,5.841034,5.711853,5.559784,5.3473206,4.9689636,3.1160572,3.434784,3.191986,3.7598572,4.2994385,4.5729065,4.807556,4.9933777,5.105377,5.195862,5.264984,5.283722,5.2929077,5.2996826,5.3531494,5.450653,5.568756,5.6575317,5.758667,5.8579407
4.149536,4.119385,4.1923523,4.3779907,4.411804,4.341675,4.315918,4.3310547,4.2052307,3.9244385,3.5141296,3.1134644,3.2720337,3.494049,4.3338623,5.2239075,5.4255066,5.875244,6.105957,6.278717,6.362671,6.4360657,6.4006042,5.8965454,5.430786,5.48407,5.3190002,4.8108826,4.996063,4.5737,4.8334656,5.1439514,4.8592224,4.766388,4.720276,4.893463,4.701294,4.577606,4.54541,4.309845,4.4541626,4.6586304,4.2250366,0.43092036,2.048462,2.2756042,2.319641,2.5671692,2.8659363,3.1436768,3.0376587,3.1641846,3.145172,3.0543213,3.0412292,3.351654,3.8964233,4.421356,4.880005,5.157196,5.2449646,5.223816,5.0469055,4.849701,4.690216,4.497528,4.4342957,4.46286,4.260956,3.9091797,4.2375793,4.446472,4.829712,4.855652,4.758209,2.484438,-2.0623574,2.7528687,2.5386047,2.8476257,3.3627625,3.66745,3.8485107,3.995636,4.090973,4.1469116,4.1571655,4.122284,4.0379944,3.9354248,3.9310608,3.9858093,4.011902,4.018158,4.0687256,4.1098633
2.129364,1.8036194,2.2228088,2.523407,2.5737915,2.3780212,2.1563416,2.5299683,2.26297,2.4098816,2.1635742,-0.2840917,-0.23705447,1.1284485,1.7201233,2.5186462,2.6168823,3.7138672,4.3318176,4.411865,4.7187805,4.9441223,4.302765,3.7098083,0.82173043,2.322336,2.5780993,2.0048342,1.8318155,2.4728699,2.655487,1.3732345,2.0159566,2.3385825,2.010512,2.0816362,1.864296,1.8223591,1.844536,3.0011597,2.9779358,3.3453064,1.140485,0.82194996,-1.251811,0.56710815,0.6282654,1.0942993,1.628418,1.9436035,2.0516663,2.0668945,2.0983887,2.1299438,2.2157593,2.3682556,2.6002502,2.9422302,3.2238464,3.3626404,3.1743164,3.3233032,3.2506409,3.182373,3.1743164,2.67276,2.9510498,1.753622,1.7317104,2.1618652,2.1220703,2.4491882,1.4428997,2.4279847,2.3439288,1.7219362,1.4109538,1.4439697,1.6867065,2.0479736,2.432251,2.6366272,2.7319946,2.8368225,2.9553223,3.0190125,2.972351,2.8313293,2.6104736,2.417389,2.1412659,2.3111267,1.9942322,1.9624329,2.0551147,1.9620361
-1.2112095,-1.0472126,-0.11279297,0.35388184,0.35186768,-0.12994385,-2.3563654,-1.3633788,-0.6482868,-0.3639896,-0.4486525,-0.40468192,0.19006634,-0.018444061,-0.9007387,-1.2858083,-1.6869507,0.19134521,1.2535706,-1.4437946,-0.54803264,0.06693578,0.21527267,0.15555143,0.09477973,0.9609473,1.05593,0.42766345,-0.3333761,0.38516235,0.98727417,-0.024775684,2.3970947,2.3755188,0.43350035,0.16243082,0.592521,1.6343994,1.667511,1.9920654,2.15271,2.3989563,1.9983826,0.43217087,-0.19055915,-1.4417279,-1.522583,-0.7618408,0.12921143,0.73776245,0.9757385,1.0508728,1.1141968,1.1924744,1.2757263,1.4160767,1.7294922,2.513092,2.8265076,2.965332,-0.8290849,0.15791535,0.26466346,-0.086526036,-0.59510124,-0.19146729,0.5624695,1.0305481,0.97073364,0.9055481,1.1582336,0.64904785,0.9727783,1.3697205,0.6806359,0.049197197,-0.17932129,0.4638672,0.9725647,1.4182739,1.6334534,1.6723022,1.7347412,1.8979492,2.1002197,2.211853,2.149994,2.0345764,2.0544128,1.9651489,-0.8701917,0.13330483,0.3105662,0.08162451,-0.14503527,0.06592512
-0.1807456,-0.052778244,-0.28746367,-0.7859411,-1.684612,-1.1700442,0.012111664,0.07902908,-0.5584278,-1.0483742,-0.89805865,-0.65043616,-0.19661975,-0.39825678,-1.4379308,-2.2260795,-2.230133,-2.0503323,-1.2209029,-1.1458468,-0.55429363,-0.3848698,-0.8753183,-1.2280464,-1.2238885,-1.3739772,-2.0671265,-2.568307,-3.3156433,-1.9593506,-0.83166504,-0.7444458,0.35827637,0.76260376,-0.0647583,-2.7238042,-1.3874817,0.16604614,0.58428955,0.76516724,0.84646606,0.85272217,-2.1092713,-0.75839496,-1.4388709,-3.4336853,-2.5063782,-1.9714355,-1.407898,-0.8859863,-0.53219604,-0.30889893,-0.20025635,-0.2546692,-0.3296814,-0.2593994,-0.23690796,-1.5616226,-0.8045739,-0.17780697,-0.44291544,-0.45081878,-1.0747225,-1.3485413,-1.2775879,-0.9830017,-0.4621277,-0.25326538,-0.5484009,-1.2255859,-2.648368,-2.0573425,-1.4956665,-0.9144592,-1.1679077,-1.1055908,-0.9331665,-0.7878723,-0.49606323,-0.17636108,-0.012237549,0.05480957,0.10205078,0.09957886,0.19509888,0.3328247,0.42565918,0.20611572,-2.4541364,-1.3081942,-0.6872083,0.21352458,-0.23552203,0.086547375,0.22229576,0.44030833
-0.78138113,-0.50918055,-0.33688593,-0.5961261,-0.520257,-0.5108137,-0.7175808,-0.9894686,-1.7402618,-2.0138283,-1.5548098,-1.5142047,-1.6430836,-2.2032669,-1.966219,-1.9882572,-1.5904281,-1.6313043,-1.3922896,-1.6520767,-1.8339169,-2.1625173,-2.1951685,-2.199171,-2.2035334,-2.1713073,-2.8810878,-3.795545,-5.5115356,-4.2888794,-3.5789795,-3.0306091,-2.4569397,-1.8599548,-1.9681702,-4.4398317,-3.0523744,-1.8751221,-1.2962952,-1.2810364,-1.3226929,-1.5556641,-3.059494,-1.6205671,-2.0378761,-3.6210942,-3.5687866,-3.2492676,-2.8883057,-2.50766,-2.2363892,-2.0585327,-1.9562073,-1.9442139,-1.9832764,-1.9112549,-1.8635254,-2.3947449,-2.2611084,-2.1160889,-2.1957703,-2.2943726,-2.399231,-2.3144836,-2.624939,-2.8978882,-3.2143555,-3.317627,-4.2091174,-3.435291,-3.6942053,-3.9077759,-3.6610718,-3.3513489,-3.0604553,-2.7948608,-2.6968994,-2.725647,-2.6915894,-2.5820618,-2.5158386,-2.4860535,-2.4900513,-2.5992126,-2.3493042,-2.1112976,-1.9836426,-1.0163879,-3.7000775,-2.139862,-1.2864685,-1.1868286,-3.225348,-1.6673667,-0.98157024,-0.4922266
-0.6254711,-0.9996989,-1.1148322,-1.5097952,-1.0838432,-1.5601921,-1.6520243,-1.7891603,-2.4215398,-2.2958627,-2.4760487,-2.574754,-3.0199566,-2.799987,-2.0113933,-1.8406355,-1.4804215,-1.9517732,-1.3518095,-1.5743003,-1.84132,-2.117258,-2.3641844,-2.570816,-2.7373905,-2.3778126,-3.005765,-4.1337957,-5.1846223,-5.5430627,-5.6150084,-5.006905,-5.5670776,-4.5960083,-4.24588,-6.011144,-5.582619,-3.6969485,-3.1165771,-3.076355,-3.3312683,-3.6340027,-4.545624,-3.0907602,-3.270904,-4.1303573,-4.9421997,-4.7121887,-4.66687,-4.7842407,-4.8998413,-4.915558,-4.863495,-4.7890015,-4.665497,-4.49469,-4.344452,-4.370392,-4.3726196,-4.4641724,-4.681061,-4.8761597,-4.982971,-5.0450134,-5.1837463,-5.4213867,-6.1865625,-5.464788,-5.195487,-6.563263,-6.485718,-6.352295,-6.3612976,-6.264435,-6.0469666,-5.666565,-5.4212646,-5.3494263,-5.287201,-5.159973,-5.087799,-5.0852356,-5.4101562,-5.5335765,-4.7730813,-4.2516623,-3.615326,-1.7578735,-4.232849,-3.831482,-3.4944153,-3.5829468,-4.1994376,-2.7623038,-1.6215818,-1.2780521
-1.9811699,-2.2321796,-1.9854882,-1.9766569,-2.1034546,-2.4308095,-2.7406998,-3.062655,-3.1949623,-3.2871552,-3.3542275,-3.2404227,-2.9503996,-2.7023997,-2.2909365,-2.0817761,-2.083897,-1.9627042,-2.0140438,-2.2777858,-2.4531617,-2.728023,-2.9375687,-3.328093,-3.2882547,-2.7777085,-2.7589412,-3.1254292,-3.850264,-4.919038,-5.340149,-5.482347,-5.360487,-5.5886397,-5.7170353,-6.299864,-6.229962,-5.497672,-4.4488983,-4.2693744,-4.6559076,-4.603343,-4.369908,-3.6916182,-3.5264673,-3.8435783,-3.9655123,-4.25804,-4.414854,-4.4276767,-4.521276,-4.4829164,-4.296237,-3.9789023,-4.058346,-4.6120043,-5.1037636,-4.846326,-4.8003006,-5.229435,-4.8235235,-4.432988,-4.6151786,-4.953688,-5.204028,-5.447116,-5.5218163,-5.293426,-5.3886547,-6.015583,-6.8544965,-7.0311985,-6.6076937,-6.781534,-7.2923484,-7.2982225,-7.044748,-6.762835,-6.3560586,-5.5357056,-5.3114467,-5.600587,-5.674527,-5.579394,-5.1808987,-5.0153656,-4.5127916,-4.34208,-5.021472,-4.797751,-4.4232492,-4.0397496,-4.1267734,-3.39616,-2.456396,-2.3387372
-4.081999,-4.353118,-3.9187717,-3.810549,-4.306678,-4.441189,-4.5376167,-4.6658945,-4.63957,-4.49489,-4.590006,-4.534827,-4.4481487,-4.433753,-4.3962145,-4.2739005,-4.417518,-4.0654664,-4.037456,-3.7661948,-3.5965714,-3.5200458,-3.5504022,-3.6096811,-3.752841,-4.005337,-4.4755907,-4.4950104,-4.846071,-5.314411,-5.5730314,-5.618874,-5.9258347,-6.7561855,-6.952496,-6.7781005,-6.8324895,-6.7384653,-6.6137495,-6.674953,-6.7244806,-6.617632,-6.2919774,-5.857069,-5.702683,-5.4853635,-5.5174956,-5.146027,-5.21974,-5.304051,-5.2201715,-5.0636234,-4.839619,-4.7671585,-4.719193,-4.7575483,-4.8314548,-4.8027506,-4.789862,-4.8850384,-4.6974297,-4.566429,-4.715316,-4.918592,-4.998351,-5.359439,-5.9113436,-6.0103817,-6.13657,-6.534942,-7.003056,-6.822291,-6.840664,-7.2844253,-7.531324,-7.424717,-7.296055,-7.254616,-7.26419,-7.023991,-6.915873,-6.897714,-6.7477107,-6.46142,-6.3131714,-6.1429243,-6.0571175,-6.2277794,-6.386338,-6.088818,-5.7491603,-5.4811893,-5.221725,-4.942811,-4.367212,-4.5524006
-6.9027796,-6.9617624,-6.7790384,-6.704586,-6.663226,-6.683502,-6.6882067,-6.6714954,-6.5810537,-6.5356283,-6.4787083,-6.4798,-6.4677396,-6.432044,-6.3255568,-6.35929,-6.236187,-6.2730503,-6.1101165,-6.2305098,-5.912987,-5.826788,-5.633978,-5.684145,-5.617565,-5.739917,-6.120933,-6.159681,-6.3406563,-6.424774,-6.6004534,-6.8066945,-7.3052044,-7.7900095,-7.979322,-8.026031,-8.075954,-8.10627,-8.190525,-8.271694,-8.210476,-7.995768,-7.8402367,-7.857693,-8.209802,-8.554603,-8.28831,-7.9857564,-7.4815216,-7.1142197,-6.9550114,-6.9154925,-6.873908,-6.912818,-6.8833017,-6.8044734,-6.5758967,-6.4050803,-6.350994,-6.3878818,-6.4795294,-6.581336,-6.6872063,-6.8046637,-6.9225063,-7.0813684,-7.300949,-7.6946354,-8.243017,-8.250057,-8.429582,-8.475867,-8.422552,-8.731632,-8.854385,-8.681022,-8.456896,-8.585936,-8.732593,-8.62642,-8.557032,-8.474747,-8.315041,-8.185382,-8.084679,-7.985115,-7.9545507,-8.040232,-8.10263,-7.780848,-7.4453106,-7.2485366,-7.103466,-6.975928,-6.921419,-7.0241423
-7.7961273,-7.7961273,-7.7961273,-7.7961273,-7.7961273,-7.7961273,-7.7961273,-7.7961273,-7.7961273,-7.7961273,-7.7961273,-7.7961273,-7.7961273,-7.7961273,-7.7961273,-7.7961273,-7.7961273,-7.7961273,-7.7961273,-7.7961273,-7.7961273,-7.7961273,-7.7961273,-7.7961273,-7.7961273,-7.7961273,-7.7961273,-7.7961273,-7.7961273,-7.7961273,-7.7961273,-7.7961273,-7.7961273,-7.7961273,-7.7961273,-7.7961273,-7.7961273,-7.7961273,-7.7961273,-7.7961273,-7.7961273,-7.7961273,-7.7961273,-7.7961273,-7.7961273,-7.7961273,-7.7961273,-7.7961273,-7.7961273,-7.7961273,-7.7961273,-7.7961273,-7.7961273,-7.7961273,-7.7961273,-7.7961273,-7.7961273,-7.7961273,-7.7961273,-7.7961273,-7.7961273,-7.7961273,-7.7961273,-7.7961273,-7.7961273,-7.7961273,-7.7961273,-7.7961273,-7.7961273,-7.7961273,-7.7961273,-7.7961273,-7.7961273,-7.7961273,-7.7961273,-7.7961273,-7.7961273,-7.7961273,-7.7961273,-7.7961273,-7.7961273,-7.7961273,-7.7961273,-7.7961273,-7.7961273,-7.7961273,-7.7961273,-7.7961273,-7.7961273,-7.7961273,-7.7961273,-7.7961273,-7.7961273,-7.7961273,-7.7961273,-7.7961273
