-16.26651,-16.26651,-16.26651,-16.26651,-16.26651,-16.26651,-16.26651,-16.26651,-16.26651,-16.26651,-16.26651,-16.26651,-16.26651,-16.26651,-16.26651,-16.26651,-16.26651,-16.26651,-16.26651,-16.26651,-16.26651,-16.26651,-16.26651,-16.26651,-16.26651,-16.26651,-16.26651,-16.26651,-16.26651,-16.26651,-16.26651,-16.26651,-16.26651,-16.26651,-16.26651,-16.26651,-16.26651,-16.26651,-16.26651,-16.26651,-16.26651,-16.26651,-16.26651,-16.26651,-16.26651,-16.26651,-16.26651,-16.26651,-16.26651,-16.26651,-16.26651,-16.26651,-16.26651,-16.26651,-16.26651,-16.26651,-16.26651,-16.26651,-16.26651,-16.26651,-16.26651,-16.26651,-16.26651,-16.26651,-16.26651,-16.26651,-16.26651,-16.26651,-16.26651,-16.26651,-16.26651,-16.26651,-16.26651,-16.26651,-16.26651,-16.26651,-16.26651,-16.26651,-16.26651,-16.26651,-16.26651,-16.26651,-16.26651,-16.26651,-16.26651,-16.26651,-16.26651,-16.26651,-16.26651,-16.26651,-16.26651,-16.26651,-16.26651,-16.26651,-16.26651,-16.26651
-16.246674,-16.312683,-16.381012,-16.422455,-16.446472,-16.45874,-16.493866,-16.520447,-16.523682,-16.504425,-16.502197,-16.531952,-16.58728,-16.6427,-16.662903,-16.63089,-16.564514,-16.489227,-16.437073,-16.415436,-16.427887,-16.461395,-16.438416,-16.353394,-16.307373,-16.326263,-16.243164,-16.129883,-16.134308,-16.178497,-16.155396,-16.098083,-16.036224,-15.983856,-15.960754,-15.9592285,-15.97403,-16.004272,-16.057495,-16.118591,-16.173462,-16.22351,-16.261292,-16.270966,-16.275177,-16.281921,-16.286285,-16.307709,-16.3302,-16.353302,-16.381012,-16.403534,-16.437012,-16.484467,-16.545837,-16.619995,-16.697815,-16.75879,-16.786743,-16.764923,-16.704926,-16.631165,-16.557983,-16.478638,-16.390991,-16.307129,-16.240692,-16.180878,-16.152649,-16.104126,-16.056824,-16.025574,-15.92038,-15.727478,-15.683014,-15.907562,-15.990875,-16.04065,-16.040253,-15.971283,-16.023956,-16.074768,-16.099854,-16.105896,-16.052795,-16.00122,-16.019562,-16.002472,-15.951935,-15.895691,-15.868103,-15.908936,-16.076935,-16.185394,-16.213745,-16.220276
-14.4227295,-14.40625,-14.427155,-14.434174,-14.4530945,-14.413757,-14.4453125,-14.496124,-14.532501,-14.493378,-14.470642,-14.51593,-14.63678,-14.799469,-14.9062805,-14.902008,-14.809021,-14.692352,-14.653595,-14.700348,-14.815704,-14.975403,-14.885376,-14.5937805,-14.543243,-14.823181,-14.650269,-14.289246,-14.331299,-14.599884,-14.732239,-14.793488,-14.819397,-14.791107,-14.767334,-14.759888,-14.79306,-14.854767,-14.981995,-15.127594,-15.249786,-15.351135,-15.449219,-15.471069,-15.525574,-15.6111145,-15.696381,-15.852234,-15.995544,-16.128937,-16.247955,-16.309113,-16.365143,-16.438354,-16.505646,-16.605164,-16.69397,-16.764252,-16.74173,-16.632843,-16.45047,-16.292816,-16.158142,-16.026642,-15.851746,-15.697754,-15.575043,-15.410858,-15.334259,-15.16507,-15.0208435,-15.04071,-14.702209,-14.132935,-14.21402,-15.423279,-15.645752,-15.551453,-15.419586,-15.014313,-15.090973,-15.083466,-15.173126,-14.876312,-14.94873,-15.058105,-15.260223,-15.244904,-15.167908,-15.103119,-14.888977,-14.529877,-14.518646,-14.604187,-14.597168,-14.515839
-13.568085,-13.160339,-12.843353,-12.642273,-12.654694,-12.406311,-12.260529,-12.346527,-12.600739,-12.68512,-12.687012,-12.717285,-12.805634,-12.913086,-13.101501,-13.142303,-13.065247,-12.880646,-12.751129,-12.889923,-13.256195,-13.5000305,-13.042725,-12.083893,-12.197723,-13.860596,-13.551575,-12.404327,-12.280884,-12.938477,-13.160248,-13.402649,-13.617706,-13.666412,-13.63858,-13.606232,-13.670013,-13.722137,-13.911346,-14.075928,-14.143555,-14.189026,-14.236755,-14.364868,-14.501373,-14.663818,-14.805603,-14.94635,-15.075714,-15.222931,-15.398804,-15.561798,-15.761902,-15.9133,-16.014282,-16.113647,-16.23584,-16.314697,-16.267365,-16.046844,-15.762421,-15.527649,-15.344513,-15.060333,-14.654541,-14.428345,-14.509644,-14.315887,-14.510834,-14.380737,-14.46167,-15.3845215,-14.99527,-14.112549,-14.166687,-18.066711,-17.686035,-13.615907,-13.312397,-15.012371,-15.225848,-14.5226,-13.270045,-12.351767,-11.757437,-11.907507,-11.270294,-11.156415,-11.870983,-12.905327,-15.22138,-15.497162,-15.002747,-14.743561,-14.476868,-14.082489
-11.313416,-10.295532,-9.537811,-9.37619,-10.470032,-10.347931,-10.07312,-10.2309265,-10.768036,-11.082001,-11.307831,-11.513245,-11.5720215,-11.58017,-11.750366,-11.834412,-11.90271,-11.919403,-11.960846,-11.930115,-12.005798,-12.023224,-11.641144,-11.040161,-11.480438,-14.954515,-14.584866,-12.343689,-11.8923645,-12.006378,-11.600372,-11.920074,-12.530731,-12.853119,-12.858398,-12.600464,-12.606598,-12.728882,-12.828247,-13.040253,-13.032196,-13.12204,-13.256622,-13.285248,-13.335114,-13.440826,-13.5850525,-13.8098755,-13.961945,-14.085968,-14.292419,-14.499115,-14.752655,-14.955109,-15.108307,-15.263153,-15.44986,-15.581909,-15.55719,-15.327759,-15.004639,-14.734009,-14.457062,-13.872711,-12.934631,-12.713074,-13.606384,-12.603485,-12.983093,-13.1050415,-13.61026,-16.268402,-12.535416,-15.227527,-13.580117,-12.718564,-11.131741,-11.916735,-13.170741,-12.618532,-9.095461,-7.064853,-6.157935,-11.32323,-11.4194,-11.559433,-11.282164,-6.7164545,-5.9018154,-6.040777,-8.833766,-9.07373,-13.150661,-13.965515,-13.491394,-12.487213
-7.9007874,-6.8370667,-6.108917,-6.294525,-11.326228,-10.631959,-9.807903,-8.827332,-9.081726,-9.478027,-9.833923,-10.117035,-10.221466,-10.3342285,-10.708069,-10.944641,-10.988739,-10.983948,-11.261841,-11.419098,-11.655884,-11.762817,-11.559509,-11.290527,-11.6839905,-12.95054,-12.936538,-12.6672325,-13.364817,-13.610721,-11.312225,-10.975708,-11.6666565,-12.397125,-12.434814,-11.484497,-11.241425,-11.587585,-11.796112,-11.988068,-11.999756,-11.985077,-12.176819,-12.021576,-11.891846,-11.8194275,-11.920166,-12.055725,-12.134888,-12.350586,-12.62796,-12.85141,-13.135742,-13.380066,-13.632507,-13.831787,-13.941498,-13.979065,-13.934387,-13.762146,-13.549286,-13.387573,-13.123322,-12.459412,-11.646179,-12.217865,-14.533152,-12.417267,-12.494904,-13.180542,-13.758732,-13.751896,-12.727918,-12.562661,-11.898451,-11.194659,-12.80695,-10.797485,-11.4523945,-7.8094983,-6.858923,-5.9982567,-10.075633,-8.662654,-8.957937,-9.570081,-10.591238,-10.78232,-11.080983,-6.5523796,-6.553221,-10.925846,-13.125366,-12.329254,-11.009094,-9.312103
-4.625458,-4.041443,-4.0188904,-4.7010193,-6.6414795,-7.219269,-6.7828064,-6.726349,-7.269287,-7.6268616,-8.033966,-8.379761,-8.622162,-8.865936,-9.375305,-9.610413,-9.639374,-9.797852,-10.803497,-10.97525,-11.293091,-11.332185,-11.426584,-10.935782,-10.234814,-9.998689,-10.108015,-10.510716,-11.494259,-11.100199,-11.225099,-11.711327,-12.300538,-13.047639,-13.030915,-11.024384,-10.736725,-11.9476,-11.703516,-11.88238,-11.885287,-12.090241,-11.476471,-10.98233,-10.608337,-10.321899,-10.176086,-10.050659,-10.121155,-10.277405,-10.429535,-10.389404,-10.695526,-10.904053,-11.13092,-11.330627,-11.47757,-11.579681,-11.628601,-11.5216675,-11.350464,-11.281067,-10.924744,-10.291779,-10.472839,-12.377926,-12.19936,-11.606092,-11.876469,-11.920287,-11.896449,-11.79958,-11.394214,-11.486324,-11.99654,-12.937854,-12.694092,-11.19278,-11.164551,-10.431946,-8.833435,-5.920183,-9.347066,-5.635232,-5.52357,-6.671446,-7.9615307,-8.814922,-7.5480766,-2.1362839,-1.4630365,-9.506963,-11.865326,-10.333862,-7.9710083,-5.909668
1.3415527,2.5736084,3.092865,2.7355347,0.6063843,-2.7720642,-3.273346,-3.6913452,-4.4842834,-5.1625366,-5.6904297,-6.316986,-6.6800537,-6.8630676,-7.6424866,-8.030792,-8.056091,-8.344635,-10.011698,-9.694859,-9.274204,-9.158443,-9.001877,-8.856996,-8.567547,-8.714749,-8.634075,-8.504637,-9.32581,-10.208181,-10.383997,-10.124983,-10.506054,-10.653754,-11.441162,-10.605837,-9.978448,-11.026728,-9.958471,-9.74449,-9.778445,-9.988558,-9.7331915,-9.727937,-9.773041,-8.929901,-8.25528,-7.5759277,-7.009857,-7.0196533,-7.009369,-5.9658203,-5.9862976,-6.2694397,-6.3120728,-6.49823,-6.6966553,-7.394989,-8.037994,-7.662628,-7.522064,-8.2630005,-8.045044,-8.088348,-9.219883,-8.665247,-8.405508,-8.896391,-9.521812,-9.9390745,-10.046056,-9.870951,-9.974074,-9.831662,-9.813337,-10.914907,-10.94702,-11.612946,-11.276978,-10.528717,-8.673065,-6.737671,-4.723258,-7.0730267,-2.707347,-4.619837,-7.16255,-7.146158,-5.645525,-8.609268,-3.5463214,-11.518219,-9.992828,-7.19812,-3.5697327,-0.5458374
2.9888,4.7341003,5.214203,5.361023,4.9325256,-4.4010887,-1.1828527,-1.5835705,-3.1812696,-3.6807861,-4.2555847,-4.9203186,-5.605438,-5.503937,-6.693136,-7.4152846,-7.14447,-7.297943,-7.93324,-7.5622973,-7.4482384,-7.429978,-7.291632,-7.088745,-6.8890343,-5.7912207,-6.102805,-7.0388365,-7.446412,-7.418705,-9.194147,-9.47514,-8.8938675,-9.598071,-8.736597,-7.9314976,-9.303627,-7.4924207,-8.680891,-8.981921,-8.329219,-8.084482,-7.830928,-7.374646,-7.311792,-7.118417,-6.5553713,-6.820059,-6.656909,-7.1436024,-6.6865234,-5.3490295,-6.0200524,-5.3006372,-4.8219643,-5.465554,-5.068556,-5.2663465,-5.9167175,-5.067444,-5.041748,-5.937046,-5.308683,-5.3253856,-5.6422706,-5.6684313,-6.1071787,-6.691389,-7.290676,-7.7709155,-8.182879,-8.314295,-8.34242,-8.256542,-8.556645,-9.256164,-8.410517,-7.3801575,-10.117548,-10.822449,-9.360596,-7.194763,-5.9809256,-1.636538,-6.793188,-4.5935736,-4.0359936,-3.3066444,-3.2594423,-2.0230713,-5.365863,-9.26001,-6.30777,-3.4333801,-0.586792,1.3237915
5.912384,7.177429,7.0078735,6.6960144,0.14798117,1.4893742,1.9211118,0.4035257,-1.0640056,-1.2966558,-1.8992536,-2.917197,-3.346517,-3.2966042,-3.640214,-4.147666,-4.679727,-4.846228,-5.4886646,-5.4558,-5.577744,-5.883308,-5.882955,-5.3324924,-4.5219183,-4.9456954,-5.1914706,-6.3308845,-5.9656634,-6.4712696,-7.3987303,-8.205991,-8.079989,-8.615109,-5.9185715,-8.017706,-9.036678,-5.008791,-7.3207903,-6.93906,-7.20222,-6.6995544,-5.694438,-5.4232225,-6.4217744,-4.122428,-4.6801195,-3.9158018,-4.2957726,-4.370355,-4.1660585,-3.9537833,-3.9239118,-2.211176,-2.0736578,-1.2236896,-1.3688984,-1.2767906,-1.6699224,-1.4077067,-0.84046006,-1.5300391,-2.1996987,-2.5164237,-2.4184177,-3.0150044,-3.3125007,-4.0843315,-4.826933,-5.4145575,-5.984621,-6.3623486,-6.068548,-6.2976766,-6.394812,-7.4456897,-7.240999,-6.7471848,-6.888935,-7.2912683,-8.976379,-6.640259,-7.3111796,-1.4569926,-6.8686647,-3.272563,-4.2689037,-3.887455,-4.3640947,-9.475464,-7.4243774,-5.771179,-2.9654236,-0.36517334,1.4808044,2.6739197
8.306,8.526245,7.8914185,3.1317408,3.8512769,2.610681,2.1352527,1.8039758,1.4195862,1.1783936,0.6160108,-0.056401372,-0.44763547,-0.507218,-0.97854245,-1.5912244,-1.7245507,-2.459569,-3.0358605,-3.3960876,-3.6402013,-3.8473914,-4.0375905,-3.786239,-3.500398,-3.7418652,-4.1371193,-4.686572,-4.994735,-5.399912,-5.7058077,-7.498978,-7.235022,-7.629115,-5.7323265,-4.619723,-4.142971,-4.5339913,-4.873705,-3.072279,-5.4494276,-5.1788683,-4.163978,-3.9405675,-2.9314466,-3.8449585,-3.8492723,-4.4799695,-4.9123254,-4.9412217,-3.3813465,-3.2951465,-2.3394458,-1.3118322,-1.1121374,-0.64875734,-0.3326378,0.84033084,2.093041,2.2639956,2.3988905,2.5893688,2.7363076,-1.4336071,-0.9385961,-0.88226926,-0.8969202,-1.5289111,-2.390393,-2.9704406,-3.7914112,-4.7506557,-5.522582,-6.213583,-5.9751477,-6.2464476,-5.8351064,-5.986605,-6.380372,-7.949448,-7.669281,-4.9011536,-3.550415,-2.2705698,-3.978816,-4.997241,-3.6077576,-2.9129639,-2.929718,-3.1698303,2.6297302,6.0527954,6.143036,5.2556458,4.3301086,4.5274353
10.258972,10.004852,5.454933,7.1382866,3.6925368,5.081482,3.621778,4.2593327,4.317652,3.3338938,2.9047084,2.7233388,2.0103703,1.4781955,1.1650989,0.563167,0.17619097,-0.50573534,-0.8856428,-1.2239646,-1.5341525,-1.8041745,-2.0590963,-2.117063,-2.2264185,-1.6229501,-2.4760895,-3.0031571,-3.6346416,-3.9598148,-4.4064803,-5.725448,-5.0621,-5.6752763,-6.6052117,-5.7601295,-5.222257,-2.7541146,-2.6156378,-2.383637,-3.6366992,-2.9145536,-3.0813088,-3.6573715,-3.4896755,-4.08727,-4.5448036,-5.4322205,-3.7286377,-2.7749023,-2.5776062,-2.504121,-1.0603132,-0.28727853,0.12419927,1.1945696,2.0991688,1.8163052,2.2570915,3.2988906,4.4168167,3.5100021,3.5555134,3.7343078,0.98440623,1.3865174,1.3027171,0.59663045,0.12337208,-0.5413554,-1.5984597,-3.0454173,-4.3486633,-4.2523804,-4.069977,-4.190082,-3.6334417,-3.8937252,-4.3472733,-6.2762275,-6.6273193,-4.2049255,-1.9593811,-0.047302246,-2.6876574,-4.4524894,-1.7659912,2.6668396,5.3883057,4.8730164,7.677185,9.153259,9.894806,10.045441,9.896332,9.518219
10.99054,9.964783,6.2432985,8.18584,6.7048573,7.012146,6.120344,6.6667466,6.1960106,5.542838,5.0605116,4.665353,4.068435,3.7544885,3.4639246,3.1077833,2.4814332,2.100874,1.5099707,1.0278467,0.7911182,0.5697803,0.06593633,-0.12398195,0.08933842,0.35480976,-0.6900549,-0.8638866,-1.0314586,-1.3035059,-2.0922546,-0.7091541,-2.37781,-2.8024657,-3.2046568,-3.9957178,-4.5699573,-3.8213086,-3.5956018,-3.4995422,-3.8042383,-3.7241588,-3.6253052,-2.9988086,-4.601471,-3.1780396,-1.7265015,-1.3811951,-0.12176514,0.35232544,0.4880371,0.38623047,-0.4527295,0.4244995,0.94512206,1.0156482,-0.56117797,3.3206177,3.6980286,2.5058594,5.209352,4.979158,5.1930532,4.819915,4.351963,4.281498,3.5927503,3.01229,2.2693908,1.5977662,0.5235425,-0.889801,-2.7716675,-3.1209106,-2.9489136,-1.8235376,-1.8192785,-1.8480334,-1.7639246,-4.4494886,-5.240387,-3.3392334,-1.6973877,0.15512085,1.2451782,1.9316711,1.764801,6.056061,7.529846,8.2948,9.199036,10.124329,10.823669,11.455048,11.568573,11.461365
10.352905,9.972992,9.570465,9.5540695,8.464059,8.50061,8.47664,8.6920805,8.374894,7.568072,7.104705,6.661273,6.2075534,5.7290797,5.5796337,5.2472396,4.8440466,4.3460026,3.8915474,3.4107318,3.0588772,2.6112714,2.2201414,2.4338918,2.827687,3.2116637,2.5325413,2.3892248,1.9204605,2.1018953,1.7459822,1.739543,0.5834718,-0.32135916,-1.1371117,-1.0991845,-2.2809644,-3.5429974,-5.2154846,-3.428131,-2.1062927,-1.2562561,-1.6349583,-1.2752969,-1.8068848,0.35656738,2.1245422,2.3954468,2.9945679,3.086975,2.9020386,2.553009,2.3562622,1.4550769,1.5705091,2.5701294,3.5364075,4.4304504,5.4471436,5.860382,6.033783,5.725829,7.419963,7.4702497,6.317453,7.0879803,6.4420347,5.1615505,4.3967237,3.4350328,2.5101209,1.5429645,1.063252,0.326532,0.31962132,0.48439455,0.639305,0.6939981,0.74878097,-0.5528805,-3.7242432,-2.0791016,-0.2835083,1.6393127,3.2806702,4.272644,4.6305847,7.2954407,7.4852295,8.499695,9.438599,10.299225,11.447998,11.753723,11.822784,8.603542
11.744354,10.83493,10.85052,11.268645,11.217986,11.153889,10.645539,10.495242,10.008761,9.486239,9.047864,8.652979,8.133151,7.8956566,7.595034,7.4506884,6.8705897,6.238573,5.952715,5.431205,5.0409765,4.48458,4.6945972,5.6642127,5.9009767,7.152173,6.9470973,5.6747904,4.8016944,3.8540359,3.4613733,1.6108351,1.4977493,0.6942382,-0.7328491,0.6867957,-2.7865062,-3.620575,-3.1744995,-1.1717529,0.4437256,1.306427,-0.5232277,-0.09133911,0.95401,2.6037598,3.6679688,4.1560364,4.537842,4.7070923,4.62677,4.3451233,4.176178,3.7235413,3.9816284,4.3554688,5.309723,6.051422,6.67511,7.4757996,7.899414,7.670288,6.7344446,9.502932,9.116764,9.345383,8.786738,7.803995,6.47859,5.526703,4.6544313,4.287478,3.9085207,3.2295825,2.9034083,2.98739,2.987461,3.0061586,3.3208008,2.425487,0.9581531,-0.6326599,0.6832886,2.7206726,4.3917847,5.4271545,6.183563,7.6232605,7.8606873,8.592499,9.438751,10.526764,11.799683,12.094025,10.169878,11.172211
11.938456,12.750488,12.847622,13.469,13.343267,13.084099,12.708783,12.3687315,11.881278,11.264072,10.950071,10.616929,10.206291,9.90524,9.509017,9.223576,8.383483,8.276136,8.292174,8.000521,8.0001955,7.6009083,7.9876585,9.07438,9.347826,9.265794,9.013414,8.886232,8.199108,6.170608,5.430525,4.551696,2.9808788,2.3721876,1.2393067,1.733356,-0.26320672,-0.45642453,-1.6044312,-0.058044434,1.5351868,2.0832214,1.9156494,2.0784912,2.985138,4.1197815,4.5415955,5.0554504,5.4637146,5.816986,5.9971313,5.9780884,5.8617554,5.838379,5.966217,6.2013855,6.694397,7.3075256,7.894409,8.433075,9.032471,9.315887,9.066467,9.881226,11.100075,11.780146,11.419952,10.715571,9.761931,8.223085,7.5749536,6.9271607,6.5508156,5.8303566,5.428995,5.476373,5.253894,5.3069496,5.168639,4.812864,4.539057,3.5216382,2.4196167,3.9999695,5.329376,6.117218,6.737152,7.6677856,8.141754,8.63855,9.68927,10.936737,12.300812,12.448242,11.196481,12.001378
13.764953,14.231567,14.689579,14.820597,14.568811,14.503274,14.429014,14.004072,13.519361,13.184859,12.904279,12.674313,12.28355,11.743206,11.628674,11.205107,10.857974,10.715316,10.404851,10.306854,9.901161,10.741611,10.504408,11.582055,10.412474,11.0057745,11.08668,11.272172,9.544799,9.143061,7.8538113,6.2548194,5.2952576,4.408617,2.8725452,2.3398817,2.3610034,-0.49952626,-1.1186829,1.2198181,2.663971,3.3625793,3.4283752,3.5522766,4.1343384,4.884247,5.365265,5.8804016,6.220276,6.650482,6.9963074,7.265869,7.425934,7.486145,7.55719,7.7946777,8.061584,8.528809,9.039032,9.461945,9.960754,10.238373,10.236969,11.124354,12.4905205,12.61444,14.2378025,14.1978035,13.461278,11.4768505,10.3921995,9.212401,8.874333,8.134744,7.9963818,7.7300243,7.480503,7.3106327,7.1923304,7.3718324,6.617433,5.9992604,4.1605225,5.0815125,6.368164,7.096466,7.5238647,8.049774,8.563019,9.099701,10.308411,11.540955,12.891174,13.302338,13.7052,13.832916
15.098289,15.960186,15.465419,15.877589,16.201849,16.160154,15.991791,15.204612,14.459194,14.322118,14.862039,15.022619,14.496197,13.528534,11.938141,13.994162,13.940381,14.110676,13.260285,12.761787,13.817394,14.060259,12.118179,10.723793,12.962551,15.237865,13.401435,14.130505,12.630497,11.001268,10.704254,8.922256,7.540685,7.074661,5.023164,5.4936867,3.8449988,1.2043762,1.1334839,2.4055786,3.6684875,4.638275,5.084839,5.2841797,5.5901794,6.036255,6.5441284,7.043457,7.4397583,7.853058,8.150543,8.433441,8.725983,8.8750305,9.083771,9.296448,9.540161,9.915436,10.287415,10.688324,11.054016,11.248566,11.617859,11.240723,14.058671,16.257837,16.245491,16.786339,15.562197,14.325918,13.012847,11.665824,11.306217,10.855377,10.309043,10.09058,10.094613,9.964605,9.847198,9.859768,9.422695,7.937439,7.026428,7.3420105,7.987915,8.4210205,8.898682,9.207947,9.674469,10.292175,11.589874,12.720856,13.942993,14.782806,14.89682,14.931946
15.886008,16.705982,16.889189,17.81483,16.804632,17.756187,17.123592,17.400852,16.144348,16.18518,16.555542,17.414984,17.277294,15.640869,13.565887,16.93471,17.092815,16.999474,17.081602,17.967667,18.775455,16.153233,18.114609,16.667503,16.277208,15.496403,13.29926,17.277897,16.029697,15.997493,13.357222,12.2304945,10.265895,9.522964,8.071467,7.4743166,2.6789808,3.0371094,4.4172473,3.84906,4.779846,5.714081,6.561035,7.0818176,7.5342407,8.011658,8.413879,8.883728,9.193237,9.516327,9.7656555,9.9599,10.200928,10.397644,10.594971,10.856384,11.054169,11.400604,11.677826,12.010895,12.2742,12.459747,12.663239,11.815826,15.852354,17.304108,17.746288,18.697716,18.784506,17.463549,16.089045,15.013603,13.609135,13.10774,12.935936,12.82223,12.987592,12.311036,11.915946,11.152953,10.647186,9.445007,9.205688,9.463654,9.87207,10.407349,10.881012,11.235687,11.541321,12.248749,13.3594055,14.196075,15.057953,15.53537,15.001923,15.18573
18.030575,18.906158,18.317902,18.025974,18.713602,18.257118,18.698336,17.250658,16.45581,17.492554,18.161102,19.957552,19.275578,17.40628,19.046656,19.796223,19.579988,19.674694,20.087189,19.294506,20.282747,18.264477,22.515083,17.097542,21.093046,20.296303,21.038553,20.084133,19.566048,16.670849,16.097198,14.748311,12.852649,12.101778,8.614832,9.24704,8.856354,7.9949036,9.863678,10.243286,10.277222,10.100952,10.216461,10.322388,10.704559,10.952423,11.218231,11.413483,11.547241,11.667236,11.751312,11.862122,12.000214,12.164612,12.337036,12.538269,12.7499695,12.970795,13.228577,13.389252,13.549622,13.483917,13.532043,12.417114,17.71128,19.49553,20.527128,20.22768,20.497702,19.985893,18.633474,17.358006,16.801857,16.145565,15.829222,15.788946,15.28957,13.936668,15.00354,15.565704,15.600159,15.349396,14.304413,13.602966,13.55423,13.726776,13.983673,14.037323,14.21286,14.63855,15.397491,15.786194,16.416931,16.560242,17.813509,18.663986
19.394257,20.126495,19.639587,19.3703,19.010803,18.432404,18.999578,18.788738,18.952534,19.776962,19.323416,22.014462,20.9799,21.69869,19.878143,22.467327,22.090273,22.504519,21.371054,21.28917,24.620993,23.840439,24.401276,23.651186,23.601082,23.056103,24.151981,22.39201,22.411032,18.564274,18.168663,15.656472,14.19287,11.925592,12.433838,11.932098,11.999878,11.214874,13.460236,14.811005,15.019714,14.788971,14.664093,14.567596,14.621307,14.605469,14.595398,14.485443,14.378113,14.262817,14.178833,14.125885,14.146912,14.212097,14.32547,14.440979,14.581543,14.688477,14.824097,14.829132,14.788544,14.571716,14.428375,12.852325,18.168257,20.364464,21.611912,21.993052,21.93891,22.147358,20.752686,19.995813,19.081066,18.692377,18.474724,18.282995,17.438448,17.562744,18.364746,18.84134,18.878265,18.772308,18.416016,17.978516,17.66986,17.512695,17.404327,17.171234,17.0401,17.169373,17.430267,17.481659,17.687225,17.782288,18.908577,19.68359
19.450867,20.668182,20.419159,20.433167,20.348358,20.09909,20.572388,19.982971,21.11363,21.92566,23.10849,22.951872,23.246946,22.67639,19.87091,25.130428,24.34053,24.114695,24.120522,23.253176,24.925373,27.632088,27.504684,25.534168,27.69701,25.917273,25.181868,24.295696,22.804325,20.535084,19.419613,17.298992,15.87619,15.021179,15.025989,14.419739,15.317505,13.492131,16.388702,17.48999,17.645966,17.511353,17.434265,17.370453,17.367615,17.290894,17.2182,17.052643,16.89093,16.704865,16.569214,16.4346,16.393066,16.361633,16.401642,16.396362,16.441345,16.424744,16.411041,16.23645,15.994019,15.584351,14.839142,12.2282715,18.640074,21.573002,22.661371,23.515707,23.571808,23.987623,22.775766,21.757706,21.070158,21.058153,20.628576,20.19798,19.318476,19.289673,20.87149,21.337097,21.349426,21.190857,20.986969,20.748016,20.59439,20.413696,20.244812,19.919647,19.645844,19.432465,19.218231,18.894958,18.768616,18.322998,21.298016,21.132166
23.130817,23.729942,22.118517,21.861053,21.352661,21.239471,21.323853,21.244385,22.300812,20.763275,24.96197,26.949234,26.671082,26.429298,25.950327,27.557003,26.964266,26.456892,25.342043,25.840765,25.220392,29.106468,28.167566,30.360418,29.297352,29.771576,27.849878,26.78849,24.001097,21.998434,20.531206,19.209755,17.651886,17.00296,16.796137,15.933022,18.047699,18.389618,18.69223,19.53418,19.668732,19.558838,19.475311,19.443329,19.400208,19.335022,19.227997,19.091736,18.940186,18.790863,18.645111,18.532623,18.454895,18.398834,18.345337,18.273743,18.180054,18.053894,17.860443,17.553436,17.121643,16.608002,15.718384,13.969269,14.465607,22.532135,24.759218,24.720081,24.602016,24.302422,24.130695,22.765755,22.622753,22.18705,21.69902,21.476566,21.34311,22.729004,23.346252,23.413422,23.25476,23.053192,22.82962,22.653564,22.479706,22.308838,22.06369,21.737518,21.315338,20.8591,20.32251,19.827942,19.64383,19.658173,19.735077,25.375343
27.055847,27.648436,27.478897,25.160944,21.845795,21.307678,21.110779,20.64743,21.976257,19.849915,26.157583,28.714645,30.02138,28.292444,29.53869,30.121826,29.40719,29.807657,29.151955,29.697111,27.16681,28.819057,31.430134,31.963905,31.923218,29.940193,30.694433,28.24179,22.917454,23.604948,21.859425,21.314285,20.219473,19.061523,19.76712,19.892303,20.168274,20.629791,21.165558,21.542725,21.465729,21.268585,21.191376,21.165588,21.149872,21.093231,21.009857,20.8891,20.770233,20.624146,20.50174,20.380463,20.280762,20.154419,20.030151,19.853333,19.662659,19.406006,19.100677,18.670502,18.177856,17.615387,16.818787,15.583099,16.48581,17.60785,24.988485,25.663982,27.702364,24.870163,24.24624,23.52643,23.013983,22.671413,22.764515,23.367096,23.863434,24.44748,24.677826,24.636963,24.47174,24.25647,24.082733,23.899567,23.730011,23.486267,23.182129,22.73999,22.214325,21.59082,21.012299,20.687073,20.902649,21.120605,24.3481,26.10584
29.822598,30.30088,29.797407,28.006992,27.177736,26.451603,26.024542,25.831738,26.687197,26.73346,29.246471,30.29764,31.464083,32.08961,30.49312,31.594822,31.483988,31.284498,30.746033,27.5576,26.63141,30.98681,32.30845,33.2501,33.98893,33.493214,32.014603,29.802183,24.943302,24.293432,22.654797,22.344757,21.108156,21.153442,22.380096,22.676544,22.738983,22.998627,23.010742,22.910461,22.775543,22.699493,22.724457,22.790405,22.804993,22.774414,22.687042,22.567505,22.42102,22.26706,22.097687,21.947845,21.774933,21.58786,21.36737,21.120972,20.827759,20.493378,20.084656,19.613007,19.087067,18.557953,17.87445,17.079437,17.698761,18.800415,25.559525,27.458706,28.344975,28.5521,23.838001,23.47994,22.761333,23.835022,22.958426,24.945068,25.663513,25.839172,25.734467,25.54007,25.302643,25.123993,24.945618,24.766785,24.513428,24.200104,23.763794,23.253876,22.667145,22.134003,21.739166,21.601318,21.514313,21.309753,26.795029,29.973408
32.19883,31.832636,31.602932,30.59626,29.842947,29.607819,29.345695,29.143078,29.833025,30.81839,31.727875,32.277103,32.602955,27.954773,33.174118,33.17363,32.856834,32.943096,30.825338,31.519255,27.892088,26.971941,32.122948,32.985115,34.3888,31.914745,31.299866,30.5766,26.85291,24.417482,23.559732,23.096409,23.132355,23.640106,24.503998,24.516113,24.350983,24.247742,24.16922,24.113464,24.138367,24.218994,24.339264,24.388763,24.367615,24.27658,24.153107,23.980957,23.801575,23.597046,23.403534,23.191437,22.977112,22.71933,22.446655,22.125275,21.775238,21.35791,20.909454,20.401917,19.90094,19.401093,18.886261,18.47055,18.928558,19.734375,22.680878,26.776665,28.51678,28.330488,24.357212,24.375854,24.337097,25.105255,25.635223,26.282623,26.63858,26.50003,26.31186,26.10846,25.933197,25.749603,25.564209,25.299469,24.986908,24.570251,24.104492,23.578796,23.09439,22.66397,22.343323,22.139862,22.104645,27.863354,31.627525,31.767527
33.60826,32.840748,30.392166,32.433804,31.864803,31.608393,31.463163,31.282421,32.064617,33.147194,33.96126,34.132984,34.098976,33.359955,30.455017,34.216785,32.543003,30.26707,29.43407,28.4829,27.961706,28.419495,27.878345,29.115677,29.87646,29.694511,27.192978,29.166096,26.98338,25.6026,24.980268,23.695206,25.082611,25.848022,25.928162,25.579224,25.390717,25.436737,25.505768,25.59607,25.69635,25.798737,25.835297,25.795746,25.675995,25.52649,25.336243,25.133575,24.906738,24.682526,24.437012,24.185028,23.894623,23.586853,23.235382,22.865936,22.444885,22.006165,21.531952,21.062073,20.583282,20.161804,19.789886,19.672089,20.10846,20.981598,23.655823,26.496277,28.081799,28.619461,25.082802,26.19522,26.119568,26.60907,26.972198,27.31958,27.330414,27.053223,26.825867,26.679718,26.472107,26.249542,25.96524,25.66571,25.28955,24.883148,24.42508,23.99533,23.593842,23.30008,23.158081,23.674774,27.28518,31.416151,32.7205,33.56035
34.355534,33.96923,33.55837,33.708664,33.542805,33.350517,33.374866,33.05235,33.86651,34.562363,35.159557,35.14386,35.322975,35.401615,35.12073,34.376152,27.89981,27.195526,26.797241,26.389471,28.182913,28.942486,28.912167,28.787254,27.939802,28.385262,28.985493,28.430668,27.476555,25.825455,25.126532,25.818878,26.567322,26.9917,26.912018,26.756409,26.761353,26.872192,26.978882,27.051453,27.095398,27.074707,26.99176,26.84134,26.661804,26.446777,26.220612,25.965515,25.707489,25.42102,25.12854,24.796814,24.453827,24.072174,23.683197,23.260468,22.835419,22.391418,21.968658,21.548584,21.17453,20.86502,20.737396,20.921082,21.5849,22.670685,24.883728,27.162933,28.146545,29.319887,25.639526,26.689606,27.170013,27.432007,27.846802,27.8396,27.72409,27.545837,27.40393,27.222015,26.986023,26.66748,26.33319,25.960419,25.575653,25.145905,24.7518,24.377502,24.113861,23.989105,24.252197,24.940002,31.277943,33.217678,34.153816,34.321514
33.64905,32.375587,32.48589,34.673836,34.85108,33.46354,34.528793,34.41113,35.17653,35.1602,29.902557,32.805473,36.07811,36.065998,35.269554,32.961388,27.490448,27.322327,27.579376,27.297846,28.918686,29.14993,29.715555,29.30057,28.713116,28.526005,28.834778,27.781464,28.663902,26.602814,26.942078,27.470459,27.864899,27.952698,27.874237,27.92395,28.005249,28.09967,28.12378,28.11502,28.031494,27.90509,27.713562,27.501709,27.253784,27.00119,26.716095,26.429657,26.11615,25.79898,25.45169,25.095856,24.713715,24.337524,23.944061,23.56897,23.193695,22.851105,22.52832,22.286652,22.12497,22.120087,22.312408,22.79306,23.548126,24.608124,26.144287,27.705994,28.505066,30.00999,28.444181,26.7742,27.88385,27.842438,28.214172,28.194885,28.055603,27.94394,27.774536,27.563904,27.315674,27.01651,26.635681,26.255432,25.813873,25.400116,25.03241,24.779541,24.637054,24.738983,25.12564,25.511139,33.201946,34.196854,34.416874,34.668625
31.88589,31.58952,32.050476,32.667473,32.81827,32.288338,32.964806,35.384773,35.652897,35.421314,35.525757,33.05144,35.453377,35.677605,33.58491,26.752045,26.451813,26.846191,27.422089,27.535309,28.753628,31.015919,29.346783,28.740051,28.61615,28.001057,28.69033,29.540827,27.319475,27.487305,28.08966,28.517883,28.572601,28.594147,28.67871,28.7677,28.8443,28.850555,28.808502,28.697937,28.54132,28.330994,28.096558,27.828949,27.559204,27.267822,26.977814,26.668,26.362488,26.034973,25.713806,25.372772,25.044495,24.716492,24.420624,24.139679,23.910187,23.714752,23.604675,23.581879,23.693329,23.926208,24.31668,24.830505,25.48352,26.272003,27.261139,28.264435,29.128998,29.637054,30.095005,27.882511,29.510393,28.054382,28.335754,28.370972,28.223694,28.07666,27.958801,27.686584,27.49228,27.233826,26.877747,26.516968,26.132263,25.741882,25.471954,25.303497,25.32306,25.554382,26.035492,26.784698,33.602215,32.221115,32.713356,32.34952
31.20092,31.065077,31.32813,32.024292,32.007145,31.908049,32.473286,31.369118,35.439583,32.99573,32.069275,34.553085,31.841309,33.628834,26.616882,27.078552,27.250916,27.462097,27.963135,27.644257,29.246395,31.075119,29.08319,28.910461,28.824585,28.752563,28.777153,28.442713,28.865389,28.516388,28.750183,28.963501,29.016663,29.126617,29.225128,29.290009,29.291718,29.248474,29.139587,28.99643,28.796509,28.582977,28.331055,28.078278,27.802551,27.53955,27.261017,26.996735,26.71991,26.459747,26.191132,25.945404,25.698944,25.488525,25.2984,25.162659,25.062317,25.038177,25.078308,25.219421,25.42926,25.727478,26.080933,26.504547,26.957855,27.486664,28.0466,28.565552,28.942047,29.12796,28.72647,28.657776,31.89788,28.305601,28.206635,28.259094,28.122131,27.783417,27.896667,27.789642,27.57962,27.47287,27.107727,26.845856,26.536407,26.24472,26.053223,25.992432,26.062744,26.341705,26.77002,27.40564,30.548168,31.63156,31.235584,31.447636
30.581709,30.413624,30.885214,31.450592,31.776161,31.565477,31.345005,34.87958,32.451385,32.095108,33.27459,32.45469,34.29091,28.245789,27.422974,28.006165,27.869965,27.889221,28.379578,27.950653,29.562435,33.513226,29.63382,29.143982,28.907837,28.82779,28.862534,29.1353,29.45505,28.253397,29.271912,29.30194,29.39862,29.494934,29.57251,29.560516,29.52893,29.439423,29.327332,29.172882,29.003693,28.80606,28.605377,28.38269,28.166382,27.940887,27.730011,27.513214,27.31894,27.12268,26.953003,26.784882,26.650085,26.527527,26.453339,26.403687,26.415222,26.463043,26.577179,26.722351,26.922455,27.136475,27.386322,27.629364,27.89563,28.159882,28.416962,28.56845,28.625671,28.633087,28.77301,29.47647,30.533752,31.899246,27.87674,27.20816,26.766327,26.167267,26.218964,27.459473,27.555267,27.616058,27.434387,27.16623,26.970093,26.70523,26.603424,26.572968,26.663391,26.85315,27.281128,28.019623,29.085735,30.111422,30.585814,30.748056
30.0748,30.03015,29.550295,31.467249,31.392084,31.437283,31.55397,32.161564,32.576725,31.505392,31.793633,34.78016,35.16301,32.184925,27.496185,28.185638,28.166382,28.335999,28.775879,29.002502,30.313,31.538769,29.302826,28.957458,28.884918,28.842896,29.030182,29.269073,28.818249,29.354218,29.263855,29.615204,29.661407,29.758728,29.77649,29.737701,29.67163,29.59439,29.47934,29.36258,29.215515,29.078827,28.920319,28.774933,28.609955,28.463745,28.306458,28.169525,28.032318,27.918457,27.804138,27.713745,27.623474,27.567657,27.517883,27.510529,27.51825,27.57248,27.636261,27.73642,27.836578,27.965515,28.078522,28.19049,28.27353,28.375427,28.453705,28.508514,28.53949,28.63507,28.833344,29.194824,29.467285,29.058685,29.28604,28.541473,28.52649,35.31705,30.465569,31.70902,27.806122,27.490997,27.721008,27.523468,27.365417,27.210114,27.14212,27.148132,27.228333,27.44339,27.827423,28.266754,28.634583,29.162575,29.968424,29.90677
28.681501,28.906277,29.452082,29.994244,30.493046,32.133778,31.11386,32.18528,32.531235,32.33649,31.472252,34.858574,33.631874,27.638578,27.984528,28.604462,28.740723,28.84134,29.122955,29.13861,29.59372,30.587852,29.147919,29.00534,29.08722,29.090332,29.169678,29.622864,29.63205,29.490387,29.706879,30.25998,29.888458,29.910126,29.934906,29.858612,29.808563,29.72409,29.642822,29.538483,29.439026,29.321503,29.215881,29.093689,28.982422,28.856293,28.748932,28.62912,28.535736,28.431335,28.348541,28.25116,28.181213,28.105164,28.063873,28.022034,28.013306,28.005066,28.029358,28.053772,28.105255,28.141388,28.180237,28.18277,28.197357,28.215424,28.253967,28.26352,28.302368,28.36499,28.486816,28.548492,28.575653,28.674194,29.239716,29.546598,30.89457,30.700457,35.093727,32.95228,29.39902,27.953857,27.541718,27.67572,27.636505,27.663666,27.742981,27.78006,27.90512,28.099213,28.38382,28.628937,28.606232,27.885452,28.926752,28.965628
28.520721,28.75824,28.12202,29.545494,30.754005,31.042387,31.18955,31.429071,32.22764,32.68579,31.654501,34.85551,32.71549,28.71466,28.535309,28.886688,29.03772,29.177216,29.320587,29.353271,29.225708,29.317566,28.98587,29.197601,29.354797,29.467163,29.606201,28.855785,30.043121,29.821411,30.335693,29.304438,30.238434,30.051208,30.042236,29.971191,29.89804,29.820984,29.717285,29.623962,29.500519,29.378204,29.237366,29.106201,28.959564,28.820953,28.67038,28.531372,28.391266,28.268585,28.135468,28.015167,27.893402,27.7901,27.690155,27.619019,27.556885,27.531097,27.52063,27.545532,27.567566,27.598755,27.593964,27.5831,27.552368,27.563324,27.58316,27.62912,27.690704,27.817688,27.968842,28.125702,28.22052,28.406525,28.758026,29.332794,31.827148,35.2852,32.75174,35.58567,29.837883,30.492962,32.344574,27.62912,27.590424,27.600525,27.695587,27.807892,27.937042,28.151764,28.232635,28.339905,28.15924,28.300201,27.490093,28.511932
28.459412,28.619171,28.371246,28.954262,30.124966,30.558481,31.147646,30.940304,30.490929,31.855257,36.57573,33.325382,32.39056,28.303162,28.442902,28.907745,29.203613,29.305054,29.393494,29.415436,29.384888,29.338776,29.33548,29.457245,29.571136,29.624054,29.888092,30.262096,30.20993,30.076324,29.695234,29.758987,29.96225,30.14038,30.11615,29.981964,29.869781,29.726349,29.584686,29.420166,29.253662,29.032501,28.836182,28.61438,28.42569,28.21112,28.0253,27.821014,27.653656,27.476349,27.3266,27.17035,27.049164,26.925415,26.83722,26.752106,26.697906,26.640594,26.614197,26.581818,26.571747,26.55426,26.550781,26.531555,26.531158,26.532684,26.583588,26.662994,26.812805,27.005768,27.280548,27.575378,27.916718,28.222473,28.611877,29.288086,32.568336,33.39327,33.459328,33.990868,36.880917,34.650993,32.874496,27.592834,27.372375,27.161652,27.16037,27.231934,27.382385,27.628143,27.668793,27.720184,27.653107,27.7341,27.960297,28.111206
28.006561,28.279724,28.170227,30.063078,30.049646,30.514368,30.800909,30.68128,31.137644,32.524696,32.22019,31.565289,28.708923,28.246185,28.602448,28.92157,29.055878,29.157318,29.230072,29.33133,29.370667,29.4133,29.452332,29.54718,29.617828,29.694336,29.787537,29.511028,30.466583,30.1734,29.199049,30.695065,30.282715,30.141174,30.071808,29.946411,29.772247,29.587921,29.379486,29.169312,28.993774,28.738434,28.50528,28.262756,28.039246,27.814026,27.606445,27.408966,27.228302,27.068512,26.914703,26.783844,26.657135,26.553955,26.451233,26.369385,26.28012,26.208588,26.130005,26.066772,25.993011,25.94394,25.875732,25.827942,25.769135,25.738037,25.714813,25.759521,25.860077,26.076141,26.376007,26.80423,27.28653,27.883606,28.268585,29.412403,31.98397,33.361107,33.491814,35.46661,36.679253,35.86487,34.545567,32.26696,27.723145,26.851715,26.6167,26.562408,26.615875,26.812744,26.765808,26.793701,26.816895,26.905182,27.177216,27.496399
27.426178,27.894226,28.08609,28.975632,30.253307,30.85246,30.793966,30.562618,30.804258,32.021805,34.17942,28.095306,28.40802,28.305267,28.509552,28.701965,28.80014,28.852325,28.949554,29.03122,29.131226,29.210419,29.328644,29.426422,29.53836,29.606964,29.692444,29.158457,29.929632,30.332336,29.57086,29.454668,30.279572,30.080109,30.025208,29.962036,29.879211,29.66275,29.500488,29.261932,29.233612,29.068146,28.913513,28.716248,28.550873,28.355377,28.202759,28.033112,27.900757,27.761932,27.652771,27.537659,27.444427,27.337616,27.246857,27.136414,27.037384,26.919159,26.813354,26.68631,26.574432,26.445557,26.324585,26.181213,26.053436,25.910248,25.79129,25.675415,25.625366,25.647491,25.82492,26.14093,26.609985,27.129059,27.469849,29.825125,32.506382,33.319595,34.16822,35.177197,36.527355,35.42701,34.837284,34.08607,31.750982,27.894257,27.126526,26.428772,26.505219,26.647064,26.397858,26.337097,26.273346,26.284119,26.48526,26.867157
26.85608,27.511597,28.058807,27.34798,30.228043,30.96959,31.394588,31.53565,31.086601,32.162727,29.819044,27.774933,28.235474,28.335358,28.455566,28.535461,28.528229,28.563477,28.618286,28.701172,28.779785,28.897339,29.024353,29.180054,29.314606,29.429565,29.460022,29.80487,28.967745,30.170868,30.480072,30.075592,29.999817,29.953125,29.863007,29.952179,30.1333,29.595032,29.704376,29.2016,29.363312,29.471863,29.411652,29.327362,29.213959,29.106384,28.990997,28.893463,28.792755,28.717102,28.633118,28.571228,28.494415,28.427307,28.335968,28.246918,28.128052,28.00064,27.83783,27.669556,27.475708,27.281555,27.056671,26.830048,26.575104,26.327606,26.06778,25.838684,25.62503,25.501404,25.491394,25.677582,25.988739,26.38681,26.579468,30.393211,32.732323,33.566216,34.144463,34.899563,35.583214,34.945183,33.549755,33.732822,33.27156,32.841343,31.535896,26.323181,25.939575,26.2417,26.049255,25.904602,25.756775,25.770355,25.91632,26.294891
25.993713,26.720825,27.475922,26.836517,30.473877,31.401266,31.092052,31.500072,32.12935,29.485216,29.987127,28.236542,28.046417,27.951263,28.050415,28.104004,28.081696,28.086182,28.164978,28.22873,28.343475,28.456879,28.630737,28.80066,29.00888,29.171753,29.246643,29.299652,29.52298,29.564941,29.290813,30.016052,29.887726,29.748627,29.539398,29.773926,29.518536,30.382378,29.145685,29.091125,29.109436,29.348083,29.453064,29.45456,29.42871,29.368011,29.329285,29.268616,29.235138,29.190887,29.1734,29.14212,29.127777,29.08609,29.043121,28.962921,28.8721,28.726318,28.56308,28.345123,28.115631,27.842041,27.557007,27.230377,26.904297,26.553589,26.217041,25.867615,25.563019,25.313507,25.201752,25.218048,25.392181,25.536102,25.471283,30.140205,32.594906,33.676025,33.829853,34.2413,34.791683,34.325077,33.263737,33.30433,33.412403,32.98418,30.525183,27.865067,25.080475,25.301544,25.395874,25.114868,24.96814,24.954132,25.082275,25.409698
24.972748,25.714966,26.535278,26.226715,31.348795,31.184137,31.29512,31.485428,30.451889,31.46837,28.961218,27.838104,27.98706,27.557892,27.459229,27.591919,27.504608,27.50238,27.530396,27.58789,27.67508,27.815674,27.98349,28.207184,28.449402,28.71344,28.888214,29.032654,29.209656,29.292114,29.385193,29.77356,29.656158,29.289734,29.03775,29.024323,29.598358,30.281233,29.793184,28.702667,28.640839,28.925262,29.138214,29.186432,29.18042,29.181244,29.153168,29.145142,29.12564,29.136139,29.13797,29.169647,29.186584,29.218445,29.211761,29.198822,29.129517,29.03128,28.864777,28.660614,28.390839,28.090424,27.734802,27.361053,26.943573,26.530334,26.112244,25.730011,25.366638,25.088013,24.886322,24.821411,24.852417,24.961914,25.446075,28.248535,32.09266,32.328136,33.106358,33.636143,33.414085,33.501606,32.825226,34.66653,32.934242,31.356253,27.65631,24.284943,24.121002,24.440155,24.465149,24.164307,24.019745,24.036987,24.139923,24.458008
23.888214,24.59967,25.641602,25.944366,30.68767,31.456747,31.266556,30.82307,30.196917,30.247808,29.135391,27.952087,28.414703,27.4133,26.895905,27.114807,26.913605,26.849548,26.825226,26.801758,26.845917,26.93335,27.105438,27.310944,27.598206,27.895447,28.214264,28.511414,28.857178,29.111725,29.368835,29.505615,29.343567,28.906158,28.887756,28.864868,28.295929,28.876282,28.996796,28.050009,28.3078,28.41858,28.666595,28.688477,28.714752,28.711151,28.711151,28.692719,28.70581,28.710571,28.750916,28.783325,28.848907,28.898254,28.96225,28.987427,29.00177,28.953156,28.86673,28.698547,28.478394,28.170074,27.819305,27.404755,26.965057,26.48407,26.02185,25.56363,25.158325,24.798645,24.539368,24.36258,24.280151,24.146973,24.08432,23.424927,33.555435,28.07348,32.50833,33.048695,32.95,32.42715,32.79152,32.21912,32.063507,30.742945,26.74416,24.28659,23.997894,23.77359,23.609802,23.274231,23.1333,23.0766,23.176697,23.409973
22.64383,23.346222,24.342987,24.602264,30.587406,31.571487,31.282696,30.024864,31.24369,28.00463,28.508074,27.926666,29.359924,28.117348,26.143555,26.795227,26.397339,26.284454,26.136719,26.03897,25.964142,25.989319,26.063385,26.236816,26.47165,26.81195,27.19748,27.6651,28.12143,28.56491,28.904114,29.072296,28.951569,28.828339,29.156677,29.486448,27.971863,28.23706,28.380005,27.349762,27.58191,27.81723,27.983002,28.008728,28.022522,28.038025,28.007416,27.999786,27.981018,28.00064,28.014313,28.065369,28.115356,28.200104,28.274475,28.367218,28.427887,28.47876,28.463074,28.41037,28.271362,28.06894,27.759674,27.387756,26.929077,26.440155,25.909912,25.388275,24.863495,24.409027,24.020325,23.76181,23.591705,23.50357,23.402924,23.727234,25.114197,34.03459,28.505043,32.247417,32.027927,32.152943,31.195457,30.946367,30.792173,29.318365,26.365774,24.436737,23.713043,23.345032,22.992432,22.608215,22.349976,22.173584,22.1492,22.263428
21.347961,21.940857,22.926086,23.09143,30.689632,32.178852,31.24233,30.768873,26.805195,28.229921,28.045296,28.367859,28.191572,26.7596,26.266327,26.456177,26.0448,25.827484,25.628632,25.39032,25.209442,25.060608,25.015015,25.03769,25.191498,25.441986,25.869781,26.408386,27.046844,27.663452,28.257843,28.568695,28.64618,28.851654,28.846771,28.611237,27.91504,28.286987,28.194426,26.814362,26.921753,27.030334,27.125946,27.119171,27.157074,27.141235,27.113525,27.059479,27.03479,27.00473,27.010925,27.017944,27.073914,27.128784,27.22754,27.319672,27.444946,27.53955,27.62439,27.650116,27.642792,27.544586,27.375702,27.087036,26.71585,26.245636,25.730347,25.148102,24.557556,23.971039,23.458954,23.024353,22.740997,22.603882,22.684448,23.082947,23.936737,24.981049,32.989338,30.630116,31.105589,31.683155,30.700413,30.163383,29.75172,27.18222,24.077332,24.437317,23.852661,23.285126,22.825104,22.295105,21.872559,21.462097,21.235413,21.121887
20.225616,20.504211,21.421509,22.043884,30.809452,32.014793,31.69752,30.757263,28.434938,27.042494,27.770416,28.17926,28.45153,26.343323,26.264557,26.156403,25.736084,25.499695,25.219025,24.937134,24.64151,24.378937,24.13446,23.989105,23.924988,24.029999,24.302032,24.832367,25.539124,26.434906,27.353516,28.068909,28.544312,28.042088,28.558002,28.71466,27.678133,27.857208,27.49818,25.915436,26.028748,26.162415,26.143463,26.118958,26.131378,26.131653,26.059753,26.007233,25.925476,25.879395,25.82425,25.813599,25.8107,25.860077,25.915222,26.022766,26.131104,26.277557,26.396118,26.516235,26.572144,26.592834,26.528015,26.395203,26.138794,25.79541,25.343658,24.828003,24.233246,23.634644,23.022705,22.475037,21.981964,21.627289,21.389648,21.43515,21.917694,21.670807,31.953754,30.427334,30.631676,30.66907,30.270636,29.640322,27.460072,25.149588,23.879608,24.70987,24.18277,23.638214,23.121246,22.547546,21.93628,21.333862,20.78659,20.394836
19.701935,19.44934,19.889648,20.39685,31.810253,30.646313,31.386122,28.776186,28.569084,26.075798,26.907135,27.448029,26.325197,25.460693,26.058197,25.655365,25.320557,25.107117,24.82843,24.513,24.209747,23.867035,23.548248,23.23468,23.008911,22.866943,22.941223,23.27539,23.988342,25.029266,26.481628,27.507477,28.258413,29.298954,27.657568,28.159988,27.127617,27.466753,25.065413,25.121094,25.055054,25.16043,25.158997,25.028534,25.047272,25.030487,24.97052,24.88379,24.81137,24.720337,24.6568,24.583649,24.556915,24.540497,24.576996,24.623901,24.723175,24.83496,24.988373,25.121094,25.250854,25.318054,25.364105,25.325745,25.224213,25.007294,24.711761,24.307098,23.838531,23.28775,22.705627,22.108917,21.562134,21.080902,20.715607,20.487762,20.566528,19.48349,31.334549,30.308077,29.120277,29.987041,29.658392,28.855701,27.042086,28.869673,24.54242,24.586945,24.362152,23.935028,23.514832,22.944733,22.32425,21.61618,20.919159,20.23642
19.486084,18.874298,18.69522,18.854004,26.929258,31.706844,30.000917,30.260117,25.554325,25.448902,26.294617,26.674133,28.620403,25.68335,25.462372,24.865967,24.550446,24.455902,24.175354,23.89206,23.582092,23.276703,22.932678,22.60498,22.27185,22.023254,21.865326,21.991058,22.49591,23.661499,25.587952,26.33753,27.326033,27.54463,26.747528,25.954199,26.01041,25.803144,25.925041,23.543634,24.264069,24.153778,24.151794,23.92978,23.881989,23.907684,23.833405,23.766571,23.670929,23.60138,23.5065,23.434662,23.352814,23.313873,23.28302,23.299042,23.322723,23.407043,23.50705,23.65152,23.776276,23.901733,23.980957,24.038025,24.018097,23.947418,23.775085,23.5372,23.193909,22.781128,22.259247,21.710388,21.1232,20.590576,20.106781,19.814056,19.821655,18.92575,29.111582,27.864311,27.814323,28.830355,28.245947,26.21053,26.064087,25.085785,24.122131,24.406464,24.098846,23.798431,23.43161,22.969116,22.386536,21.739197,21.004211,20.25412
19.226868,18.4581,17.991302,18.001038,20.290485,29.299868,28.006504,27.364798,25.3418,24.921844,25.182892,25.139923,25.112885,25.048187,24.868011,23.78128,23.456696,23.351349,23.151093,22.84256,22.564545,22.25763,21.964233,21.635345,21.34024,21.078705,20.92569,20.896057,21.17398,21.83725,24.984362,25.605892,25.49907,25.347073,25.145203,24.359928,24.699482,24.758049,24.359194,23.377169,22.177828,23.359344,23.26242,22.811127,22.684692,22.686554,22.66861,22.57486,22.497284,22.404785,22.336304,22.241852,22.166138,22.076721,22.024933,21.974579,21.973267,21.986603,22.05545,22.13446,22.257355,22.365692,22.486633,22.563202,22.62259,22.617615,22.57431,22.444489,22.259125,21.962646,21.587433,21.108337,20.586823,20.018402,19.50293,19.141174,19.154633,18.303436,28.52076,25.552797,26.275698,26.87556,26.41621,24.904793,24.559784,24.261017,23.630493,23.635284,23.32431,23.053162,22.775879,22.386078,21.930725,21.35852,20.721771,19.987213
18.58435,17.890808,17.347687,17.610107,18.117065,26.256857,27.514452,25.982542,22.715696,23.738342,24.185364,24.142365,24.320557,24.23227,23.758331,22.64215,22.248016,22.03012,21.799957,21.516174,21.201202,20.914337,20.599365,20.299255,19.989716,19.765747,19.637024,19.716614,19.945465,20.69931,22.92715,23.534437,23.605576,23.35903,23.133184,22.953384,23.89663,23.444286,22.586332,22.534508,21.4479,22.360504,22.421082,21.865387,21.555328,21.489136,21.463715,21.399506,21.286987,21.190887,21.084503,21.004639,20.905518,20.821198,20.720703,20.656464,20.59787,20.587189,20.592133,20.644196,20.70047,20.794983,20.878204,20.98233,21.053833,21.117676,21.126556,21.103485,21.000214,20.84317,20.585297,20.253784,19.807404,19.306,18.783936,18.432129,18.494385,17.934357,24.523462,23.460316,24.454662,24.480236,23.743069,23.0253,23.190704,23.244446,22.613464,22.381958,22.046265,21.81195,21.539825,21.243774,20.867462,20.433838,19.88327,19.274261
17.469421,16.894714,16.41043,16.414154,16.872467,19.256832,21.449854,20.388527,21.236298,22.783081,23.184174,22.861206,23.041107,22.880188,22.395447,21.5979,21.146942,20.783417,20.490204,20.171173,19.861145,19.518494,19.191864,18.840546,18.517944,18.224426,18.069916,18.163208,18.500427,19.304382,20.176987,21.101868,21.685513,22.078503,21.641796,21.592825,21.692528,21.918049,21.1744,21.460558,20.03397,21.540161,21.606781,21.058136,20.658539,20.429321,20.368988,20.309296,20.222412,20.069275,19.91156,19.759857,19.661469,19.547913,19.441528,19.32666,19.250946,19.181519,19.160614,19.148468,19.178772,19.207916,19.268372,19.321686,19.397675,19.45465,19.514252,19.52707,19.515594,19.433167,19.301483,19.073425,18.76648,18.348389,17.907104,17.52066,17.584106,17.59439,22.34841,21.731434,22.926153,22.33796,21.275286,21.587616,21.787415,21.833008,21.185272,20.754425,20.44339,20.178772,19.917725,19.615936,19.302216,18.928284,18.51178,18.002502
15.87085,15.4852295,15.114777,15.132477,15.720551,16.053894,17.283173,18.6156,20.567474,21.67865,21.820587,21.323456,21.349243,21.246704,20.893097,20.378815,19.927856,19.552612,19.197754,18.87262,18.521362,18.18283,17.819427,17.474487,17.117126,16.789215,16.49582,16.415833,16.760132,17.408722,17.547455,18.312902,19.096786,20.181782,19.6673,19.351986,19.408855,19.740215,19.335426,19.511127,18.899878,20.314209,20.656952,20.204987,19.703308,19.371399,19.231201,19.239899,19.228088,19.113922,18.848022,18.59674,18.412567,18.290588,18.142548,18.01001,17.87909,17.786041,17.70282,17.668518,17.635162,17.633728,17.627594,17.660309,17.682343,17.734741,17.772858,17.828583,17.841492,17.83664,17.763824,17.650757,17.432129,17.152954,16.803894,16.473816,16.364532,17.429749,19.885689,22.217937,20.703798,20.165514,19.294525,19.527924,20.06894,19.92984,19.338287,18.900726,18.57956,18.330627,18.022308,17.705505,17.344208,17.01529,16.653473,16.289856
14.017181,13.749451,13.508636,13.643494,14.486328,15.728668,16.947693,18.046417,19.207794,20.008545,20.133514,19.717346,19.467712,19.25122,19.016449,18.671478,18.350769,18.018372,17.715332,17.373016,17.042847,16.670166,16.31247,15.933014,15.604187,15.268005,15.005005,14.746155,14.878845,15.419586,16.069,15.568365,17.411968,16.052216,16.023132,16.1232,16.255407,16.92644,17.536201,17.523762,17.14421,18.835144,19.443909,19.07434,18.553925,18.078491,17.887238,17.868927,18.10202,18.15149,17.877167,17.491882,17.21225,17.006653,16.841553,16.664215,16.505737,16.361969,16.250214,16.165161,16.100433,16.042114,16.001251,15.970551,15.961639,15.962921,15.993134,16.028961,16.075043,16.097504,16.08368,16.023956,15.9062805,15.72879,15.518524,15.238403,14.491058,15.722245,17.960484,19.59577,18.750948,18.066998,17.344604,17.112701,17.731567,17.584991,17.01706,16.534973,16.275848,16.116455,15.891205,15.559662,15.187408,14.83844,14.545593,14.277374
12.015442,11.901489,11.736023,11.6094055,11.561523,12.485199,13.94339,15.391937,16.698853,17.624908,17.888153,17.707245,17.41632,17.170532,16.947418,16.733337,16.49881,16.246887,15.946991,15.632507,15.300415,14.960846,14.591187,14.230011,13.890991,13.592926,13.346405,13.147949,13.057617,13.242737,13.924591,13.922638,14.354797,14.535126,14.631836,14.691559,14.74707,14.840668,14.293993,15.379015,15.687805,16.838562,17.817963,17.593384,17.07425,16.572357,16.384338,16.454895,16.74408,16.98111,16.77716,16.386688,16.012695,15.761993,15.530975,15.350586,15.135559,14.984131,14.815063,14.715088,14.589203,14.515778,14.412262,14.352325,14.275726,14.240936,14.215729,14.242493,14.275299,14.332672,14.338745,14.356628,14.273193,14.210144,14.048401,14.12619,13.704315,14.754308,15.93433,18.244774,15.490875,15.38382,14.786652,14.242828,14.402649,14.3506775,13.994141,13.663818,13.46994,13.423004,13.335022,13.1875305,12.917145,12.650024,12.382355,12.198761
9.959198,9.902893,9.860779,9.859924,9.840088,9.97937,10.45166,11.302551,12.4470825,13.301788,13.654816,13.5972595,13.467285,13.377167,13.395599,13.438263,13.489532,13.443695,13.300934,13.081268,12.87616,12.642609,12.392792,12.108215,11.8573,11.614685,11.470673,11.361755,11.374847,11.412506,11.809784,12.103638,12.366699,12.608154,12.784363,12.942596,13.136597,13.427429,13.528381,13.640773,14.333527,14.716553,15.701965,15.583832,15.192932,14.907715,15.047974,12.8713255,15.649017,15.87915,15.653351,15.203827,14.787323,14.47583,14.217773,14.00293,13.7812195,13.583405,13.421082,13.272827,13.1651,13.059509,12.95874,12.853424,12.75647,12.655151,12.605469,12.562714,12.605499,12.631348,12.690796,12.725647,12.7135315,12.679138,12.546936,12.72229,12.751923,12.666169,14.109444,16.48061,13.847412,12.508362,11.632874,11.373291,11.5469055,11.61087,11.469666,11.194336,11.016724,10.963409,10.960602,10.856384,10.670258,10.437164,10.225647,10.057343
7.9556274,7.958191,7.960083,7.9948425,7.9987793,8.084656,8.227722,8.496796,8.813416,9.108826,9.193054,9.137665,9.084412,9.149384,9.307678,9.567932,9.8081665,9.98172,9.988281,9.928223,9.874725,9.841095,9.763031,9.674652,9.561737,9.486298,9.437317,9.464508,9.562317,9.713806,9.952789,10.262299,10.524689,10.780945,10.992279,11.237976,11.466644,11.90448,12.068115,11.043039,12.604248,12.287598,12.7099,12.807404,12.735565,12.823242,13.352264,13.379578,13.746246,14.15506,14.09787,13.73996,13.337036,13.057495,12.791992,12.603241,12.370331,12.172974,12.009064,11.867767,11.769348,11.683075,11.572449,11.5043335,11.368286,11.2760315,11.171082,11.098602,11.110321,11.112152,11.17865,11.238129,11.252228,11.305328,11.158966,11.404633,11.411255,11.429095,12.531999,13.12735,11.964996,10.229645,9.258575,9.05069,9.150635,9.231232,9.16452,8.953888,8.76651,8.711182,8.689117,8.635803,8.463165,8.292816,8.117706,8.002869
6.1851807,6.2123413,6.2540894,6.2772217,6.301483,6.318451,6.417938,6.52359,6.6411743,6.674408,6.644348,6.5610657,6.5271606,6.550812,6.683899,6.8760376,7.1130066,7.2674866,7.315674,7.290497,7.3148193,7.3569946,7.4088745,7.417938,7.427063,7.4193115,7.4530334,7.5211487,7.6813354,7.891388,8.162201,8.459137,8.728516,8.982574,9.208893,9.471893,9.76004,10.160492,10.697815,10.923676,10.939728,10.521271,10.515381,10.573883,10.707336,10.760529,10.965424,11.065857,11.298767,11.730835,11.85202,11.692749,11.504791,11.335419,11.194733,11.05835,10.885803,10.720612,10.579712,10.452759,10.395416,10.315338,10.268433,10.204498,10.096405,10.004608,9.884674,9.789398,9.787811,9.748993,9.833496,9.87616,9.9496155,10.039673,9.977509,10.151093,10.227722,8.79275,11.761061,11.205994,9.632629,8.502686,7.61734,7.18692,7.19046,7.248291,7.245453,7.08136,6.9309998,6.877533,6.855835,6.7676697,6.620331,6.42749,6.2959595,6.1873474
4.585144,4.6513977,4.7072754,4.7530518,4.7667236,4.800659,4.8439636,4.9425964,4.9940186,4.9982605,4.930725,4.852478,4.7815247,4.7896423,4.839264,4.963623,5.0890503,5.16803,5.1501465,5.1233826,5.1239624,5.1993103,5.278412,5.356598,5.4033813,5.4685364,5.5289,5.6524963,5.8192444,6.065338,6.344208,6.6629944,6.9174194,7.1662903,7.365692,7.601349,7.8740234,8.204437,8.577423,8.836304,8.803284,8.671478,8.67514,8.790558,8.954376,9.014587,8.960846,9.045258,9.257599,9.590546,9.7508545,9.777863,9.73468,9.711029,9.646851,9.577209,9.450378,9.32843,9.18631,9.111237,9.021362,8.993927,8.956665,8.929352,8.853149,8.790985,8.650879,8.590454,8.521973,8.512085,8.542786,8.613617,8.690308,8.864716,8.883545,9.1094055,9.08609,7.889574,11.045019,10.083466,8.742035,7.474762,6.4612427,5.777466,5.491333,5.5179443,5.5339355,5.475464,5.362549,5.3704224,5.331604,5.2332764,5.062866,4.8618774,4.6851196,4.6062927
3.1521301,3.2175598,3.3174438,3.3692017,3.419159,3.446167,3.5101929,3.5722961,3.6318665,3.6195984,3.5691528,3.473755,3.417389,3.3952942,3.433075,3.4787598,3.5440674,3.5257568,3.4654236,3.3957825,3.3937683,3.445404,3.552185,3.6274414,3.7123108,3.7888489,3.8943481,4.018738,4.2104187,4.4315186,4.718872,5.0057983,5.2723694,5.4839478,5.67865,5.847168,6.0728455,6.296295,6.5312195,6.6909485,6.7398376,6.7452393,6.828125,6.9907837,7.1902466,7.256317,7.1997986,7.222168,7.4096375,7.670044,7.882721,8.010132,8.09433,8.139832,8.144196,8.109955,8.022675,7.919098,7.8064575,7.728363,7.6437073,7.6236267,7.5989075,7.5959167,7.5498657,7.515808,7.4005127,7.3602905,7.267151,7.2774353,7.237976,7.361145,7.359436,7.6247864,7.689972,7.9795837,8.072144,6.68869,7.59043,8.334015,7.722931,6.7138367,5.725647,4.805847,4.1213074,4.01651,4.0439453,4.022644,4.0004883,4.0010986,3.9821167,3.8637695,3.6886597,3.444641,3.2552185,3.1449585
1.8862915,1.9828796,2.079132,2.1759338,2.227539,2.2878723,2.3354187,2.4024048,2.4255981,2.4234009,2.346527,2.2693176,2.195465,2.1755066,2.1474,2.1498718,2.1070862,2.013855,1.8674927,1.7850952,1.7710876,1.8630981,1.968811,2.0743408,2.1566467,2.2645874,2.3657227,2.5209656,2.7017822,2.9373474,3.2002563,3.4960327,3.74411,3.9615479,4.1243896,4.2793884,4.424103,4.5872803,4.715271,4.828888,4.886963,4.9643555,5.077057,5.273651,5.4615173,5.554291,5.5190735,5.563019,5.727417,5.9916687,6.220459,6.429657,6.5635986,6.662201,6.682892,6.6795044,6.588135,6.5083923,6.3955383,6.3258667,6.227844,6.2196045,6.173706,6.1776733,6.140503,6.1355896,6.0412292,6.032837,5.9424133,5.940338,5.8885803,5.9803467,5.974243,6.1591797,6.4401245,6.6065674,7.277191,7.563141,4.4727774,7.272461,6.4014893,5.421692,4.6786194,3.7563477,2.8377075,2.548645,2.546753,2.5859985,2.6099243,2.6462097,2.624054,2.5480042,2.3684998,2.1596375,1.9661865,1.8837891
0.8198242,0.9083557,1.0354309,1.1186829,1.1948547,1.230835,1.2764587,1.288269,1.289093,1.2208862,1.1322021,1.0260315,0.92871094,0.8111267,0.6654663,0.48675537,0.24371338,-0.033843994,-0.19076538,-0.20620728,-0.056030273,0.13916016,0.32589722,0.43997192,0.53445435,0.60079956,0.70166016,0.83062744,1.0222473,1.2628479,1.5756531,1.886261,2.1747437,2.3945007,2.580902,2.7237854,2.8728638,2.9970398,3.1072388,3.1860962,3.2750244,3.370636,3.5120544,3.69281,3.8957214,3.9918213,4.020447,4.0881653,4.281128,4.5395203,4.807617,5.0155945,5.183197,5.266571,5.3062134,5.269226,5.206909,5.1016235,5.0122986,4.9071045,4.8310547,4.7643127,4.724518,4.68161,4.659851,4.6340027,4.598999,4.5631714,4.5262146,4.4936523,4.469391,4.462311,4.4894104,4.533783,4.764984,4.9824524,5.334381,6.021179,5.987915,5.7207947,4.118164,3.1132812,2.6040955,1.7471619,1.0171509,0.7592163,0.8340454,0.95562744,1.0917664,1.1694031,1.2196655,1.1851807,1.0925903,0.9425659,0.83795166,0.7770996
-0.26416016,-0.14031982,-0.029754639,0.06137085,0.11178589,0.16073608,0.13824463,0.07168579,-0.06347656,-0.2128601,-0.4064026,-0.61642456,-1.021637,-1.5279846,-2.238861,-2.994812,-3.7481384,-3.9213562,-3.5469666,-2.8655396,-2.16391,-1.6475525,-1.3910522,-1.4016724,-1.541626,-1.6386414,-1.7384949,-1.7072449,-1.5571594,-1.1687317,-0.6760864,-0.16000366,0.26889038,0.6185608,0.8658142,1.0912781,1.2623901,1.4190063,1.5354614,1.6459656,1.7482605,1.8840027,2.0420227,2.2375183,2.4186096,2.545288,2.6195374,2.766632,3.0090332,3.2966003,3.5449524,3.7510376,3.8735962,3.9450684,3.9408875,3.900177,3.8075256,3.7092896,3.588379,3.4780579,3.3631592,3.2713318,3.1853638,3.116516,3.0628357,3.0288696,2.9945374,2.9415588,2.916626,2.846466,2.7989807,2.733307,2.6879883,2.6705933,2.7036133,2.877411,3.0048218,3.137146,2.917633,1.5679321,-0.13497925,-1.0187988,-1.4461975,-1.9998169,-2.3172913,-2.1828918,-1.8454895,-1.4491882,-1.0698547,-0.752655,-0.5108032,-0.32009888,-0.27560425,-0.29214478,-0.33328247,-0.3149109
-1.6708679,-1.5810547,-1.448883,-1.3855591,-1.3141785,-1.3727722,-1.5916138,-2.0760193,-2.5226135,-2.7608032,-2.9883728,-3.74115,-5.2859497,-6.88501,-7.9923706,-8.833191,-9.156555,-8.195618,-6.7501526,-5.527527,-4.6424255,-4.14151,-4.1610413,-5.0967407,-6.442322,-7.228943,-7.808777,-7.974884,-7.5392456,-6.057678,-4.6092834,-3.3092346,-2.264923,-1.5492859,-1.108551,-0.8384094,-0.651886,-0.4918518,-0.3298645,-0.19369507,-0.008728027,0.17254639,0.34848022,0.507843,0.6941223,0.8423767,0.99819946,1.217102,1.5286255,1.8426819,2.117157,2.2860413,2.3954163,2.4119873,2.395752,2.312378,2.2189941,2.0911865,1.9563599,1.7941895,1.6517334,1.5021667,1.3795471,1.246582,1.1747131,1.0877075,1.0388184,0.9541626,0.9186096,0.77767944,0.7294922,0.5029297,0.47076416,0.17877197,0.15844727,-0.049194336,-0.115753174,-0.5048218,-0.9603882,-2.7759094,-4.1295166,-4.173126,-4.139038,-4.353363,-4.2099,-3.8393555,-3.415863,-2.9947815,-2.5316772,-2.1356812,-1.7877502,-1.5722351,-1.5299377,-1.6859131,-1.7488098,-1.7458801
-3.8458252,-3.662201,-3.4301147,-3.1870728,-3.1318054,-3.3908691,-4.2423096,-5.713562,-7.349823,-8.652832,-9.639587,-11.038055,-12.767578,-14.627563,-15.245911,-15.657898,-15.54306,-13.1922,-11.541321,-11.328033,-11.561523,-12.062073,-12.995087,-13.996735,-15.507599,-15.314911,-15.723175,-15.795624,-14.507294,-10.650482,-8.130951,-6.5174255,-5.256836,-4.4555054,-4.3265076,-4.765259,-4.850952,-4.342224,-3.8323975,-3.3504639,-2.7373657,-2.3458252,-2.49115,-2.6053772,-2.4909973,-2.3345642,-2.1061401,-1.6472473,-1.144104,-0.6633606,-0.31222534,-0.061431885,0.05255127,0.07595825,0.032043457,-0.04751587,-0.17803955,-0.30908203,-0.48098755,-0.6386719,-0.8016052,-0.9216614,-1.0690613,-1.1789246,-1.2923279,-1.3790588,-1.5076904,-1.6219788,-1.7769165,-1.929596,-2.1510315,-2.3510742,-2.5787964,-2.7757263,-3.0806885,-3.2611694,-3.546173,-3.6330566,-4.4148254,-6.1928406,-6.9492493,-7.2392883,-7.0510864,-6.9759827,-6.5387573,-5.938141,-5.3793945,-4.795685,-4.230072,-3.7379456,-3.3353577,-3.1617432,-3.5486145,-4.075775,-4.088745,-3.940216
-8.667511,-9.273682,-9.852692,-10.395721,-10.898743,-11.3793335,-12.044708,-13.036407,-13.992889,-15.232544,-15.228943,-15.614929,-15.754456,-20.439642,-18.41631,-19.84658,-17.979187,-17.667526,-17.310394,-15.785492,-15.924957,-15.437805,-15.1449585,-14.54361,-19.949106,-17.734467,-19.76347,-20.033218,-18.032822,-13.7977295,-11.369232,-10.196838,-9.998077,-9.964539,-10.214478,-11.710632,-10.665253,-8.651001,-7.4950867,-7.0591125,-6.533722,-6.481201,-7.8352966,-7.7698975,-7.024811,-6.9553223,-6.8243103,-6.1137085,-5.468933,-4.958893,-4.476898,-4.0979004,-3.8588257,-3.7634277,-3.7096863,-3.7135925,-3.7572632,-3.8278198,-3.8428345,-3.8804932,-3.9405212,-4.0246887,-4.145111,-4.251831,-4.342682,-4.4978027,-4.695465,-4.901947,-5.0519104,-5.224365,-5.4493103,-5.6929626,-5.8441772,-5.973572,-6.140045,-6.321808,-6.119995,-6.0832214,-7.8213196,-14.003296,-10.391052,-10.144867,-10.006165,-9.51944,-8.750397,-7.963043,-7.3503723,-6.7022095,-6.0425415,-5.4000854,-4.80072,-4.625366,-5.32547,-6.5723877,-7.5384216,-8.071869
-15.42746,-15.635193,-15.631561,-15.456238,-15.252716,-15.291595,-15.431793,-15.37439,-14.769623,-18.53174,-16.647442,-18.108555,-18.682026,-19.889069,-19.572405,-18.183073,-19.221447,-20.785803,-18.672134,-17.706512,-18.772987,-16.22797,-17.941368,-19.07843,-20.223183,-19.771807,-18.456877,-19.451654,-18.522644,-15.701935,-13.966888,-13.513763,-13.623108,-13.447113,-14.117981,-21.027252,-15.706268,-12.878662,-12.355286,-12.102173,-11.441101,-11.176758,-19.24665,-14.990967,-13.642853,-14.316284,-13.86142,-11.510193,-10.061401,-9.638214,-9.177399,-8.589386,-8.129913,-7.8621826,-7.6743164,-7.580963,-7.5344543,-7.382599,-7.1651306,-7.1581726,-7.393097,-7.6451416,-7.8571777,-8.048798,-8.302307,-8.598633,-8.872498,-9.062988,-9.22934,-9.438416,-9.646301,-9.772125,-9.787018,-9.838379,-9.966156,-9.879883,-9.463226,-9.254272,-18.23263,-17.748217,-13.266327,-13.179535,-12.840179,-12.186981,-11.2717285,-10.517181,-10.178101,-10.06131,-10.16095,-10.478546,-11.10907,-11.966095,-13.039734,-14.397278,-15.784882,-15.365265
-18.086378,-16.777477,-18.112755,-18.124903,-18.025013,-18.16633,-17.66011,-18.319166,-19.098835,-19.211027,-19.609133,-20.03387,-20.622131,-21.17591,-20.638615,-19.933779,-19.461624,-20.179626,-16.55185,-20.16373,-16.751047,-18.014265,-20.23354,-20.092709,-19.59906,-19.195126,-20.566628,-15.345459,-17.88678,-18.09459,-17.432266,-17.042542,-16.563568,-15.319702,-22.672585,-18.033726,-17.398987,-17.949692,-18.85054,-18.609695,-17.56488,-16.14862,-23.395803,-20.581192,-20.887043,-21.78755,-19.299103,-16.419495,-14.209137,-13.968231,-13.443665,-12.403961,-11.956055,-11.958405,-11.552856,-11.216095,-11.388031,-11.305725,-11.259949,-12.196472,-13.78653,-13.852325,-13.8671875,-14.1640625,-14.522186,-14.733673,-14.835693,-14.949127,-15.186737,-15.485779,-15.620575,-15.539856,-15.383453,-15.4340515,-15.577362,-15.326721,-14.702087,-14.459473,-22.132832,-20.700897,-16.553268,-16.584045,-16.073517,-14.85202,-14.214081,-13.469391,-13.493347,-13.631897,-13.955994,-14.838409,-15.678253,-15.569122,-15.441925,-15.192169,-18.121277,-16.02002
-19.609156,-19.736847,-19.84906,-20.185562,-20.610558,-20.952488,-21.109257,-20.92559,-20.72203,-21.024345,-21.393799,-22.036453,-22.460924,-22.11274,-21.381172,-20.955547,-21.18803,-21.275673,-20.72872,-19.04444,-17.587395,-19.765318,-20.908058,-21.939125,-20.929224,-18.716179,-18.162067,-20.39736,-18.77797,-18.305733,-18.07639,-17.731476,-17.93012,-18.357262,-18.775856,-18.877296,-18.528866,-19.037619,-19.439953,-19.750181,-20.047031,-20.366161,-21.117756,-21.085209,-21.60714,-19.097198,-20.011383,-20.088501,-19.042572,-18.920013,-18.627518,-17.792511,-17.324982,-17.266571,-16.816101,-16.352722,-16.302826,-16.054077,-15.517944,-15.233582,-19.34255,-17.827812,-17.664875,-17.951702,-18.267845,-18.684107,-18.987392,-19.156164,-19.388674,-19.701372,-20.17389,-20.755293,-21.336948,-21.708828,-21.919687,-22.128756,-22.0465,-21.959665,-22.80281,-22.05946,-18.60109,-18.934952,-19.199097,-18.755585,-18.060211,-17.019012,-17.467896,-17.396088,-17.283203,-16.342773,-18.076818,-16.599709,-16.743149,-17.482285,-18.553547,-19.04449
-20.618353,-21.360764,-21.933903,-22.4058,-22.74907,-23.01181,-23.212124,-23.355125,-23.464584,-23.657381,-23.899836,-24.130056,-24.245855,-24.121956,-23.932522,-23.992344,-24.040886,-23.64192,-22.576105,-21.884998,-21.430582,-21.645317,-22.556833,-23.097895,-22.665382,-21.616472,-20.585787,-20.348854,-21.430496,-21.396189,-20.740765,-20.185501,-19.91048,-19.836342,-20.12545,-20.109407,-19.90932,-20.09621,-20.181412,-20.095306,-19.983692,-19.773296,-19.587196,-21.259703,-21.789873,-21.535563,-21.910456,-22.080112,-21.734663,-21.430296,-21.252386,-21.119463,-20.971933,-20.738386,-20.338356,-19.86633,-19.429094,-19.04921,-18.641142,-18.463707,-18.846878,-18.53598,-18.683052,-19.101751,-19.29316,-19.566372,-19.802706,-20.054502,-20.288837,-20.52907,-20.720655,-20.882607,-21.006802,-21.188122,-21.34003,-21.398123,-21.32916,-21.297304,-21.479887,-21.17083,-18.230804,-18.979248,-19.410355,-18.989761,-18.808731,-18.084518,-17.266357,-16.425964,-18.924438,-16.76936,-18.030329,-16.837322,-18.697098,-18.413248,-19.77523,-19.994091
-22.336727,-23.21911,-24.003284,-24.674664,-25.197008,-25.608845,-25.893356,-26.112015,-26.29029,-26.52214,-26.720545,-27.022415,-27.305061,-27.47072,-27.46675,-27.314877,-27.016457,-26.396454,-25.811766,-25.544159,-25.402493,-25.43979,-25.634674,-25.704136,-25.411661,-24.837069,-24.203276,-23.630062,-23.36587,-23.216839,-22.98436,-22.685143,-22.354433,-22.013226,-21.78529,-21.56437,-21.405235,-21.406433,-21.30291,-21.06824,-20.812622,-20.577858,-20.430668,-20.537271,-20.682623,-20.876068,-21.075087,-21.029636,-20.886662,-20.746933,-20.655985,-20.583645,-20.544785,-20.49602,-20.417004,-20.294073,-20.116558,-19.88254,-19.720264,-19.612036,-19.734728,-19.761778,-20.096195,-20.457874,-20.813135,-21.219292,-21.55549,-21.801586,-21.995422,-22.122631,-22.199104,-22.262852,-22.327084,-22.319603,-22.461708,-22.533394,-22.444826,-22.280844,-22.096607,-21.689213,-21.218164,-21.07522,-20.718552,-20.10095,-19.485981,-18.905933,-18.453182,-18.385408,-18.41786,-17.586458,-18.761063,-18.315098,-19.734962,-20.068867,-20.825052,-21.552303
-23.210598,-23.950853,-24.676304,-25.381866,-26.092152,-26.760382,-27.393124,-27.951183,-28.430832,-28.800766,-29.105963,-29.320084,-29.443554,-29.48309,-29.467701,-29.34787,-29.121445,-28.996426,-28.811811,-28.576212,-28.266226,-28.112309,-28.069433,-27.851482,-27.490011,-27.092434,-26.690708,-26.44813,-26.000893,-25.561659,-25.191296,-24.914965,-24.669123,-24.36923,-23.996313,-23.590109,-23.13244,-22.70657,-22.197533,-21.71204,-21.376759,-21.133904,-21.01112,-21.021618,-21.122566,-21.03944,-21.05571,-21.096458,-21.006962,-20.900442,-20.855202,-20.852089,-20.862741,-20.91753,-20.989388,-21.063053,-21.120064,-21.140392,-21.12165,-21.105747,-21.129951,-21.261309,-21.577557,-21.965889,-22.362717,-22.741945,-23.02723,-23.180473,-23.234993,-23.176334,-23.059313,-22.912987,-22.757042,-22.69484,-22.557434,-22.369072,-22.200785,-22.011753,-21.802435,-21.642147,-21.35936,-21.102587,-20.778706,-20.385214,-19.981483,-19.67946,-19.34068,-19.00813,-18.958035,-18.922066,-19.275187,-19.7372,-20.399767,-20.99161,-21.732746,-22.462101
-25.034595,-25.66226,-26.243164,-26.790125,-27.331385,-27.837809,-28.280096,-28.630201,-28.938337,-29.19169,-29.437107,-29.629635,-29.825531,-30.021782,-30.227144,-30.420254,-30.563047,-30.697893,-30.762188,-30.816216,-30.689413,-30.566816,-30.306637,-30.076687,-29.732903,-29.447752,-29.136839,-28.840485,-28.530416,-28.229792,-27.967619,-27.745361,-27.53569,-27.25407,-26.872477,-26.43057,-26.122496,-25.636179,-25.097776,-24.617796,-24.169634,-23.595324,-22.247238,-21.578075,-22.356674,-22.254871,-21.855366,-21.539183,-21.615294,-21.795822,-21.92698,-22.109802,-22.323112,-22.479425,-22.70779,-22.863811,-23.022947,-23.20566,-23.381523,-23.530472,-23.676008,-23.870674,-24.029533,-24.194042,-24.300003,-24.403887,-24.51947,-24.619019,-24.669445,-24.678698,-24.640568,-24.57938,-24.537481,-24.465248,-24.408463,-24.3713,-24.007023,-23.589954,-23.260965,-22.953339,-22.688314,-22.44941,-22.205421,-22.005283,-21.902025,-21.862165,-21.856667,-21.817562,-21.961462,-22.114763,-22.149994,-22.426497,-22.949074,-23.449627,-23.907042,-24.430487
-26.053009,-26.266357,-26.434282,-26.45793,-26.52619,-26.663921,-26.803482,-26.971088,-27.111542,-27.272057,-27.438799,-27.556637,-27.704893,-27.817451,-27.904593,-27.953388,-27.989252,-28.004705,-28.04007,-28.123182,-28.264881,-28.426521,-28.640396,-28.832026,-28.943752,-29.078236,-29.235483,-29.298777,-29.360018,-29.41433,-29.47129,-29.518787,-29.521805,-29.452211,-29.418627,-29.489973,-29.411509,-29.245996,-29.024551,-28.742197,-28.48383,-28.013271,-27.405155,-26.840626,-26.085735,-25.3232,-24.812803,-24.784264,-25.238691,-24.29737,-24.178246,-24.291801,-24.392965,-24.412994,-24.036234,-24.436235,-24.477953,-24.33407,-24.17677,-24.07073,-24.247147,-24.323433,-24.27726,-24.385567,-24.78258,-24.915787,-24.664654,-24.87274,-25.407078,-25.339033,-25.017872,-24.694016,-24.626118,-24.613495,-24.40956,-24.149717,-24.19661,-24.342827,-24.410439,-24.364143,-24.253181,-24.236513,-24.308895,-24.33054,-24.317577,-24.308529,-24.35437,-24.440222,-24.532362,-24.602577,-24.90116,-25.130568,-25.372496,-25.462515,-25.602398,-25.819717
-26.249897,-26.249897,-26.249897,-26.249897,-26.249897,-26.249897,-26.249897,-26.249897,-26.249897,-26.249897,-26.249897,-26.249897,-26.249897,-26.249897,-26.249897,-26.249897,-26.249897,-26.249897,-26.249897,-26.249897,-26.249897,-26.249897,-26.249897,-26.249897,-26.249897,-26.249897,-26.249897,-26.249897,-26.249897,-26.249897,-26.249897,-26.249897,-26.249897,-26.249897,-26.249897,-26.249897,-26.249897,-26.249897,-26.249897,-26.249897,-26.249897,-26.249897,-26.249897,-26.249897,-26.249897,-26.249897,-26.249897,-26.249897,-26.249897,-26.249897,-26.249897,-26.249897,-26.249897,-26.249897,-26.249897,-26.249897,-26.249897,-26.249897,-26.249897,-26.249897,-26.249897,-26.249897,-26.249897,-26.249897,-26.249897,-26.249897,-26.249897,-26.249897,-26.249897,-26.249897,-26.249897,-26.249897,-26.249897,-26.249897,-26.249897,-26.249897,-26.249897,-26.249897,-26.249897,-26.249897,-26.249897,-26.249897,-26.249897,-26.249897,-26.249897,-26.249897,-26.249897,-26.249897,-26.249897,-26.249897,-26.249897,-26.249897,-26.249897,-26.249897,-26.249897,-26.249897
