1021.3829,1021.3829,1021.3829,1021.3829,1021.3829,1021.3829,1021.3829,1021.3829,1021.3829,1021.3829,1021.3829,1021.3829,1021.3829,1021.3829,1021.3829,1021.3829,1021.3829,1021.3829,1021.3829,1021.3829,1021.3829,1021.3829,1021.3829,1021.3829,1021.3829,1021.3829,1021.3829,1021.3829,1021.3829,1021.3829,1021.3829,1021.3829,1021.3829,1021.3829,1021.3829,1021.3829,1021.3829,1021.3829,1021.3829,1021.3829,1021.3829,1021.3829,1021.3829,1021.3829,1021.3829,1021.3829,1021.3829,1021.3829,1021.3829,1021.3829,1021.3829,1021.3829,1021.3829,1021.3829,1021.3829,1021.3829,1021.3829,1021.3829,1021.3829,1021.3829,1021.3829,1021.3829,1021.3829,1021.3829,1021.3829,1021.3829,1021.3829,1021.3829,1021.3829,1021.3829,1021.3829,1021.3829,1021.3829,1021.3829,1021.3829,1021.3829,1021.3829,1021.3829,1021.3829,1021.3829,1021.3829,1021.3829,1021.3829,1021.3829,1021.3829,1021.3829,1021.3829,1021.3829,1021.3829,1021.3829,1021.3829,1021.3829,1021.3829,1021.3829,1021.3829,1021.3829
1009.379,1009.05914,1009.61066,1009.2116,1009.72217,1009.2768,1009.77484,1009.38104,1009.9276,1009.5254,1010.02356,1009.5615,1010.0119,1009.519,1009.9958,1009.5275,1010.0385,1009.55194,1010.09216,1009.5876,1010.1237,1009.6023,1010.1496,1009.6208,1010.1669,1009.6486,1010.2082,1009.71185,1010.2697,1009.7785,1010.2936,1009.7708,1010.264,1009.75464,1010.2585,1009.8022,1010.3271,1009.8775,1010.3901,1009.9448,1010.47797,1010.0603,1010.6094,1010.1901,1010.7028,1010.2747,1010.76227,1010.3215,1010.79083,1010.3444,1010.79004,1010.34436,1010.79926,1010.3723,1010.83325,1010.39636,1010.8351,1010.3701,1010.78754,1010.3282,1010.7589,1010.314,1010.73315,1010.23395,1010.5843,1009.9915,1010.2771,1009.649,1009.9489,1009.37897,1009.81305,1009.4237,1010.0235,1009.78827,1010.4491,1009.92926,1010.15625,1009.6335,1010.1822,1009.9135,1010.3837,1009.88464,1010.19434,1009.7998,1010.345,1010.11816,1010.46906,1009.8403,1010.1875,1009.63477,1009.83405,1009.1083,1009.2669,1008.6341,1009.08295,1008.75555
1008.745,1009.2155,1008.74304,1009.1893,1008.72577,1009.11334,1008.5975,1009.0983,1008.7179,1009.263,1008.86176,1009.36646,1008.9054,1009.37036,1008.90894,1009.4164,1008.94214,1009.45044,1008.9691,1009.4965,1009.0089,1009.60425,1009.13885,1009.72943,1009.23157,1009.81793,1009.37006,1009.9796,1009.5607,1010.1794,1009.7291,1010.28406,1009.81793,1010.35016,1009.9055,1010.4761,1010.08154,1010.6408,1010.23663,1010.79425,1010.3957,1010.9682,1010.5675,1011.0905,1010.64716,1011.1296,1010.6814,1011.1528,1010.7166,1011.1814,1010.7308,1011.16815,1010.7175,1011.15686,1010.7021,1011.1286,1010.6469,1011.0357,1010.528,1010.90906,1010.42004,1010.80975,1010.30664,1010.6722,1010.13324,1010.5012,1009.97943,1010.3807,1009.858,1010.2312,1009.7186,1010.1698,1009.70245,1010.22015,1009.78754,1010.0275,1008.9987,1009.49207,1009.2515,1010.0469,1009.61847,1009.6921,1009.0233,1009.20123,1008.98035,1009.6603,1009.0635,1009.1875,1008.77856,1009.3293,1009.20764,1009.7023,1009.1554,1009.39655,1008.78076,1009.1789
1008.8175,1008.18787,1008.50995,1007.99207,1008.48157,1007.87164,1008.1697,1007.691,1008.2253,1007.84216,1008.3993,1008.0423,1008.5837,1008.16693,1008.71295,1008.2754,1008.80676,1008.3137,1008.8179,1008.26733,1008.8425,1008.4244,1009.0657,1008.57654,1009.1139,1008.615,1009.2551,1008.82715,1009.4953,1009.1578,1009.81085,1009.41907,1010.04675,1009.6368,1010.21967,1009.84735,1010.4555,1010.09045,1010.7019,1010.3558,1010.9704,1010.6019,1011.1662,1010.73676,1011.22003,1010.77234,1011.25854,1010.84503,1011.3754,1011.00476,1011.51086,1011.10266,1011.56146,1011.11176,1011.54083,1011.0769,1011.488,1010.98157,1011.3308,1010.7708,1011.0615,1010.44586,1010.68146,1010.0501,1010.3801,1009.9233,1010.4735,1010.143,1010.6273,1009.9973,1010.114,1009.1379,1008.8714,1007.7218,1008.35675,1008.61615,1009.59265,1009.38873,1007.01935,1007.4696,1007.35645,1007.5791,1006.4987,1006.018,1006.74646,1008.7378,1008.4036,1006.8265,1007.94904,1007.36816,1007.3368,1008.4554,1009.8905,1009.435,1009.46893,1008.614
1006.9357,1007.24786,1006.76373,1007.34906,1007.2136,1007.6362,1007.00903,1007.47675,1007.0868,1007.59406,1007.20184,1007.786,1007.4146,1007.9476,1007.53973,1008.0501,1007.56866,1008.03925,1007.5,1007.981,1007.54407,1008.2397,1007.80554,1008.3132,1007.686,1008.23193,1007.87115,1008.5115,1008.1887,1008.956,1008.6723,1009.3622,1009.0687,1009.73724,1009.3778,1009.99457,1009.626,1010.25464,1009.9704,1010.6762,1010.40125,1011.0318,1010.66394,1011.20874,1010.7839,1011.2889,1010.8801,1011.39685,1011.0207,1011.5462,1011.14795,1011.59515,1011.10126,1011.466,1010.96155,1011.4075,1011.0191,1011.53534,1011.14105,1011.55115,1010.97015,1011.1429,1010.34973,1010.4616,1009.8015,1010.2108,1009.83435,1010.3408,1009.74536,1009.70294,1008.2935,1009.94617,1008.06506,1004.37335,1005.42084,1009.15436,1006.5294,1005.4187,1002.65625,1005.44794,1006.04614,1005.43365,1002.16125,1002.3166,1001.53577,1001.8493,1001.1232,1002.03644,1003.4565,1003.9201,1005.3301,1009.18805,1008.805,1009.3746,1008.095,1007.7808
1006.11847,1005.5007,1005.8341,1005.32764,1006.98114,1006.32684,1006.3439,1005.81305,1006.66797,1006.5132,1007.15967,1006.80396,1007.2939,1006.8283,1007.3455,1006.9025,1007.4416,1006.9439,1007.3921,1006.8232,1007.38837,1006.92847,1007.43286,1006.79266,1007.264,1006.82855,1007.73676,1007.5494,1008.2158,1007.90015,1008.44543,1008.0573,1008.76514,1008.5515,1009.33777,1009.12,1009.75684,1009.4144,1010.108,1009.8608,1010.53143,1010.1779,1010.77606,1010.43256,1011.01263,1010.63885,1011.1151,1010.6187,1011.03546,1010.57935,1011.05676,1010.69574,1011.2096,1010.79565,1011.2012,1010.7085,1011.1072,1010.65985,1011.13324,1010.70605,1011.0921,1010.5282,1010.74536,1010.10034,1010.40106,1009.8382,1010.1633,1009.50446,1009.70734,1008.97577,1009.0637,1008.00397,1007.9491,1006.731,1007.89655,1008.6391,1005.36316,1004.0361,1004.4897,1004.3546,1003.90216,1003.02466,1002.1928,1001.7515,1002.3146,1001.7228,1002.2258,1002.5778,1004.39014,1004.96857,1004.20386,1006.8332,1009.425,1008.47473,1007.56067,1006.1089
1004.233,1004.75586,1004.4107,1004.9714,1004.79144,1005.41675,1004.91156,1005.588,1005.6144,1006.4054,1006.06433,1006.5718,1006.19574,1006.79004,1006.4557,1006.97076,1006.45355,1006.85815,1006.195,1006.64874,1006.1996,1006.7987,1006.1398,1006.3591,1006.0235,1006.8587,1005.94055,1006.73157,1006.59607,1007.8404,1007.2908,1007.8857,1007.81396,1008.63684,1008.32086,1009.0137,1008.60724,1009.4954,1009.1851,1009.9286,1009.73254,1010.3073,1009.86035,1010.32513,1009.86786,1010.38367,1009.9644,1010.40546,1009.9114,1010.2394,1009.6639,1010.1112,1009.75574,1010.31445,1009.86255,1010.22925,1009.71893,1010.2048,1009.9236,1010.4351,1009.96985,1010.32104,1009.7211,1010.10077,1009.67444,1010.09485,1009.61554,1009.91113,1009.1554,1009.25757,1008.36176,1008.7286,1008.3873,1007.7721,1007.02747,1007.06006,1006.8358,1007.4058,1006.56055,1006.12415,1003.8594,1005.12396,1001.2596,1003.25165,1002.79175,1003.07623,1002.07117,1002.57623,1003.4337,1004.67395,1003.5579,1007.2333,1007.8404,1007.1046,1005.2104,1004.87164
1003.0718,1002.3287,1002.53754,1002.14984,1003.29,1003.7891,1004.44446,1004.2553,1005.39124,1005.3332,1005.92914,1005.6655,1006.40326,1006.0883,1006.5798,1006.0329,1006.44147,1005.915,1006.3341,1005.83887,1006.1123,1005.39984,1006.1378,1005.39545,1005.8489,1005.6165,1006.13904,1005.9393,1006.8333,1006.62695,1006.99457,1007.08606,1007.8312,1007.93945,1008.639,1007.6287,1008.7311,1008.584,1009.5826,1009.11444,1009.4225,1008.9805,1009.66016,1009.2816,1009.56696,1008.8825,1009.15356,1008.68036,1009.26074,1008.6804,1008.7272,1008.0316,1008.3653,1008.05194,1008.5103,1008.0935,1008.54706,1008.2515,1008.98065,1008.62054,1009.0485,1008.68005,1008.9789,1008.9426,1008.96436,1009.01935,1009.23706,1008.9186,1009.5961,1009.01776,1009.02264,1008.42615,1007.6962,1007.03796,1008.06177,1007.0015,1006.79755,1005.61255,1006.91003,1006.6532,1006.33105,1003.9607,1002.42303,1003.10175,1003.0801,1002.5397,1003.255,1002.23535,1003.30414,1003.9714,1005.5026,1006.50653,1006.25824,1004.11865,1003.54144,1002.7953
1000.98694,1001.17444,1000.93,1001.72144,1001.48676,1003.6405,1003.4166,1005.24756,1004.13324,1005.55334,1005.53394,1006.273,1005.9611,1006.295,1005.88885,1006.521,1005.9728,1006.2347,1005.5296,1006.01715,1005.3414,1005.9743,1005.021,1004.9579,1004.5254,1005.2272,1004.47046,1004.89014,1005.3216,1007.4546,1005.26355,1006.74207,1007.1646,1007.21967,1007.40906,1006.4936,1006.6711,1008.71967,1007.899,1008.44617,1008.6314,1008.4646,1008.37195,1008.9555,1008.41187,1008.4635,1007.8598,1008.8344,1007.7882,1008.1493,1007.1348,1007.0247,1005.9732,1006.9819,1006.43506,1006.771,1006.61816,1007.5462,1007.3698,1007.62836,1006.97,1007.6623,1007.79193,1008.26105,1007.505,1008.64856,1008.28687,1008.76495,1008.92535,1009.0565,1008.22046,1008.891,1007.56,1007.8468,1007.38336,1006.46515,1006.79474,1006.781,1004.92084,1006.8801,1006.56396,1005.83984,1003.7351,1001.1028,1002.62036,1002.20087,1002.45685,998.8411,1001.9114,1004.91077,1004.1519,1004.9844,1003.2473,1002.61847,1001.70685,1001.871
999.89185,999.6811,1000.99554,1000.75476,1002.25995,1003.5304,1003.4971,1004.29755,1005.53687,1005.06793,1006.0318,1005.6758,1006.55414,1006.10535,1006.20996,1006.0305,1006.2146,1006.0778,1006.4123,1005.3404,1005.73,1005.27496,1005.7936,1004.75854,1004.6291,1005.1779,1005.15356,1004.66254,1006.16156,1005.89734,1006.8266,1005.8505,1007.06006,1005.6546,1007.846,1004.9089,1004.56903,1007.90295,1006.896,1007.5904,1007.9796,1007.7185,1008.2333,1006.88513,1006.92255,1006.74115,1005.94586,1007.2551,1006.2819,1005.93665,1006.35535,1005.55194,1005.20654,1004.0796,1003.9337,1003.7818,1004.5935,1003.6351,1005.2411,1006.02124,1005.3343,1006.2493,1006.2007,1006.7287,1007.2383,1007.04193,1007.7646,1007.9787,1009.05414,1008.27734,1008.42804,1008.0503,1007.9432,1006.97644,1007.7679,1006.90985,1006.5364,1005.30225,1007.27795,1004.7964,1006.15076,1005.2543,1005.4348,999.8687,1001.5385,1000.98413,999.63,1004.8468,1004.4064,1004.5732,1004.45374,1002.1465,1001.1479,1000.45715,1000.94446,1000.1318
998.73035,1000.2143,1000.579,1001.3578,1003.6507,1003.7961,1003.92365,1005.4987,1005.4411,1005.63214,1005.68115,1006.7829,1005.81934,1006.87067,1005.8244,1005.27625,1007.47253,1004.7221,1005.9478,1006.73834,1005.55505,1005.53357,1005.4353,1005.64404,1005.79645,1004.85016,1005.48004,1006.2033,1005.9214,1006.1561,1006.19116,1006.9078,1006.8355,1006.5558,1005.32404,1005.51117,1004.2573,1004.94196,1003.65796,1005.95087,1004.8422,1007.3969,1006.04956,1005.5307,1005.1655,1006.2941,1005.75305,1006.70325,1005.36145,1005.40106,1005.0068,1003.5869,1004.3085,1002.62415,1003.67224,1003.7323,1003.33136,1003.5698,1003.5586,1004.9964,1002.566,1005.0558,1004.54224,1005.8514,1007.2532,1006.86163,1006.6398,1007.5936,1007.69446,1008.4576,1007.8578,1008.18054,1008.033,1007.4171,1007.11676,1007.43414,1005.9697,1005.95685,1006.25476,1005.0883,1005.21045,1005.4157,1003.3296,1000.88745,1001.09607,1003.19037,1004.2094,1003.76886,1001.97577,1001.43054,1000.6505,999.9912,998.6569,999.2439,999.0372,999.33685
999.87573,999.9691,1002.18066,1002.84796,1003.67596,1003.6035,1005.34406,1004.6957,1005.5435,1005.71497,1006.52905,1005.9516,1006.84375,1006.5271,1006.8085,1006.37616,1006.79504,1006.24316,1006.7507,1005.93805,1006.3365,1005.75586,1006.53687,1005.6161,1006.52527,1005.8198,1006.6772,1006.363,1007.0791,1006.4821,1007.36975,1006.4869,1007.36865,1006.7398,1006.39935,1006.44214,1006.21936,1003.16034,1004.05804,1004.0046,1005.2398,1004.50793,1005.1929,1004.34686,1004.60114,1005.04297,1005.11755,1003.85,1005.2018,1003.7939,1003.1348,1003.00397,1003.3985,1002.2233,1001.92255,1003.353,1001.9591,1002.63934,1003.3298,1002.73425,1004.14856,1003.8873,1005.37726,1004.15906,1007.2241,1006.30176,1006.77985,1007.1087,1007.7922,1007.79443,1008.2941,1008.23975,1008.435,1007.4264,1007.421,1006.42175,1007.04016,1005.64294,1006.2185,1005.35754,1005.07965,1004.1835,1003.46716,999.721,1001.1646,1000.2697,1002.3136,999.4382,998.66534,998.5305,998.83746,997.4657,997.7778,997.95715,998.49915,998.3779
1000.5783,1000.5958,1004.19434,1001.77374,1004.44336,1004.6454,1004.56586,1005.51434,1005.61475,1006.3714,1006.0333,1007.0846,1006.7621,1007.08655,1006.9657,1007.17847,1006.8075,1007.0278,1006.726,1007.09717,1006.39105,1007.0241,1006.73334,1007.42224,1005.9516,1008.5611,1006.2082,1007.7082,1007.656,1007.4822,1006.8065,1008.2935,1006.7275,1007.3644,1006.4155,1007.0966,1005.04913,1006.21356,1003.81476,1004.1341,1005.0621,1004.0783,1003.9035,1004.8589,1004.0715,1004.2369,1003.62646,1003.8097,1002.60016,1002.75824,1002.2833,1002.34607,1001.4605,1003.1773,1000.793,1001.651,1002.33026,1001.57294,1003.3446,1003.11255,1003.4972,1004.7591,1005.5741,1005.70935,1006.2875,1006.8254,1006.30695,1007.36456,1007.0421,1008.09937,1008.21075,1008.46606,1008.3497,1007.98047,1006.9812,1006.924,1006.2665,1006.2244,1005.3639,1005.9136,1004.7973,1004.2282,1003.30096,1002.2694,1000.59076,1000.84265,999.26984,998.3704,997.88837,998.2155,997.4389,997.77124,997.6808,998.41943,998.3432,999.848
1001.58496,1002.57745,1003.5247,1003.2779,1004.9011,1004.18365,1005.46136,1005.4504,1005.89276,1006.4103,1006.85815,1006.79895,1007.6022,1007.40515,1007.6525,1007.46765,1008.01495,1007.0593,1007.9568,1007.3768,1007.57336,1007.47644,1008.12823,1007.66895,1008.2923,1007.97046,1008.4928,1007.9822,1007.93835,1008.32,1006.8087,1006.92664,1007.06067,1004.65485,1006.7004,1005.05865,1004.88904,1004.92,1004.5197,1003.62415,1003.8916,1003.2479,1002.9132,1003.37476,1002.7997,1002.4401,1002.3746,1001.7623,1001.9972,1001.473,1001.8403,1001.4064,1001.98584,1001.2257,1002.3736,1001.40375,1002.0385,1001.598,1002.78076,1002.85223,1005.38043,1003.79926,1005.97534,1005.50793,1006.0994,1006.1253,1006.95386,1006.8214,1007.8368,1007.57184,1008.73914,1008.28235,1008.6364,1007.9803,1007.97046,1006.3536,1006.7958,1005.84656,1004.5632,1006.11597,1004.1094,1004.2232,1003.31683,1001.4851,1001.19653,1000.10126,999.55835,998.7489,999.1085,998.4451,998.80945,998.45013,998.9986,999.13184,999.8372,1001.7373
1002.87476,1003.70325,1003.57214,1004.61224,1004.3096,1005.21136,1005.18036,1005.99164,1005.79956,1006.9308,1006.7121,1007.36163,1007.7504,1007.8012,1008.3228,1008.0815,1008.32245,1008.39294,1008.148,1008.5639,1008.03973,1008.93286,1008.2761,1008.8803,1008.6315,1008.8176,1008.7628,1008.7615,1009.41125,1006.8789,1008.81854,1006.00726,1005.70685,1007.6398,1003.454,1006.7607,1004.30664,1005.07996,1004.1739,1002.80786,1002.3675,1001.6776,1002.72894,1001.3468,1002.6465,1001.59155,1000.81433,1001.846,1000.881,1001.29785,1001.3968,1001.6153,1001.24005,1002.05756,1001.5026,1001.9487,1001.84436,1002.4693,1002.52295,1003.72,1004.3866,1005.3782,1006.6825,1006.38873,1006.37585,1007.34686,1006.18835,1008.02216,1007.1901,1008.39984,1008.214,1008.80414,1008.1169,1008.72504,1007.70325,1007.41815,1006.2335,1006.1639,1005.24475,1005.45496,1004.6058,1004.56555,1003.21716,1002.70966,1001.5946,1001.4044,1000.4982,1000.8519,1000.2733,1000.6873,1000.2987,1000.65735,1000.3089,1001.1978,1001.77155,1002.5439
1004.62555,1004.1337,1005.0739,1004.7257,1005.1064,1005.13196,1005.70654,1005.47107,1006.4736,1006.221,1007.16327,1007.16437,1008.12537,1007.84656,1008.84753,1008.2978,1009.1664,1008.47974,1009.1208,1008.5412,1009.4301,1008.8523,1009.3494,1009.0511,1009.79785,1008.6646,1009.23065,1007.7789,1007.88965,1007.3011,1007.0604,1006.5283,1006.07733,1005.6335,1005.7121,1004.35034,1003.7289,1003.2532,1004.756,1002.11896,1002.3453,1001.3101,1002.2282,1000.8193,1002.32404,1000.67975,1001.4705,1001.48846,1001.41907,1001.46655,1002.24414,1001.58246,1002.52576,1002.33014,1002.70325,1002.7514,1003.3647,1003.1572,1004.2587,1004.26746,1005.49585,1005.72675,1006.41046,1006.6646,1007.01385,1007.1935,1006.4697,1007.0826,1007.37476,1007.83215,1008.35535,1008.14935,1008.55115,1008.3564,1008.4937,1007.29395,1007.0957,1005.85834,1005.69934,1004.9178,1004.9043,1004.46124,1004.21893,1003.383,1003.3068,1002.6151,1002.8871,1002.55396,1002.98065,1002.6275,1003.10895,1002.51886,1002.9008,1002.8361,1003.5104,1003.6872
1005.06,1005.8036,1005.311,1006.1719,1005.00476,1006.09485,1005.00256,1006.0501,1005.98584,1006.29895,1006.52386,1007.2214,1007.39886,1008.48615,1008.1357,1009.0243,1008.8972,1008.6123,1009.08215,1008.27405,1009.34436,1008.9435,1008.83575,1009.11755,1006.84247,1007.5773,1008.43475,1005.48334,1007.31647,1006.2923,1006.3443,1006.62695,1005.4972,1006.11115,1005.34125,1004.69037,1002.80646,1003.8218,1003.31854,1003.50946,1001.43945,1002.25586,1001.38837,1001.7857,1001.71387,1001.84656,1001.76044,1002.62573,1002.11896,1003.0911,1002.8679,1003.401,1003.5025,1003.99475,1003.90186,1004.70264,1004.41394,1005.3298,1005.26337,1006.171,1006.37256,1007.26434,1007.03796,1008.1264,1006.66504,1008.375,1005.0793,1007.3455,1006.1285,1008.0885,1007.541,1008.40375,1008.18915,1008.7757,1008.1968,1008.3115,1007.1175,1007.27136,1005.9443,1006.13855,1005.10016,1005.4787,1004.9421,1005.2687,1004.5998,1005.23047,1004.7682,1005.38086,1005.1896,1005.5768,1005.1879,1005.5078,1004.7635,1005.40216,1004.80304,1005.4437
1006.68933,1006.45496,1006.2546,1006.58075,1005.42914,1005.30835,1005.44214,1005.7283,1006.1765,1005.59393,1006.2808,1006.028,1007.00616,1007.88055,1008.36304,1008.3468,1008.8276,1007.6208,1008.4323,1007.15515,1008.31396,1007.94476,1009.0469,1007.028,1008.24066,1004.47156,1007.62714,1004.73065,1005.4178,1005.53265,1006.10974,1005.04706,1006.6689,1004.8273,1006.61194,1004.76154,1004.5955,1004.58875,1003.581,1003.39264,1002.29364,1002.0458,1002.3765,1001.8541,1003.0148,1002.52155,1003.4791,1003.56586,1004.0689,1004.37897,1004.9441,1004.88257,1005.7972,1005.3873,1006.3907,1006.0854,1006.824,1006.8468,1007.4191,1007.6243,1008.1657,1008.2257,1008.55475,1008.2526,1007.28925,1007.1482,1007.13586,1005.93726,1006.39856,1006.7553,1007.67834,1007.8726,1008.64294,1008.19214,1009.1765,1007.421,1008.63153,1006.454,1007.3915,1005.91547,1006.22144,1006.1055,1006.5983,1006.5685,1007.18115,1006.97125,1007.66943,1007.44586,1008.0837,1007.708,1008.008,1007.40466,1007.41223,1006.759,1006.89655,1006.39825
1007.82074,1006.92194,1006.80817,1004.3276,1006.9541,1004.43365,1006.10583,1005.2601,1005.59863,1005.6879,1004.45135,1005.99805,1005.06934,1007.9393,1007.3547,1007.94995,1007.4579,1007.23706,1006.2205,1006.90546,1005.52606,1007.68396,1005.3968,1007.9155,1005.8337,1006.48846,1004.4721,1003.28186,1004.40576,1003.25464,1005.65607,1004.83264,1005.9705,1006.0001,1006.0654,1005.91656,1005.7057,1004.7004,1004.74146,1003.59436,1003.07965,1002.9979,1002.7471,1003.51154,1003.42566,1004.54865,1004.44116,1005.58765,1005.52966,1006.5412,1006.57654,1007.3151,1007.415,1007.9741,1008.04944,1008.60815,1008.50336,1009.26117,1008.9823,1009.8269,1009.42944,1009.8994,1009.3262,1008.59125,1007.6426,1007.34656,1006.12415,1005.47766,1005.69354,1006.03827,1007.1585,1007.58997,1008.40485,1008.7797,1008.23474,1009.35016,1007.21497,1009.1379,1006.37286,1008.27277,1006.639,1007.98816,1007.85187,1008.6941,1009.02734,1009.32007,1009.6901,1010.01013,1009.92444,1010.4443,1009.57324,1010.05945,1008.67694,1009.04285,1008.22614,1008.47156
1008.9764,1006.50183,1006.6764,1005.638,1005.89856,1005.5611,1005.44977,1005.72644,1005.7155,1005.39404,1005.44366,1004.1412,1005.1085,1006.36566,1006.9887,1006.1921,1006.5278,1005.6098,1004.90137,1006.20825,1002.95636,1007.05566,1001.9591,1006.53925,1002.5578,1003.4626,1002.17694,1002.0897,1002.79474,1003.0637,1004.798,1004.53644,1006.35834,1005.64374,1007.1798,1005.5066,1006.5905,1005.2961,1005.42505,1003.471,1004.0648,1003.21625,1004.11035,1004.15576,1005.0148,1005.541,1006.30457,1006.8486,1007.6815,1007.9898,1008.9387,1008.8665,1009.8768,1009.5886,1010.54034,1010.196,1010.9716,1010.74927,1011.29926,1011.11566,1011.2844,1010.75574,1010.0412,1008.60974,1006.94434,1005.72797,1005.24207,1005.9783,1004.94995,1005.40967,1006.603,1007.4375,1008.48,1008.3869,1009.20764,1008.10803,1009.4089,1007.68195,1008.5737,1008.0321,1008.5651,1008.7021,1009.54034,1009.8739,1010.8871,1010.74896,1011.77185,1011.36646,1012.2476,1011.59216,1011.9657,1010.9262,1010.71155,1009.03394,1009.0762,1007.7083
1007.55554,1007.60254,1006.6046,1006.58826,1006.39246,1005.66864,1005.4828,1004.76624,1005.26117,1004.3076,1004.8326,1003.00397,1004.81836,1005.18036,1005.66815,1004.49316,1005.2804,1004.13293,1003.9683,1004.2071,1008.0444,1000.62067,999.78015,1000.46747,1001.6262,1001.35077,1001.8519,1001.0293,1001.76874,1003.4097,1004.254,1005.3403,1006.29407,1006.98706,1006.51385,1006.5232,1006.39185,1006.0715,1005.7557,1004.445,1004.03357,1004.35565,1004.5947,1005.5621,1005.91296,1007.1235,1007.4329,1008.68915,1008.91815,1010.07404,1010.1708,1011.1362,1011.1097,1011.9211,1011.7868,1012.4769,1012.2243,1012.87787,1012.4515,1012.97754,1012.1085,1012.03906,1010.0621,1008.06415,1005.4496,1006.46124,1003.87573,1005.82434,1004.18066,1005.4258,1005.9546,1007.82825,1007.98175,1009.2269,1008.45966,1009.8126,1008.57245,1009.58765,1008.6812,1009.49896,1009.29645,1010.29956,1010.32007,1011.4697,1011.5244,1012.4772,1012.4535,1013.1462,1013.0185,1013.2782,1012.7864,1012.4322,1011.17615,1010.0082,1008.3396,1008.44794
1008.30835,1007.55536,1008.04663,1007.4783,1007.10175,1006.1471,1005.49084,1004.4998,1003.48413,1003.57733,1001.6165,1001.5925,1003.1251,1004.2712,1004.8182,1003.42,1004.40375,1003.24915,1004.14185,1004.93945,1005.73193,997.96106,997.32324,999.71155,1001.6221,998.32587,1001.8622,1000.5116,1000.88684,1002.7303,1003.86975,1004.90546,1006.28186,1006.44403,1007.11285,1006.63617,1006.45734,1006.22766,1005.8382,1004.9437,1005.1621,1004.95215,1006.0464,1006.3114,1007.61914,1007.9653,1009.26794,1009.60016,1010.78467,1011.00995,1012.0065,1012.111,1012.9211,1012.90753,1013.5579,1013.4325,1013.95044,1013.7185,1014.0629,1013.5696,1013.44305,1012.1568,1010.7194,1008.31903,1006.1282,1005.28894,1005.36584,1004.7958,1005.8571,1004.57886,1006.72797,1007.7203,1008.81287,1008.6976,1009.6964,1008.983,1009.90356,1009.4273,1009.9622,1009.8764,1010.6801,1010.8221,1011.7883,1011.99695,1012.91766,1013.0123,1013.78186,1013.7116,1014.2312,1013.80817,1013.8326,1012.7408,1011.8933,1009.60004,1008.09753,1007.85815
1006.9326,1007.7648,1006.8536,1007.9853,1007.4482,1007.08185,1005.6703,1005.15045,1003.2916,1003.4403,1002.42804,1000.64575,1000.6085,1002.78906,1002.80457,1001.6119,1003.146,1002.2436,1002.7214,998.8622,1002.52637,1002.81226,1000.1022,999.2804,997.56866,996.8751,995.9498,995.9858,999.50757,1002.0623,1004.16187,1005.2122,1005.22546,1006.6243,1006.2648,1006.6873,1006.231,1006.541,1005.9655,1006.0269,1005.66656,1006.5386,1006.74896,1007.96765,1008.33746,1009.6048,1009.97394,1011.1687,1011.43085,1012.4633,1012.591,1013.47504,1013.4679,1014.1941,1014.05566,1014.64746,1014.3918,1014.8244,1014.3625,1014.46356,1013.5103,1012.79785,1010.79333,1009.01886,1005.06726,1002.8969,1004.95264,1005.3603,1004.5612,1005.89795,1006.886,1008.8243,1008.73914,1009.6954,1009.3954,1010.00433,1009.9482,1010.3765,1010.20764,1010.96796,1011.0244,1011.97296,1012.13116,1013.093,1013.19336,1014.04175,1013.9968,1014.6504,1014.3253,1014.57654,1013.69336,1013.21436,1011.38495,1010.05756,1008.1237,1007.2348
1006.90015,1006.15216,1006.2989,1007.23083,1007.61554,1006.9119,1006.3382,1005.0279,1004.60583,1003.839,1002.78186,1001.6893,999.7394,999.62305,1002.2373,1000.6916,1000.03436,999.9691,998.46375,995.68823,997.3246,999.89233,997.00336,995.8319,994.87683,993.00964,993.5816,992.3693,1000.2115,1000.04407,1003.9007,1003.89545,1005.1261,1005.4587,1006.07245,1005.8123,1006.3701,1006.081,1006.6147,1006.00543,1006.86316,1007.0057,1008.1314,1008.441,1009.6451,1009.9876,1011.155,1011.416,1012.454,1012.5857,1013.4901,1013.5029,1014.27026,1014.1462,1014.7755,1014.5303,1015.01886,1014.5998,1014.8391,1014.0911,1013.82153,1012.4454,1011.19684,1008.83875,1006.43085,1004.55206,1003.2105,1004.47076,1004.6441,1005.84406,1007.91003,1008.58527,1009.7587,1009.6154,1010.0636,1010.02325,1010.44305,1010.2065,1010.95795,1010.9619,1011.8678,1011.96796,1012.9055,1012.99567,1013.8672,1013.8511,1014.5665,1014.32983,1014.70734,1014.00006,1013.73645,1012.25726,1011.02686,1008.93365,1007.0511,1006.68414
1004.92914,1004.8403,1004.7897,1006.3255,1006.50116,1006.47784,1005.27966,1005.2325,1003.5144,1003.4407,1001.77875,1001.53253,999.87537,998.26245,998.7997,1000.04047,997.8686,996.6901,995.78516,995.908,995.57007,996.5537,995.96625,996.33984,991.2055,992.98456,993.6014,993.38586,998.01575,1000.7085,1002.7454,1003.57733,1003.81177,1005.2323,1004.7515,1005.4579,1005.33264,1006.1671,1005.8857,1006.723,1006.87006,1007.9518,1008.201,1009.31854,1009.59393,1010.7076,1010.9368,1011.9597,1012.0925,1013.0037,1013.02405,1013.8112,1013.7057,1014.3544,1014.125,1014.64264,1014.2679,1014.5954,1013.9778,1013.973,1012.92816,1012.36975,1010.6851,1009.05194,1007.07825,1005.56586,1004.13043,1003.59076,1003.86554,1005.32874,1007.4097,1009.2108,1009.50555,1010.2326,1009.9548,1010.3033,1009.9335,1010.60565,1010.57404,1011.43585,1011.4958,1012.38727,1012.44305,1013.2985,1013.291,1014.03534,1013.8564,1014.32465,1013.74817,1013.67285,1012.43915,1011.5336,1009.4908,1007.6646,1005.5294,1004.9837
1003.28253,1003.42035,1004.09216,1004.7369,1005.51184,1005.15515,1004.8029,1003.97534,1003.37146,1001.24786,1000.99365,1000.1879,999.82086,998.1603,998.41437,996.79034,997.18207,996.1323,996.50476,996.1505,996.85425,995.49365,996.0311,995.3318,993.21265,996.9426,996.3947,993.96277,996.27325,999.9333,1001.89734,1002.2662,1003.73535,1003.6865,1004.54156,1004.3848,1005.2839,1005.30206,1006.19995,1006.32227,1007.36,1007.5537,1008.59045,1008.7896,1009.83765,1010.0291,1011.0282,1011.1496,1012.05725,1012.0805,1012.8757,1012.7811,1013.44055,1013.2207,1013.75977,1013.4153,1013.8029,1013.2803,1013.4336,1012.6221,1012.4079,1011.1873,1010.4601,1008.7028,1007.41046,1005.8446,1005.00977,1002.6539,1002.8728,1004.0907,1007.37195,1008.629,1009.5171,1009.3036,1009.73535,1009.3214,1009.85114,1009.81415,1010.6533,1010.68,1011.53864,1011.57074,1012.4021,1012.38055,1013.12756,1012.97864,1013.50165,1013.01733,1013.0718,1012.00977,1011.38007,1009.5346,1007.97253,1005.22003,1003.62396,1003.7436
1001.6511,1002.26117,1003.7316,1003.53253,1003.6136,1003.88336,1003.7541,1003.293,1001.74146,1001.2428,999.77075,999.3337,998.79694,998.42926,997.966,998.36304,998.3483,998.6226,997.76746,997.69586,997.156,996.43915,995.338,995.3218,996.4255,996.74896,996.91034,994.94794,996.6323,999.6846,1000.6123,1002.3396,1002.7154,1003.6355,1003.1528,1004.17,1004.298,1005.25323,1005.37897,1006.36316,1006.5073,1007.4858,1007.62335,1008.6069,1008.7551,1009.72473,1009.83044,1010.7266,1010.7436,1011.53656,1011.44995,1012.12256,1011.91516,1012.4725,1012.15936,1012.59393,1012.1393,1012.3986,1011.7337,1011.7411,1010.79083,1010.47797,1009.17,1008.47784,1006.88153,1006.05927,1004.4629,1003.69476,1002.8887,1003.6848,1006.54913,1007.9887,1008.11804,1008.6286,1008.27374,1008.7528,1008.6382,1009.463,1009.4816,1010.3228,1010.3571,1011.2004,1011.18365,1011.92596,1011.7855,1012.34235,1011.92957,1012.10156,1011.2126,1010.81,1009.24084,1008.25336,1005.9544,1003.68115,1002.5696,1002.2841
1001.0512,1000.86505,1002.0346,1001.78107,1001.655,1003.0078,1002.2532,1002.08765,1000.74927,999.6882,1000.0689,997.84875,998.4097,996.98016,997.30804,997.2766,998.71014,998.896,999.1307,998.5118,997.68726,996.75854,995.5503,995.30975,996.2612,996.85266,997.0433,996.9683,997.61053,999.66907,1000.8807,1001.54034,1002.2065,1001.918,1002.9205,1003.0335,1003.98663,1004.0911,1005.0386,1005.1494,1006.0865,1006.1868,1007.12164,1007.22687,1008.1558,1008.2386,1009.11725,1009.129,1009.9166,1009.83496,1010.5221,1010.33746,1010.918,1010.63434,1011.1078,1010.70636,1011.0398,1010.4755,1010.61896,1009.8455,1009.75757,1008.73444,1008.37665,1007.09784,1006.5883,1005.27826,1004.65015,1003.3991,1002.5073,1003.55255,1006.1329,1006.6462,1007.0243,1007.0743,1007.42725,1007.2147,1007.9364,1007.9169,1008.7541,1008.80817,1009.6823,1009.7175,1010.4936,1010.3821,1010.9791,1010.6351,1010.9189,1010.1907,1010.0037,1008.73114,1007.91614,1005.7511,1003.894,1001.865,1001.51105,1000.8664
1000.2614,1000.93585,1000.4785,1000.7453,1000.18445,1001.21545,1000.80554,1000.63885,999.2907,999.4096,998.3025,998.32184,997.2898,997.2691,996.3521,998.14465,999.1987,1000.16895,999.751,999.6737,998.15906,996.7297,995.95245,996.25195,996.7997,997.70526,997.31036,997.26575,997.90125,999.5328,999.8469,1000.74475,1000.6716,1001.62225,1001.7029,1002.60504,1002.6633,1003.56085,1003.6343,1004.54034,1004.6108,1005.50867,1005.57733,1006.46796,1006.5191,1007.37164,1007.37085,1008.15125,1008.0703,1008.7616,1008.5929,1009.19183,1008.9315,1009.4322,1009.06836,1009.4532,1008.95966,1009.1921,1008.52966,1008.57965,1007.7272,1007.58435,1006.5511,1006.2818,1005.21735,1004.95624,1003.9493,1003.74176,1002.05695,1002.6016,1005.3386,1005.52637,1005.03577,1006.0991,1005.7253,1006.35,1006.16656,1006.9315,1007.0146,1007.94257,1008.0375,1008.876,1008.82855,1009.489,1009.2348,1009.63226,1009.0572,1009.0714,1008.0553,1007.5453,1005.911,1004.5986,1001.63214,1001.11676,1000.3779,1000.4616
1000.57544,1000.23914,1000.61566,999.981,1000.09485,999.7564,1000.50336,999.40295,999.0821,998.41,999.0171,999.45984,998.6896,996.78046,998.1751,999.1443,1000.70184,1000.4493,1000.61255,1000.03375,998.3354,997.0885,996.3996,996.571,997.4725,997.91003,998.17004,997.9055,998.61316,998.6214,999.596,999.47473,1000.4114,1000.4898,1001.3319,1001.3205,1002.14734,1002.158,1003.0118,1003.04,1003.89435,1003.9216,1004.7655,1004.7791,1005.5928,1005.5651,1006.32153,1006.2298,1006.9122,1006.746,1007.3505,1007.1047,1007.62146,1007.28394,1007.70154,1007.25696,1007.5547,1006.976,1007.1262,1006.3972,1006.4019,1005.5511,1005.4743,1004.5989,1004.5583,1003.76117,1003.7157,1003.08795,1003.26514,1002.843,1002.5668,1004.1853,1003.51483,1004.55707,1005.21246,1004.43726,1005.0754,1004.9937,1005.9904,1006.23816,1007.1779,1007.20154,1007.9298,1007.7475,1008.2614,1007.8376,1008.0473,1007.2691,1007.06067,1005.8118,1005.05457,1003.23553,1001.2847,1000.4778,1000.3929,1000.11676
1000.2976,1000.8453,1000.32184,1000.39496,999.7896,1000.0215,999.64233,999.94763,998.54584,999.1212,998.4819,1000.8626,998.24835,998.67395,999.7504,1000.9571,1000.63855,1001.3285,1000.7372,1000.54395,998.5648,997.166,997.24316,997.67554,997.686,998.63544,998.67676,998.7643,998.32587,998.91113,998.6339,999.4439,999.45496,1000.29315,1000.2158,1000.95935,1000.8825,1001.65045,1001.6047,1002.3904,1002.35394,1003.133,1003.08777,1003.84784,1003.77637,1004.49554,1004.376,1005.0383,1004.85974,1005.45825,1005.21484,1005.7419,1005.42194,1005.8664,1005.4596,1005.8086,1005.2994,1005.54047,1004.92084,1005.05615,1004.3523,1004.43616,1003.72046,1003.8293,1003.16974,1003.3394,1002.7751,1003.0236,1002.6516,1002.99756,1002.8622,1002.96466,1001.4869,1002.6825,1003.6348,1003.5833,1003.0607,1003.68317,1004.0791,1005.3047,1005.54193,1006.42114,1006.2857,1006.8661,1006.5537,1006.9318,1006.37177,1006.4414,1005.5268,1005.19507,1003.8962,1003.1536,1001.32336,1000.86176,1000.4826,1000.6396
1001.25165,1000.74396,1001.1315,1000.2164,1000.1823,999.7378,1000.08356,999.05865,999.55164,998.80457,999.2818,1000.18555,1001.09406,1000.225,1001.25555,1000.7626,1001.71356,1001.29425,1001.3341,1000.5971,999.75146,998.2885,998.1033,998.0155,998.6346,998.62146,999.2186,998.64124,998.7289,998.4655,998.9432,998.73145,999.4336,999.37054,1000.021,999.8857,1000.5597,1000.418,1001.1148,1000.99036,1001.6889,1001.56085,1002.2479,1002.1105,1002.7758,1002.611,1003.239,1003.03125,1003.60925,1003.3503,1003.8737,1003.5576,1004.0212,1003.64215,1004.0397,1003.5921,1003.9228,1003.4114,1003.68146,1003.1214,1003.36176,1002.7946,1003.04724,1002.5114,1002.7923,1002.2955,1002.6276,1002.23285,1002.6585,1002.2747,1002.514,1002.0394,1001.8005,1001.4797,1003.0972,1002.03296,1001.9371,1001.7218,1003.1221,1003.72217,1005.1369,1004.9426,1005.6657,1005.401,1005.8976,1005.50714,1005.80835,1005.1755,1005.1914,1004.2616,1003.9939,1002.8587,1002.29004,1001.3273,1001.26764,1000.60297
1001.24506,1001.7211,1001.3361,1000.89734,999.9548,1000.2975,999.55316,999.90216,998.93225,999.6119,999.95215,999.08386,999.8743,1000.2989,1001.3022,1002.05316,1001.528,1001.8421,1001.1632,1001.0333,1000.2097,998.983,998.75555,999.0514,998.7616,999.3093,999.0196,999.2178,998.7847,998.87866,998.53534,998.925,998.76996,999.11615,999.33716,999.7408,999.5282,1000.13794,999.9294,1000.5464,1000.338,1000.94794,1000.7344,1001.338,1001.11584,1001.7037,1001.46075,1002.0191,1001.7443,1002.2682,1001.9596,1002.4496,1002.10724,1002.5615,1002.18085,1002.5985,1002.18536,1002.5732,1002.13367,1002.50085,1002.05115,1002.4161,1001.97363,1002.3428,1001.9066,1002.269,1001.85004,1002.23254,1001.8294,1002.1953,1001.7046,1001.82007,1001.4251,1001.5635,1001.15125,1001.2178,1000.10077,999.1889,1000.20605,1002.5386,1003.8076,1004.59406,1004.41284,1004.9869,1004.703,1005.17694,1004.7637,1005.0475,1004.4021,1004.4519,1003.595,1003.6337,1002.8622,1002.5798,1001.43195,1001.73834
1002.43225,1002.133,1002.08234,1001.10675,1000.9797,999.62286,1000.4289,999.71356,999.43176,999.4004,1000.21295,1000.28076,1001.1657,1001.9544,1002.48444,1001.68695,1002.01636,1001.4661,1001.6086,1000.8566,1000.8737,999.86005,999.92896,999.29175,999.57336,999.1041,999.6189,998.61285,999.20044,998.46045,999.0601,998.24176,998.82,998.63226,999.09576,998.9958,999.45856,999.1846,999.7535,999.48755,1000.0433,999.77026,1000.3198,1000.04816,1000.60016,1000.32605,1000.8697,1000.5847,1001.113,1000.81415,1001.3271,1001.01483,1001.511,1001.18054,1001.65857,1001.31226,1001.7768,1001.42004,1001.8721,1001.50446,1001.9464,1001.5728,1002.0096,1001.6346,1002.05084,1001.65295,1002.0389,1001.62726,1001.97394,1001.5053,1001.79285,1001.2878,1001.5029,1001.0093,1000.9007,1000.14764,999.67676,999.8457,998.78326,1001.0283,1002.84216,1003.6744,1004.09625,1003.9235,1004.48444,1004.1814,1004.66656,1004.23016,1004.5226,1003.92596,1004.1061,1003.4582,1003.8235,1002.9557,1002.7433,1002.06366
1002.92804,1003.00305,1002.5533,1001.62555,1000.6303,1000.68945,1000.1447,1000.32104,999.79565,999.50055,1001.07654,1001.00903,1001.233,1002.51245,1002.1532,1002.1865,1001.6061,1001.8151,1001.1978,1001.34937,1000.64404,1000.70776,999.949,1000.0572,999.4353,999.75995,999.0771,999.3748,998.47644,999.115,998.29193,998.5929,998.45966,998.96277,998.78235,999.03015,998.6929,999.228,998.9237,999.4773,999.17285,999.6935,999.39105,999.91003,999.6212,1000.15247,999.8714,1000.40686,1000.126,1000.6593,1000.37726,1000.9071,1000.6201,1001.144,1000.851,1001.3651,1001.0614,1001.5614,1001.24426,1001.72925,1001.39886,1001.86914,1001.529,1001.98114,1001.61346,1002.0182,1001.6061,1001.96655,1001.5146,1001.82153,1001.3204,1001.5818,1001.05054,1001.22437,1000.4116,1000.74646,999.44073,998.80084,999.74304,999.2222,1001.74695,1002.9494,1003.12286,1003.89514,1003.6423,1004.28485,1004.0732,1004.50867,1004.0968,1004.3866,1003.89874,1004.195,1003.7462,1003.8916,1003.2018,1003.29193
1003.56854,1003.0743,1003.1703,1001.89655,1001.166,1000.6221,1000.7944,1000.084,1000.6246,1000.23114,999.6407,1001.4155,1002.0782,1002.2551,1002.4943,1001.79285,1001.929,1001.36206,1001.5846,1000.9772,1001.1364,1000.44507,1000.5519,999.84656,1000.0151,999.39325,999.8022,998.6616,999.27466,998.6218,998.86816,998.0812,998.98663,998.415,998.93176,998.4262,998.91077,998.5868,999.12415,998.87836,999.4007,999.0919,999.60547,999.3126,999.8407,999.56964,1000.10956,999.84406,1000.3855,1000.12054,1000.6605,1000.39264,1000.9251,1000.6508,1001.1783,1000.899,1001.4214,1001.13904,1001.658,1001.37085,1001.87805,1001.5762,1002.06415,1001.73865,1002.19037,1001.8207,1002.2126,1001.77765,1002.0941,1001.584,1001.82874,1001.274,1001.46936,1000.7637,1001.22723,1000.2936,999.223,998.5411,997.9097,999.69934,999.28503,1001.2147,1002.3594,1003.05426,1003.81006,1003.74805,1004.4721,1004.20905,1004.68164,1004.1683,1004.54706,1004.08105,1004.3944,1003.96106,1004.06445,1003.486
1003.45715,1003.5194,1003.08215,1002.26575,1001.37115,1001.17535,1000.32733,1000.9323,999.87085,1000.55865,1000.9043,1002.4766,1002.45374,1002.77356,1002.1037,1002.2069,1001.5883,1001.7937,1001.20465,1001.4021,1000.7605,1000.8993,1000.19586,1000.31757,999.65405,999.86957,999.29675,999.3432,998.79364,999.083,998.4423,998.73846,998.43665,999.09076,998.29047,998.8096,998.38885,998.7244,998.7635,999.1437,999.0476,999.4873,999.1886,999.70294,999.421,999.95386,999.6825,1000.2186,999.94824,1000.4848,1000.2143,1000.74646,1000.4722,1001.0011,1000.7261,1001.256,1000.98315,1001.51605,1001.24896,1001.7836,1001.5123,1002.03766,1001.75366,1002.2565,1001.94226,1002.40356,1002.03687,1002.4303,1001.9816,1002.27386,1001.7136,1001.88354,1001.2171,1001.4498,1000.675,999.0293,998.46985,998.4389,997.9275,997.9732,998.8703,1000.439,1001.1851,1003.09235,1002.99414,1004.0858,1004.0826,1004.79584,1004.5473,1004.91693,1004.5126,1004.86426,1004.39655,1004.65625,1004.07294,1004.16534
1004.10406,1003.38055,1003.23334,1002.23303,1001.50146,1000.4943,1000.9565,1000.20465,1001.166,1000.7094,1001.8048,1003.2657,1003.1172,1002.5182,1002.606,1001.93115,1002.10364,1001.5018,1001.6937,1001.0721,1001.22156,1000.53046,1000.62695,999.91785,1000.0565,999.45685,999.66907,999.026,999.1941,998.72375,998.965,998.33075,997.4555,998.3569,999.02124,998.37286,998.47675,998.55176,998.7683,999.24866,999.2565,999.1578,999.55194,999.25433,999.76886,999.4873,1000.01764,999.7401,1000.27277,999.99506,1000.5283,1000.2497,1000.781,1000.5041,1001.04034,1000.77045,1001.31476,1001.0554,1001.6105,1001.36,1001.91644,1001.66296,1002.20966,1001.93726,1002.454,1002.1443,1002.6098,1002.2375,1002.62286,1002.1451,1002.39154,1001.7507,1001.87286,1000.98926,1001.18005,998.25714,998.87366,997.785,998.06647,997.95996,998.9826,999.4237,1000.93896,1001.39636,1002.6525,1003.25006,1004.6564,1004.629,1005.2283,1004.85443,1005.2811,1004.8485,1005.1886,1004.65247,1004.8271,1004.08514
1004.0035,1003.88184,1003.16724,1003.30566,1001.09784,1000.84216,1000.12506,1000.69824,1000.5854,1001.5339,1002.82654,1003.7958,1003.12714,1003.1253,1002.4336,1002.5544,1001.93945,1002.1122,1001.48553,1001.6441,1000.9697,1001.05927,1000.31537,1000.38293,999.6815,999.86536,999.3514,999.53894,998.9858,999.2528,998.5662,999.1597,998.4783,999.11676,998.4164,998.8862,998.6246,998.08575,997.7325,999.2447,999.5762,999.408,999.20013,999.65497,999.3294,999.84625,999.5447,1000.0737,999.7769,1000.3083,1000.01605,1000.54913,1000.2614,1000.8029,1000.53156,1001.0911,1000.8416,1001.4237,1001.199,1001.80066,1001.58716,1002.18866,1001.9689,1002.54956,1002.2978,1002.8326,1002.5212,1002.9821,1002.5785,1002.92004,1002.3594,1002.5076,1001.6837,1001.61847,1000.6072,999.02997,998.08685,998.4123,997.8946,998.5254,998.76575,1000.01874,1000.4973,1001.8419,1001.0676,1003.52356,1003.524,1005.9928,1005.24225,1005.7269,1005.3544,1005.7168,1005.24664,1005.476,1004.8254,1004.85016
1004.8489,1003.84406,1003.6229,1002.9694,1000.9668,1000.2051,1000.7514,1000.1979,1001.121,1002.8128,1003.0144,1004.0028,1003.86084,1003.2361,1003.2696,1002.5783,1002.75854,1002.1341,1002.3003,1001.6544,1001.76636,1001.0318,1001.06116,1000.28485,1000.3505,999.6801,999.88763,999.2941,999.49805,998.891,999.218,998.65515,999.14825,998.60156,999.09784,998.69037,998.8301,998.7835,998.0576,998.55194,999.55194,999.54175,999.72375,999.3946,999.8747,999.5394,1000.04895,999.733,1000.2529,999.9437,1000.47327,1000.17334,1000.7121,1000.4294,1000.99146,1000.7426,1001.3408,1001.1329,1001.76984,1001.5978,1002.25543,1002.0939,1002.74457,1002.5618,1003.171,1002.9303,1003.4678,1003.13715,1003.5648,1003.0944,1003.34265,1002.6378,1002.641,1001.70294,1001.2136,998.6433,999.111,998.2266,998.6441,998.5478,999.3703,999.92474,1001.2804,1001.07245,1002.7565,1002.40247,1005.6691,1006.08234,1006.53973,1006.016,1006.4596,1006.02234,1006.3076,1005.7129,1005.80334,1004.9835
1005.0698,1004.71686,1003.53973,1003.3857,1000.1714,1000.6843,1000.1136,1001.34753,1002.2598,1002.649,1003.9236,1004.5371,1004.04834,1004.36945,1003.504,1003.6847,1003.06226,1003.25616,1002.653,1002.81226,1002.1298,1002.1847,1001.39996,1001.39264,1000.60944,1000.67175,999.9773,1000.096,999.4019,999.55646,998.988,999.32574,998.9226,999.3622,999.0321,999.4576,999.07355,999.3678,999.50995,999.74756,1000.07855,1000.0341,999.71606,1000.11206,999.7294,1000.2018,999.85895,1000.3654,1000.0421,1000.56226,1000.2525,1000.78625,1000.4904,1001.0466,1000.7864,1001.38586,1001.1811,1001.83765,1001.691,1002.39685,1002.2897,1003.01215,1002.9047,1003.60406,1003.45074,1004.07965,1003.83484,1004.3528,1003.96716,1004.3182,1003.72943,1003.8358,1002.95105,1002.7143,1001.8048,1000.8011,999.2789,998.95715,998.87585,999.5057,999.44794,1000.66266,1000.8028,1002.14716,1002.3739,1005.3597,1005.7994,1007.5768,1006.93005,1007.3628,1006.9732,1007.32007,1006.7796,1006.93414,1006.1803,1006.08386
1006.27277,1005.001,1004.34973,1003.1451,1000.66583,1000.2716,1000.8754,1001.41925,1002.89465,1003.55725,1004.2283,1004.673,1005.0396,1004.38934,1005.1151,1004.1178,1004.43964,1003.8754,1004.11957,1003.52405,1003.66376,1002.9466,1002.9654,1002.15753,1002.1287,1001.31696,1001.3033,1000.48846,1000.46857,999.6962,999.81573,999.2878,999.63574,999.37415,999.79926,999.40765,999.98303,1000.10474,1000.51355,1000.53,1000.764,1000.4169,1000.71906,1000.26715,1000.66113,1000.259,1000.71747,1000.36914,1000.8669,1000.54224,1001.06036,1000.7541,1001.29266,1001.01685,1001.6011,1001.38104,1002.02795,1001.87726,1002.58997,1002.499,1003.2619,1003.2069,1003.981,1003.91534,1004.64886,1004.5105,1005.1482,1004.8837,1005.36646,1004.9053,1005.1669,1004.4494,1004.425,1003.3882,1002.87976,1001.4068,999.26086,1001.5826,999.1886,999.24414,1000.90857,1000.6547,1001.8789,1002.2651,1004.3269,1005.5922,1008.4153,1007.7504,1008.339,1007.97925,1008.4068,1007.9633,1008.2097,1007.55426,1007.549,1006.60614
1006.9583,1006.2778,1004.66125,1004.01764,1000.1303,1000.7858,1000.6778,1002.46875,1002.6928,1004.48444,1004.7729,1005.33826,1004.48566,1005.4516,1005.6783,1005.69293,1005.2018,1005.5218,1005.04474,1005.3048,1004.71216,1004.83875,1004.1069,1004.10614,1003.2683,1003.17896,1002.2601,1002.0818,1001.0832,1000.8898,1000.0029,1000.0628,999.5704,999.82874,999.5207,1000.4237,1000.03796,1001.2841,1000.93506,1002.0236,1001.44995,1001.7775,1001.279,1001.6247,1001.15436,1001.5329,1001.1236,1001.5678,1001.2055,1001.68427,1001.35156,1001.85693,1001.5483,1002.0911,1001.8337,1002.43646,1002.24475,1002.9216,1002.799,1003.5416,1003.4786,1004.2729,1004.24756,1005.061,1005.02625,1005.7933,1005.66754,1006.31433,1006.0233,1006.4683,1005.9289,1006.10516,1005.24457,1005.0844,1003.8583,1003.23047,1000.19403,999.47687,1000.37,1000.11194,1000.05365,1001.55457,1001.6271,1004.1828,1004.1689,1006.8376,1008.649,1009.0386,1008.8854,1009.44073,1009.1119,1009.50946,1008.98834,1009.14404,1008.34515,1008.1591
1008.6722,1007.10504,1005.9468,1003.95233,1000.4653,1000.3382,1001.4973,1002.17865,1004.4078,1005.03406,1005.31854,1005.2311,1004.94293,1006.1441,1007.1829,1006.48505,1006.91016,1006.51215,1006.91583,1006.45483,1006.72925,1006.13745,1006.26605,1005.5204,1005.48944,1004.57965,1004.3644,1003.24786,1002.8191,1001.54926,1001.1047,1000.10535,1000.1198,999.5501,1000.6268,1000.3848,1001.6875,1001.2339,1002.5247,1002.7272,1003.2921,1002.59357,1002.9566,1002.4821,1002.8187,1002.36194,1002.7428,1002.32715,1002.7487,1002.36646,1002.8221,1002.4678,1002.95074,1002.633,1003.1736,1002.91425,1003.52155,1003.3354,1004.016,1003.89606,1004.64545,1004.59155,1005.4033,1005.3976,1006.24475,1006.2351,1007.03186,1006.9166,1007.5665,1007.23834,1007.63586,1006.9933,1007.0576,1006.0062,1005.61304,1004.3736,1004.33966,999.8572,999.7844,999.69305,1000.90546,1000.76385,1003.1114,1003.39294,1005.97546,1007.49677,1009.6351,1009.3029,1010.2278,1010.04193,1010.6041,1010.2747,1010.62445,1010.0416,1010.0832,1009.1198
1009.7682,1008.97015,1006.8471,1005.02795,1000.38367,1001.20825,1001.4775,1003.1723,1004.79193,1006.1833,1005.9618,1006.08264,1005.69006,1006.95184,1007.5883,1008.079,1007.8855,1008.3505,1008.0396,1008.45325,1007.9971,1008.2719,1007.67303,1007.788,1007.006,1006.9068,1005.86304,1005.44293,1004.02966,1003.21075,1001.59296,1000.89435,999.9337,1000.7778,1000.8146,1002.1415,1001.95996,1003.12964,1002.68286,1004.27606,1004.1262,1004.43036,1003.95386,1004.32214,1003.8519,1004.21295,1003.77185,1004.15106,1003.7255,1004.12866,1003.72906,1004.1619,1003.7858,1004.25684,1003.92944,1004.4585,1004.18823,1004.7825,1004.5769,1005.24335,1005.1078,1005.85425,1005.796,1006.62115,1006.63086,1007.5041,1007.50604,1008.3193,1008.19305,1008.81824,1008.4297,1008.75037,1007.98254,1007.8828,1006.6198,1005.80945,1004.2962,1003.6701,998.9057,999.53577,1000.4185,1001.8361,1002.31976,1004.4105,1005.06116,1007.53723,1009.2166,1010.56757,1010.5436,1011.31726,1011.15106,1011.71576,1011.356,1011.6725,1011.01385,1010.9357
1011.6047,1010.17114,1008.8851,1006.3125,1002.09326,1001.84735,1002.2869,1003.9943,1005.81836,1006.8647,1007.3128,1006.57574,1007.4772,1007.9908,1008.9153,1008.899,1009.6091,1009.3466,1009.90546,1009.58374,1009.99054,1009.51874,1009.7786,1009.1501,1009.22394,1008.3679,1008.1496,1006.90656,1006.1775,1004.3469,1003.05096,1001.1022,1001.7403,1001.47076,1002.4889,1002.869,1004.18,1003.30646,1004.34863,1004.6769,1005.7565,1005.3993,1005.69476,1005.3326,1005.7016,1005.2515,1005.6329,1005.19305,1005.5723,1005.136,1005.5336,1005.1218,1005.54407,1005.16296,1005.63446,1005.2958,1005.8079,1005.5121,1006.0819,1005.8507,1006.4978,1006.34436,1007.08154,1007.0153,1007.85016,1007.8676,1008.7518,1008.74927,1009.5494,1009.3804,1009.94934,1009.47,1009.66785,1008.73834,1008.40186,1006.77075,1005.48035,1003.39276,1001.52234,1000.1851,1001.33215,1002.21985,1003.3178,1004.34863,1006.34015,1007.27185,1010.065,1010.40643,1011.60364,1011.6066,1012.3257,1012.15515,1012.6968,1012.3121,1012.5778,1011.8319
1012.4155,1011.9887,1010.2232,1008.47864,1004.78143,1002.33636,1002.4019,1004.16724,1005.9665,1007.9797,1007.7886,1008.14795,1007.5857,1009.3239,1009.43964,1010.3896,1010.4116,1011.01636,1010.8051,1011.34265,1010.98926,1011.3636,1010.851,1011.06824,1010.37805,1010.37805,1009.4044,1009.0132,1007.489,1006.36835,1004.06757,1002.74567,1002.8482,1003.49835,1003.74115,1004.69403,1004.5212,1004.96136,1004.6779,1005.8796,1006.1303,1006.7487,1006.4457,1006.9443,1006.5575,1006.9435,1006.4975,1006.87836,1006.4351,1006.81714,1006.3876,1006.78894,1006.37396,1006.80615,1006.4308,1006.9029,1006.54694,1007.0405,1006.71967,1007.2743,1007.02295,1007.65753,1007.4837,1008.2126,1008.1408,1008.98254,1008.99915,1009.88055,1009.8508,1010.60834,1010.37714,1010.86224,1010.25696,1010.2475,1009.03516,1008.158,1006.0662,1005.2239,999.406,1002.9986,1002.1987,1003.073,1004.0891,1005.88727,1006.351,1008.61206,1009.4894,1011.27106,1011.61957,1012.53,1012.49066,1013.1872,1012.9855,1013.50287,1013.0741,1013.2755
1013.6465,1012.65985,1011.96747,1009.8455,1007.7203,1002.9147,1003.698,1004.5219,1006.3137,1008.3085,1009.01337,1008.945,1009.41016,1009.6214,1010.5618,1010.82983,1011.70483,1011.5664,1012.1833,1011.9364,1012.42676,1012.01605,1012.33997,1011.7701,1011.92615,1011.15717,1011.0522,1009.9247,1009.3005,1007.4775,1006.026,1004.0144,1004.67413,1004.94354,1005.46014,1005.83466,1005.9847,1005.5126,1005.94055,1006.00757,1006.91113,1007.01294,1007.4853,1007.3165,1007.84546,1007.465,1007.8397,1007.37585,1007.7529,1007.31903,1007.7375,1007.3253,1007.74036,1007.3369,1007.78766,1007.41266,1007.8746,1007.49615,1007.98285,1007.6543,1008.2104,1007.9503,1008.5793,1008.3947,1009.1236,1009.04816,1009.8944,1009.89886,1010.75604,1010.67505,1011.37726,1011.07074,1011.44073,1010.6532,1010.3244,1008.5046,1007.07764,1005.6978,1001.981,1004.02325,1004.1494,1003.70087,1005.4646,1005.9004,1007.7912,1008.4082,1010.314,1011.024,1012.25,1012.3864,1013.2004,1013.1014,1013.75507,1013.51685,1013.9979,1013.51605
1013.4682,1013.55035,1012.4654,1011.4314,1008.8255,1005.38727,1004.3761,1006.1533,1006.06866,1009.1516,1009.3566,1010.0011,1009.77576,1010.4696,1010.52295,1011.58124,1011.6214,1012.33856,1012.1443,1012.70575,1012.38086,1012.79535,1012.3162,1012.58734,1011.96576,1012.07245,1011.2373,1011.0473,1009.75684,1008.9654,1006.97766,1006.01575,1005.82477,1006.5835,1006.6273,1007.02905,1006.5835,1006.92834,1006.55054,1006.5275,1007.086,1007.5235,1007.2493,1007.9187,1007.70984,1008.2546,1007.829,1008.16284,1007.6801,1008.07733,1007.70624,1008.17535,1007.78534,1008.22577,1007.8386,1008.30316,1007.9175,1008.3737,1007.99567,1008.49817,1008.17413,1008.74115,1008.4794,1009.1189,1008.9357,1009.6748,1009.6003,1010.4448,1010.4173,1011.23004,1011.09503,1011.7287,1011.32367,1011.52515,1010.44855,1009.569,1007.37115,1004.7587,1004.1303,1004.90247,1004.36615,1005.72003,1005.86896,1007.5341,1007.88684,1009.2779,1010.0141,1011.42255,1011.76215,1012.7101,1012.6896,1013.4089,1013.2369,1013.8397,1013.5515,1013.99567
1013.35834,1012.81476,1012.9025,1011.723,1010.7804,1008.35144,1007.2697,1006.9821,1009.1396,1009.06506,1009.56976,1009.67957,1010.2546,1010.0651,1010.7814,1010.8466,1011.64435,1011.49835,1012.08655,1011.7755,1012.22797,1011.7921,1012.1235,1011.58124,1011.81396,1011.16815,1011.2691,1010.43164,1010.1932,1008.89575,1008.04974,1006.76355,1007.1212,1007.0028,1007.91284,1007.4661,1007.5503,1007.18756,1006.96545,1006.783,1007.38684,1006.915,1007.33826,1007.1087,1007.80145,1007.6075,1007.99677,1007.5035,1007.76465,1007.311,1007.80206,1007.48816,1007.98834,1007.61914,1008.0885,1007.71716,1008.1878,1007.80255,1008.2821,1007.92615,1008.4526,1008.14465,1008.7372,1008.4929,1009.15643,1008.9878,1009.7436,1009.6687,1010.4939,1010.42957,1011.1985,1011.0051,1011.5637,1011.02026,1011.0037,1009.45575,1008.21045,1005.5833,1004.7323,1004.8343,1005.63855,1006.1178,1007.23676,1007.73035,1008.7898,1009.0698,1010.3346,1010.69714,1011.72015,1011.74756,1012.4976,1012.3416,1012.9644,1012.71216,1013.26154,1012.93317
1011.56366,1012.0036,1011.4894,1011.63513,1010.64514,1010.43665,1009.67596,1009.98865,1008.82886,1008.9118,1008.7291,1009.4814,1009.28577,1009.87695,1009.6379,1010.32074,1010.1312,1010.69836,1010.34717,1010.75946,1010.28406,1010.59326,1010.0421,1010.29425,1009.701,1009.92035,1009.2866,1009.44855,1008.6701,1008.5407,1007.40356,1007.3416,1006.8614,1007.32074,1007.0343,1007.5397,1007.1415,1007.545,1006.653,1006.66077,1006.73535,1006.66156,1006.11615,1006.63513,1006.52155,1007.1989,1006.75,1006.9082,1006.394,1006.653,1006.3432,1006.88934,1006.598,1007.10565,1006.763,1007.2479,1006.89526,1007.3771,1007.03265,1007.5403,1007.2178,1007.7696,1007.50586,1008.1287,1007.9223,1008.6053,1008.46857,1009.2286,1009.15936,1009.9518,1009.8658,1010.5785,1010.3553,1010.78876,1010.1558,1009.7596,1008.3079,1006.04816,1005.58026,1005.1396,1005.6408,1007.17725,1007.53467,1008.52295,1008.5485,1009.41,1009.549,1010.4671,1010.439,1011.1318,1010.91943,1011.4986,1011.20886,1011.73016,1011.40375,1011.91016
1009.73535,1009.4061,1009.9079,1009.52374,1009.8439,1009.09125,1009.0855,1008.33124,1008.36176,1007.72864,1008.03076,1007.7697,1008.4041,1008.1337,1008.6539,1008.3114,1008.77856,1008.32715,1008.6543,1008.0723,1008.28253,1007.6335,1007.8132,1007.18304,1007.3754,1006.77545,1006.99567,1006.4387,1006.6755,1006.07263,1006.10693,1005.42505,1005.7328,1005.40027,1006.05115,1005.78906,1006.401,1005.9958,1006.2779,1005.92303,1005.71436,1005.3722,1005.23914,1004.9041,1005.61084,1005.386,1005.8566,1005.2297,1005.2718,1004.6658,1005.1071,1004.8333,1005.3523,1005.079,1005.5497,1005.24866,1005.7141,1005.41724,1005.9035,1005.61676,1006.1332,1005.8703,1006.44574,1006.2536,1006.8821,1006.74097,1007.4286,1007.3532,1008.08484,1008.0373,1008.77985,1008.6865,1009.35925,1009.07605,1009.4778,1008.5586,1008.26294,1006.43195,1005.19226,1004.9904,1006.13617,1006.68933,1007.8776,1007.9835,1008.686,1008.5537,1009.2091,1009.0307,1009.5503,1009.1957,1009.5994,1009.18726,1009.59717,1009.1886,1009.6183,1009.2436
1006.29285,1006.836,1006.54364,1007.15576,1006.89905,1007.4471,1007.03796,1007.3151,1006.5794,1006.7458,1006.14935,1006.60614,1006.24225,1006.73016,1006.25214,1006.6047,1006.00037,1006.2144,1005.4903,1005.5754,1004.7644,1004.7873,1004.00256,1004.1028,1003.4111,1003.59235,1002.9721,1003.276,1002.7616,1003.1989,1002.69196,1003.1528,1002.7032,1003.38885,1003.13055,1003.9685,1003.6861,1004.4961,1004.31085,1004.2511,1003.99567,1003.795,1003.11084,1003.71625,1003.26624,1003.94727,1003.32605,1004.42786,1002.7115,1003.26154,1002.58545,1003.1536,1002.7218,1003.36804,1002.89685,1003.53436,1003.0718,1003.718,1003.2673,1003.93427,1003.5135,1004.21277,1003.84735,1004.61005,1004.3118,1005.1187,1004.88513,1005.73535,1005.5347,1006.39795,1006.2129,1007.05396,1006.8597,1007.57855,1007.304,1007.62146,1007.17065,1006.50995,1005.20123,1004.8954,1005.04913,1006.47723,1006.6071,1007.5219,1007.23724,1007.7772,1007.33435,1007.755,1007.1882,1007.47046,1006.81586,1007.0854,1006.4803,1006.814,1006.2793,1006.7012
1003.10254,1002.75055,1003.3332,1003.1064,1003.8033,1003.6161,1004.2919,1003.99475,1004.52655,1004.03503,1004.5012,1004.02277,1004.48395,1003.9816,1004.2286,1003.6005,1003.6022,1002.85297,1002.7282,1001.84265,1001.68195,1000.65265,1000.5982,999.6229,999.76086,998.9287,999.18555,998.5735,998.9466,998.6078,999.0818,998.9191,999.4566,999.48224,1000.12305,1000.32605,1000.91693,1001.1764,1001.51575,1002.4158,1001.03,1001.5787,1001.29315,1001.2822,1001.66016,1000.86945,1001.70184,1001.00726,1001.67053,1000.5121,1000.87286,1000.25946,1000.7722,1000.34753,1000.7869,1000.4819,1000.88544,1000.64545,1001.05444,1000.8176,1001.30707,1001.06256,1001.65247,1001.44653,1002.1223,1001.9718,1002.70087,1002.5947,1003.34503,1003.25836,1004.0222,1003.9273,1004.70776,1004.57764,1005.31586,1005.1097,1005.67865,1004.9823,1004.3418,1003.3791,1004.29297,1004.486,1005.47015,1005.32196,1005.8814,1005.2736,1005.62,1004.8697,1005.0422,1004.25714,1004.2782,1003.5625,1003.6105,1003.0153,1003.2012,1002.70935
998.63257,999.0275,998.7605,999.36865,999.1957,999.966,999.79004,1000.5537,1000.31757,1000.94574,1000.65106,1001.1201,1000.735,1001.02875,1000.40485,1000.5215,999.60114,999.59375,998.51624,998.40643,997.2768,996.99164,995.9558,995.6982,994.8854,994.8254,994.16766,994.42114,993.88934,994.49585,994.12415,994.95325,994.7885,995.6968,995.7833,996.6893,996.9386,997.75055,998.08795,998.7462,998.68646,999.101,998.244,999.273,998.1066,1000.2662,997.53357,999.38873,998.3372,998.80426,998.0607,998.21655,997.87225,998.00397,997.67065,998.00653,997.55664,998.1412,997.60913,998.27277,997.8279,998.4451,998.1728,998.76544,998.61755,999.2805,999.14886,999.9187,999.7726,1000.5969,1000.46106,1001.27374,1001.1711,1002.01733,1001.86945,1002.9032,1002.7007,1003.52466,1001.458,1002.0091,1001.6275,1002.80536,1002.64276,1003.1678,1002.87054,1002.85785,1002.28894,1002.2118,1001.3419,1001.355,1000.3014,1000.3765,999.4261,999.5598,998.8614,999.084
994.67584,994.3062,994.7453,994.4865,995.1978,994.9869,995.79193,995.6619,996.3704,996.23315,996.83386,996.50616,996.9965,996.41254,996.6644,995.8718,995.8214,994.88885,994.6971,993.675,993.42004,992.25714,991.99255,990.88745,990.7911,989.88434,990.02466,989.3979,989.7554,989.4704,990.04266,990.00476,990.84515,990.88904,992.0012,992.0953,993.2755,993.4697,994.3985,994.63885,995.42084,995.22363,995.88214,995.3976,996.18445,995.70886,996.32196,995.7946,996.0726,995.6937,995.8182,995.153,995.5046,994.7579,995.1382,994.5918,994.9116,994.5716,994.9304,994.584,995.1123,994.70544,995.36615,995.0303,995.69293,995.52234,996.17285,996.10364,996.82794,996.71185,997.56683,997.35187,998.2637,998.16644,998.8464,999.37616,999.65796,1001.14545,998.23694,999.18195,999.0846,999.4875,1000.08044,999.4787,1000.1271,999.0626,999.15875,998.2953,997.96075,997.15436,996.8761,995.876,995.9118,994.91766,995.11053,994.4368
990.033,990.3887,990.0357,990.5205,990.3072,991.01263,990.81714,991.6061,991.4482,992.15106,991.94696,992.50684,992.10077,992.454,991.7882,991.8943,991.0012,990.921,989.93677,989.7858,988.7422,988.4914,987.36816,987.1529,986.13885,986.1005,985.36664,985.58374,985.10693,985.6621,985.40796,986.22644,986.2468,987.1882,987.46375,988.5311,988.83276,990.03296,990.21106,991.3254,991.44086,992.22217,992.16425,992.74414,992.4669,993.1296,992.8037,993.2853,992.9326,993.18225,992.57904,992.8293,992.09973,992.35266,991.7321,991.9862,991.5071,991.8594,991.37286,991.864,991.405,991.94116,991.62177,992.17084,991.92456,992.569,992.3418,993.09735,992.91125,993.6932,993.5768,994.3051,994.2683,994.9953,994.88367,996.16473,995.66864,998.1169,995.45966,996.8737,995.71686,996.62286,996.2919,996.4203,996.0646,995.9407,994.9089,994.9465,993.69086,993.54553,992.5408,992.2375,991.3764,991.321,990.4466,990.709
986.66534,986.08386,986.49475,986.12585,986.6828,986.4501,987.1357,986.9496,987.6691,987.48254,988.1401,987.84247,988.32745,987.8104,988.0564,987.31177,987.35266,986.46106,986.4089,985.48047,985.3818,984.3528,984.15375,983.10156,982.96906,982.091,982.20514,981.57733,981.96655,981.62573,982.2662,982.18475,983.0676,983.1701,984.26794,984.5308,985.69904,986.05585,987.1914,987.4432,988.5129,988.5583,989.4122,989.30615,990.00574,989.80695,990.4379,990.11456,990.55194,990.02386,990.264,989.60565,989.7983,989.10675,989.35675,988.75995,989.0665,988.5476,988.91785,988.4346,988.8868,988.46136,988.99915,988.6471,989.24115,988.9694,989.6072,989.3891,990.106,989.8896,990.6544,990.47614,991.2285,991.05145,991.8594,991.8136,992.6494,993.13574,993.1223,992.82764,992.9629,992.656,993.1,992.48456,992.77435,991.88324,991.694,990.721,990.4546,989.32544,989.1789,988.11176,988.00867,987.139,987.15125,986.4186
983.0091,983.2786,982.76385,983.19934,982.83984,983.43085,983.1808,983.8486,983.6458,984.32745,984.09296,984.68335,984.30725,984.71234,984.1265,984.3337,983.59265,983.67456,982.8721,982.913,982.02216,981.93225,980.9255,980.78613,979.8358,979.8425,979.10297,979.3541,978.8658,979.3722,979.1335,979.87823,979.8585,980.8033,980.97925,982.0914,982.3904,983.58386,983.88464,985.00464,985.2043,986.18286,986.2105,987.04974,986.93933,987.658,987.44403,987.99475,987.5793,987.9029,987.2928,987.50824,986.8312,987.04694,986.41895,986.6918,986.12976,986.4596,985.9407,986.3173,985.83905,986.2889,985.88403,986.3976,986.0783,986.65076,986.37665,987.00323,986.76355,987.3935,987.21893,987.87067,987.6714,988.3514,988.16223,988.82043,988.67706,989.4083,989.149,989.6387,989.22076,989.7607,989.29395,989.60925,988.94366,988.94727,987.9572,987.81683,986.7486,986.5544,985.5329,985.3898,984.42914,984.41125,983.56714,983.68475
981.0035,980.38983,980.7211,980.2551,980.7419,980.4196,981.0329,980.7928,981.45575,981.23193,981.8732,981.5866,982.13293,981.7236,982.11835,981.5558,981.82465,981.16296,981.33484,980.5651,980.5844,979.6658,979.58936,978.6543,978.6335,977.823,977.9855,977.38007,977.7557,977.36646,977.94574,977.7541,978.54016,978.5514,979.5166,979.69617,980.79895,981.0689,982.1951,982.4196,983.46234,983.5625,984.4685,984.4421,985.23395,985.09,985.7429,985.42505,985.8561,985.3268,985.60156,984.9682,985.20734,984.5682,984.83984,984.25055,984.5586,984.01074,984.3673,983.829,984.2228,983.74646,984.2153,983.79755,984.3308,983.98047,984.56647,984.2465,984.85657,984.54553,985.1862,984.8923,985.5378,985.2496,985.8687,985.5773,986.15125,985.8979,986.508,986.24,986.8905,986.52765,986.90906,986.32245,986.49396,985.65625,985.61725,984.6516,984.5394,983.55096,983.4476,982.4757,982.40796,981.52527,981.57196,980.8075
978.99677,979.2779,978.74835,979.16614,978.77545,979.3273,979.04156,979.6828,979.44763,980.10333,979.8623,980.4897,980.20245,980.77655,980.3946,980.8312,980.33575,980.62585,979.9451,980.06146,979.23816,979.26215,978.4216,978.4735,977.68915,977.84607,977.19464,977.48444,976.97235,977.40576,977.0344,977.63464,977.46576,978.25195,978.2472,979.1876,979.30316,980.33154,980.5054,981.5346,981.64764,982.5769,982.56506,983.3837,983.2687,983.96857,983.7157,984.24475,983.8166,984.17896,983.62146,983.91266,983.31335,983.60223,983.01355,983.31396,982.745,983.08044,982.5332,982.87836,982.3511,982.76117,982.2997,982.76373,982.3496,982.86554,982.49835,983.0486,982.6962,983.25977,982.9147,983.48395,983.13605,983.71405,983.34656,983.9244,983.56006,984.1662,983.8679,984.52155,984.2341,984.73016,984.21375,984.4898,983.77295,983.85913,983.0153,983.0065,982.10077,982.06573,981.1443,981.106,980.2239,980.26605,979.4898,979.65466
978.6911,978.1421,978.53516,978.1094,978.62573,978.30414,978.9128,978.67395,979.3507,979.141,979.8239,979.6007,980.2653,980.0339,980.6022,980.221,980.6666,980.0643,980.2629,979.55,979.6828,978.92365,979.08105,978.4108,978.61536,978.00037,978.3065,977.7428,978.0846,977.5908,978.03516,977.6751,978.28796,978.0615,978.7989,978.7283,979.5729,979.59827,980.5319,980.5687,981.4675,981.4387,982.236,982.11053,982.8146,982.5755,983.153,982.79083,983.24976,982.77997,983.14575,982.6025,982.9239,982.3594,982.68304,982.11444,982.43414,981.8686,982.19934,981.6404,982.0054,981.49725,981.91534,981.4504,981.90936,981.47656,981.966,981.5651,982.0748,981.67694,982.1794,981.7733,982.2715,981.8715,982.3611,981.9851,982.50006,982.1368,982.6951,982.4072,982.92413,982.4794,982.87683,982.28766,982.50226,981.7785,981.8976,981.0932,981.14966,980.31177,980.3519,979.53125,979.61786,978.8686,979.05664,978.41254
978.2214,978.63184,978.213,978.7273,978.4072,979.02264,978.78265,979.48724,979.3173,980.02155,979.8273,980.54663,980.4093,981.2029,980.92145,981.48035,981.12225,981.27625,980.50574,980.713,980.0421,980.2746,979.67664,980.0782,979.49164,979.8625,979.4047,979.7479,979.1312,979.40894,978.88,979.29956,978.89545,979.41394,979.16376,979.8562,979.6912,980.4826,980.42944,981.1385,981.0539,981.81165,981.6229,982.29175,982.0305,982.60077,982.2535,982.74445,982.3253,982.74945,982.264,982.62695,982.08496,982.4265,981.88104,982.21027,981.6398,981.97,981.41016,981.7464,981.2015,981.5907,981.08966,981.49835,981.00446,981.43945,980.98566,981.4448,980.98303,981.43335,980.9716,981.4108,980.93054,981.3816,980.9323,981.39874,980.9721,981.5408,981.21515,981.8254,981.44727,981.8664,981.33856,981.6646,981.03876,981.2612,980.5648,980.716,979.9641,980.09045,979.3464,979.50146,978.80005,979.0347,978.4353,978.75397
979.1875,978.81683,979.4322,979.1758,979.81036,979.608,980.4047,980.3022,980.99396,980.81647,981.70184,981.60754,981.84973,982.3371,982.5522,982.7751,982.56116,982.666,982.843,981.8151,981.89294,981.4375,981.85614,981.761,981.79224,981.2903,981.9187,981.3944,981.5612,980.85034,981.148,980.60114,980.9498,980.47723,981.08936,980.7969,981.4096,981.17114,981.90656,981.37085,982.1246,981.8946,982.3571,982.0539,982.65796,982.26495,982.66425,982.20325,982.6764,982.22833,982.58136,982.0318,982.41406,981.91864,982.25854,981.668,982.01074,981.50903,981.87445,981.28534,981.63055,981.14233,981.5735,981.0303,981.36334,980.85046,981.3128,980.8223,981.1655,980.61554,981.0661,980.59546,980.9393,980.36255,980.84656,980.51154,980.99225,980.3173,981.8304,981.42444,981.16003,981.20294,981.5383,980.7308,980.94977,980.4453,980.7662,980.0394,980.1935,979.5562,979.8441,979.17896,979.4086,978.86224,979.2537,978.76434
980.13214,980.8269,980.61414,981.3587,981.3239,982.19196,981.9986,982.25726,983.2966,982.9294,982.6625,983.5832,983.42456,984.0519,983.1572,983.59894,983.62317,984.43835,983.91406,984.03235,983.4208,983.71295,983.0621,983.53046,983.10254,983.4811,983.05194,983.30414,982.74207,982.9629,982.2683,982.40686,981.7976,982.21277,981.9004,982.38934,981.94305,982.51245,982.35004,982.97003,982.6432,983.0904,983.24615,982.7768,982.86255,983.5886,982.86206,982.92413,982.3591,982.8471,982.40485,982.7164,982.10657,982.45905,981.9858,982.3837,981.82104,982.1343,981.59125,982.0064,981.53894,981.9089,981.3478,981.73254,981.2321,981.6243,981.0565,981.38586,980.8223,981.21936,980.6889,981.0096,980.39404,980.81335,980.4339,980.9222,980.3201,981.1675,981.1591,981.88715,980.54,981.8037,981.2898,981.28656,980.5082,980.90076,980.47144,980.7983,980.14374,980.41376,979.91,980.291,979.78754,980.2591,979.77295,980.3326
981.2094,981.08325,982.1273,981.6826,982.33356,982.3722,983.5597,983.36804,983.923,983.6265,984.61694,984.58875,985.06506,984.6697,984.75165,984.41754,985.07294,985.0855,985.45404,985.21216,985.5533,984.9432,984.86926,984.4532,985.15967,984.67395,985.1133,984.45685,984.9015,984.21027,984.32874,983.50555,983.70245,983.1462,983.62006,983.1271,983.4914,983.0919,983.7705,983.5597,983.88654,983.02216,983.3608,983.2885,984.18805,982.8073,984.05426,983.60156,983.6387,982.73413,982.94226,982.5304,983.0905,982.5994,982.831,982.1661,982.53406,982.11066,982.60284,982.12866,982.57,981.9722,982.4057,982.0469,982.5411,981.8915,982.05096,981.39606,981.8076,981.3207,981.64825,980.9373,981.21027,980.80804,981.44116,980.9437,981.00793,980.9975,981.8012,981.6186,981.1976,981.675,982.17865,981.2903,981.3644,980.8062,981.3062,980.8251,981.1636,980.59546,981.0993,980.5954,980.7782,980.86206,981.2573,980.4785
981.6172,982.33746,982.4164,982.81433,982.57495,983.4496,983.67413,984.34894,983.88855,984.6485,984.804,985.65045,985.295,985.97516,985.72,986.46875,985.62445,986.23706,985.3201,986.49976,986.06696,986.53143,985.46985,985.8003,985.5846,986.21545,985.90857,986.05945,985.54224,985.86176,985.4322,985.6421,984.9144,984.9482,984.19904,984.4437,983.9654,984.5776,984.43176,984.9255,983.98285,983.74036,983.42834,984.1114,984.0883,983.44464,984.31506,985.01904,984.17163,983.94977,983.0162,983.36597,983.0754,983.611,983.0564,983.3241,982.755,983.1716,982.68646,982.975,982.9251,983.3851,982.6636,983.15234,982.5882,983.2094,982.9275,983.2626,982.548,982.77496,982.1504,982.46735,982.05225,982.5021,982.0671,982.25397,981.66644,982.1823,982.0886,982.66296,981.5065,982.393,982.0303,982.33765,981.6985,981.99365,981.4216,981.7296,981.37225,981.89404,981.7673,982.1025,981.4054,981.906,981.5218,981.7621
982.9803,982.499,983.0918,982.81323,983.61896,983.6454,984.44324,984.17114,984.4794,984.3073,985.08276,985.2512,986.0732,986.1014,987.0235,986.83435,986.89264,986.14996,985.9464,985.83014,986.26483,986.2601,986.3165,985.69543,986.29425,986.103,987.04266,986.421,986.89886,986.3651,986.8996,986.31036,986.4375,985.6364,985.8583,985.1939,985.65076,985.2408,985.7619,984.9644,984.98846,984.70496,985.1248,984.1786,984.3894,984.29645,985.77264,985.58234,985.79047,984.7911,984.6557,983.8205,984.15607,983.74475,984.2716,983.8648,984.2718,983.71765,983.95746,983.45526,983.68085,983.3926,983.78076,983.45734,983.8341,983.52576,984.1925,983.65686,983.89746,983.1522,983.3447,982.766,983.5435,982.9171,983.3079,982.4473,983.17676,983.0366,983.5508,982.92554,982.763,982.34735,982.90436,982.54724,983.0487,982.53503,982.74176,982.10254,982.8357,982.36975,982.8266,982.2072,982.6873,982.4273,983.05164,982.5126
983.1008,983.665,983.3647,984.0614,983.8382,984.3837,984.09393,984.66284,984.1123,984.70764,984.5116,985.4961,985.43097,986.26575,986.4554,987.36444,987.04663,987.15936,986.02997,985.9537,985.02826,985.3923,984.73145,985.2228,985.3765,986.62396,987.0693,987.505,987.11926,987.3394,986.8735,986.98285,986.2573,986.6569,986.44116,987.1203,986.66724,986.7811,985.83984,985.5494,984.4158,985.14264,984.8483,985.0573,984.1443,984.91296,985.4973,986.5986,986.51013,986.81586,985.88715,985.7287,984.8397,985.0246,984.481,984.95514,984.5423,985.03015,984.48553,984.953,984.30835,984.87067,984.3079,984.85034,984.3216,984.9386,984.6328,985.20996,984.7171,984.8879,984.06226,984.2898,984.14856,984.52045,984.10406,984.34515,984.12115,984.6387,984.1698,984.55035,983.8065,984.0771,983.4922,983.83905,983.29266,983.71906,983.2028,983.6253,983.3404,983.6875,983.14935,983.5082,983.11,983.5746,983.10913,983.5466
984.7886,984.33466,984.72363,984.3421,984.826,984.30566,984.64984,984.18207,984.7171,984.4541,985.13617,985.01245,985.68335,985.5104,986.47675,986.45685,987.251,986.82153,987.1889,986.74396,987.1248,986.5846,986.588,985.59656,985.7835,985.4426,986.4785,986.3829,987.3779,987.2964,988.17114,987.8916,988.3198,987.8062,988.17255,987.5897,987.625,986.5476,986.30536,985.2019,985.04395,984.88904,985.23676,984.67596,984.1,983.58124,984.41034,984.13464,985.0279,985.1193,986.25793,985.96075,986.0969,985.6373,986.14075,985.78436,986.3791,986.01184,986.5064,985.899,986.19147,985.43414,985.7196,985.29584,985.93146,985.478,985.7426,985.06683,985.2433,984.63855,985.153,985.0954,985.7423,984.8798,985.01074,984.4594,985.1603,984.98,985.77795,985.3505,985.65875,984.9018,985.2833,984.5704,984.77826,984.12964,984.43665,983.87335,984.31647,983.70496,984.0911,983.644,984.2512,983.9658,984.55444,984.23254
985.54193,985.99475,985.47974,985.88434,985.36176,985.7233,985.2551,985.85675,985.6555,986.32367,985.9836,986.34375,985.5857,985.8601,985.45605,986.02716,985.61615,986.08746,985.6187,985.95264,985.3228,985.7616,985.3985,985.988,985.6254,986.1362,985.8196,986.695,986.91187,988.14905,988.5497,989.5266,989.33496,989.7944,989.07935,989.13086,987.9543,987.5768,986.35693,986.171,984.99414,985.0232,984.4066,984.8508,983.88544,983.52936,982.66016,982.1412,981.81055,982.6273,983.14355,983.90485,983.46106,984.31506,984.3764,985.1633,985.08734,985.7669,985.6432,986.18005,985.67804,986.0403,985.50165,986.12714,985.89355,986.3073,985.54407,985.87823,985.38715,986.0398,985.7997,986.5816,985.8923,986.0447,985.36365,986.04565,985.7511,986.4669,986.2976,986.67926,986.0353,986.04016,985.42456,985.5635,984.9748,985.3625,984.90717,985.3489,984.8201,985.12964,984.6739,985.23474,984.97266,985.5623,985.25464,985.82336
987.8316,987.3693,987.76495,987.32965,987.7835,987.28467,987.57855,987.1511,987.6491,987.25757,987.88837,987.4823,987.7783,987.106,987.363,986.8248,987.2339,986.94,987.58514,987.39496,988.16364,987.896,988.4325,988.0193,988.3257,987.8407,988.45734,988.19995,989.14746,989.3204,990.36945,990.43695,991.24817,990.90247,991.17163,990.2783,990.1916,989.1723,989.18555,988.52637,988.9211,988.8023,989.4153,988.6521,987.9072,986.22235,985.9225,984.0818,984.0176,983.41394,984.3904,983.82153,984.064,983.7641,984.41516,983.99457,984.61676,984.29,985.08514,984.8637,985.4418,985.0078,985.5819,985.448,986.3173,986.00214,986.3555,985.86005,986.45404,986.35535,987.1854,987.20984,987.5958,986.8269,987.04535,986.663,987.19305,986.8969,987.63544,987.10645,987.45575,986.679,987.1169,986.6254,987.0883,986.5955,986.99066,986.505,987.02795,986.6544,987.2476,986.93,987.50616,987.1223,987.6457,987.2553
997.5666,997.5666,997.5666,997.5666,997.5666,997.5666,997.5666,997.5666,997.5666,997.5666,997.5666,997.5666,997.5666,997.5666,997.5666,997.5666,997.5666,997.5666,997.5666,997.5666,997.5666,997.5666,997.5666,997.5666,997.5666,997.5666,997.5666,997.5666,997.5666,997.5666,997.5666,997.5666,997.5666,997.5666,997.5666,997.5666,997.5666,997.5666,997.5666,997.5666,997.5666,997.5666,997.5666,997.5666,997.5666,997.5666,997.5666,997.5666,997.5666,997.5666,997.5666,997.5666,997.5666,997.5666,997.5666,997.5666,997.5666,997.5666,997.5666,997.5666,997.5666,997.5666,997.5666,997.5666,997.5666,997.5666,997.5666,997.5666,997.5666,997.5666,997.5666,997.5666,997.5666,997.5666,997.5666,997.5666,997.5666,997.5666,997.5666,997.5666,997.5666,997.5666,997.5666,997.5666,997.5666,997.5666,997.5666,997.5666,997.5666,997.5666,997.5666,997.5666,997.5666,997.5666,997.5666,997.5666
