,0,1,2,3,4,5,6,7,8,9,10,11,12,13,14,15,16,17,18,19,20,21,22,23,24,25,26,27,28,29,30,31,32,33,34,35,36,37,38,39,40,41,42,43,44,45,46,47,48,49,50,51,52,53,54,55,56,57,58,59,60,61,62,63,64,65,66,67,68,69,70,71,72,73,74,75,76,77,78,79,80,81,82,83,84,85,86,87,88,89,90,91,92,93,94,95,96,97,98,99,100,101,102,103,104,105,106,107,108,109,110,111,112,113,114,115,116,117,118,119,120,121,122,123,124,125,126,127,128,129,130,131,132,133,134,135,136,137,138,139,140,141,142,143,144,145,146,147,148,149,150,151,152,153,154,155,156,157,158,159,160,161,162,163,164,165,166,167,168,169,170,171,172,173,174,175,176,177,178,179,180,181,182,183,184,185,186,187,188,189,190,191,192,193,194,195,196,197
1,,7.9285079907434,10.39598957310708,10.168532728841406,6.104545310275271,9.51011757900866,-1.7114977925009907,-3.2154704863023333,-2.2534734107945207,-5.564227748556185,-3.5740227201579087,4.6087895177769465,4.868663632073645,3.077455288714281,3.541799508987974,-1.0917010550730837,0.28481443027858855,7.829603164850527,10.532886230481731,8.905756467959947,6.098483793316606,1.887164034853066,4.166044894444511,-2.696086718258747,-18.50961451439605,-21.23181320339221,-22.636107195689643,-13.210499217303825,-15.452527551943227,-8.403334955694868,-7.606376825044882,5.137525553538836,-0.5812617712218785,-11.359773409205035,-15.130099958044314,-4.173071308833709,-2.7306682067197903,-4.123007346258131,-11.152535904771007,-8.254638440771227,-8.371590889074223,-12.792405741978092,-13.473072055389407,-15.516758774684419,-16.594573613285874,-16.7276225845691,-16.5954667417676,-15.78733911422488,-15.424260534085931,-16.281812214246997,-18.460831544806314,-19.264789976457457,-17.24011230703753,-17.958292896173592,-16.32919473408411,-16.04432836705901,-22.048549658848597,-25.293947907257756,-22.66567536981601,-18.128759775334622,-14.574689415239234,-11.154587113395884,-10.243285845544046,-11.290227659034208,-11.796778716613696,-7.077550812799183,0.2332026095359548,2.7610751341846314,0.2530799881418433,-14.854750100151051,-23.189174458836696,-23.78560195488639,-23.971388064159058,-24.139410349621173,-24.522605672954526,-24.589917179241,-24.565091575284402,-24.42235796284172,-24.359321283982784,-24.179203809703495,-23.888603311497338,-23.502698805473056,-22.89632661426426,-22.39087715948875,-22.061314294645484,-21.914913418731444,-21.355766001814168,-20.785988680100235,-20.07434066689451,-19.30577783356581,-18.311073575854945,-17.599377110668826,-16.87808207124216,-16.073599456513545,-15.002072513181078,-14.147760867892254,-13.288133843601024,-12.3383482760217,-11.05705720757107,-10.010165446908657,-9.016313958586915,-7.999198737950512,-6.567749454302168,-5.631664665188711,-4.679694676467191,-3.7004231498561078,-2.2126765630742256,-1.4293671894869635,-1.7833743601482506,-3.255506838142315,-3.8834754848179047,-4.484887316695983,-4.343867296875005,-3.419301034627272,-1.5065742299850187,-0.4886056782065976,-0.8450655790588535,-2.990428088801994,-6.591654206142457,-10.974926902282922,-14.321905178763828,-15.173453576523361,-16.080229377123622,-17.341583079729702,-18.255272477651946,-18.949547540045195,-19.952348415940772,-20.438515859109067,-21.140534533393293,-21.92920745512332,-22.703848404836528,-23.000693238843475,-22.593233086225016,-20.97400467788457,-18.23409778671088,-14.47417699427296,-11.60253874070195,-9.68926817215971,-10.662673490735006,-11.818831181356538,-13.38185177883879,-14.812817363966646,-16.42279335742482,-17.153452901677053,-17.544898103979573,-17.7646512190825,-18.448127763792073,-18.5662936555952,-18.678121285166846,-18.86975967165511,-19.553176808062418,-19.680931932920497,-19.993178854226397,-20.333543366585204,-20.95024646911848,-21.030133442914735,-21.104989362451146,-21.068909769969018,-21.015993003986157,-21.001819198903107,-20.969085153652138,-20.846030160804897,-20.39799012645521,-20.140527164329818,-19.837520177815023,-19.551871509619268,-19.239776106392963,-19.071429808651317,-18.866865293695977,-18.884035294919148,-18.800741541227634,-18.936370237477078,-19.172068878537317,-19.47076106157428,-19.7486153888251,-20.08523633109661,-20.50655660931039,-20.953793471997063,-21.360696152654064,-21.90114748760189,-22.476032302173817,-22.925873565071193,-23.321977766372992,-23.777495819271188,-24.198124323423343,-24.55880471342494,-24.853812149688867,-25.119721466687107,-25.33557928559349,-25.510498759571405,-25.516409328579222,-25.52810954613699,-25.506924144877086,-25.43945240863549,-25.259392942705265,-25.08856635110512,-24.86240144278247,-24.57854721941039
2,0.0,7.928917494040838,10.396559714909591,10.1690899418393,6.104845984236147,9.510635050530226,-1.7114558629883643,-3.2154493700257136,-2.253439612454337,-5.56424281595254,-3.5740073984989054,4.609014748416382,4.868902301871166,3.0776143386597496,3.541977463195857,-1.0916510842440645,0.28489069022382774,7.8300232219036525,10.53348790707393,8.906251830270557,6.098795870164789,1.8872828335234175,4.166253572881883,-2.69606312216443,-18.51088775027819,-21.233771599987886,-22.63812529816966,-13.210940984603656,-15.453257963358585,-8.403444682914001,-7.606457976068177,5.137789180078886,-0.5812050877328546,-11.360060832119972,-15.130809288521235,-4.1730746308579,-2.7306489915120724,-4.123010693452259,-11.152817670990379,-8.25475305235002,-8.371711581669908,-12.792844702025189,-13.473591056982457,-15.517571689133163,-16.59558582899015,-16.72866744726558,-16.596491859472888,-15.78821950188756,-15.42508381267316,-16.282795226496116,-18.462317823003193,-19.26651977314587,-17.241315251344417,-17.959675725357226,-16.330218611906748,-16.045302809305717,-22.050574268509184,-25.295997685234813,-22.667720755340422,-18.130243255124988,-14.575434003126073,-11.154920486029486,-10.243547581503385,-11.290578141121477,-11.79718072922494,-7.077646606805561,0.23327420484962935,2.7612342675788035,0.25315195661888373,-14.855587215045551,-23.191236472797733,-23.787667259583614,-23.973452491558625,-24.14147299252507,-24.524661414823463,-24.591970642321613,-24.567144903469405,-24.424413913925648,-24.36137794297778,-24.181263331062922,-23.89066643151947,-23.504764122782085,-22.89838929860999,-22.39293248037855,-22.063362806682164,-21.916958842726075,-21.357794822217002,-20.787996587881363,-20.07631759530919,-19.30771692591546,-18.312959243740938,-17.60104603761955,-16.879542248227583,-16.07485409603377,-15.003082277672114,-14.148604141905766,-13.288831790749459,-12.33890865285535,-11.057465688697492,-10.01047488035157,-9.01654730937959,-7.99936970680384,-6.567854199849581,-5.631736707390668,-4.679739683679635,-3.7004447768657585,-2.2126664845157933,-1.4293401294229897,-1.7833551041266764,-3.2555187492409994,-3.8835012389492496,-4.4849273826205955,-4.343903887466934,-3.419316478696867,-1.506548895437741,-0.48855611598055804,-0.8450249105999758,-2.990434360462555,-6.59175988366235,-10.975326845783801,-14.322780517256758,-15.174499647698417,-16.08148567265623,-17.34319269169918,-18.257158883381468,-18.951472694621962,-19.954325716406533,-20.440515765262365,-21.14256264738615,-21.93125914322047,-22.70591258157319,-23.002758890567858,-22.59529621837131,-20.97602664625708,-18.23598299234499,-14.47508113513587,-11.603007477808497,-9.68955125360478,-10.663042201770097,-11.819325582365595,-13.382564566600575,-14.813788204642586,-16.42413783752684,-17.155004442665202,-17.54657296982689,-17.766399780791982,-18.450025061624043,-18.568197586463832,-18.680031458606493,-18.871680450266755,-19.555134092750258,-19.682895747556323,-19.995158133909072,-20.335538579512864,-20.952267531187918,-21.032157523543262,-21.10701619568403,-21.07093528577905,-21.018016556333542,-21.003842219107007,-20.971106934952253,-20.848047163416087,-20.399988233875618,-20.142513469668586,-19.839491840664436,-19.553828727034432,-19.2417169459299,-19.073361597196076,-18.868785913102236,-18.88595685829734,-18.802658515071922,-18.938294671081042,-19.174006094429156,-19.47271407764317,-19.750582617593796,-20.087220022093152,-20.50855949731171,-20.95581466983118,-21.36273180675225,-21.903198510274173,-22.47809404636091,-22.92793903214931,-23.32404271285518,-23.779555387146903,-24.200174213273556,-24.56084283698929,-24.855838398813976,-25.121735403060104,-25.337582746869003,-25.512498900235332,-25.51840954205284,-25.530109902329123,-25.508924241274418,-25.441451636520434,-25.261400052948023,-25.090581794715973,-24.864427316663747,-24.580584610652853
3,0.0,7.929325020637081,10.397127062876967,10.169644425562026,6.105145217879914,9.511149993501439,-1.7114147660171188,-3.215429221829752,-2.253406691127781,-5.564259064414479,-3.573993077764824,4.609238874908876,4.869139810336902,3.077772529163946,3.5421544949004917,-1.0916018969529697,0.2849662241075646,7.830441244795766,10.534086627986976,8.906744773219058,6.099106447936106,1.8874008739870816,4.166461210972027,-2.696040433136081,-18.512156342265072,-21.235721264094412,-22.640133876044075,-13.211382664700258,-15.453986791114529,-8.403555588539904,-7.606540334986198,5.138051529455152,-0.581149152147713,-11.36034886541406,-15.131517152995455,-4.173078986872613,-2.730630676541925,-4.123015067941359,-11.15310006669417,-8.254868813219266,-8.371833411040514,-12.793283586526094,-13.474109589125636,-15.518382580639202,-16.596594914545847,-16.72970899685251,-16.597513776441886,-15.789097498075133,-15.425905015006059,-16.28377527749014,-18.46379826539674,-19.268242318279338,-17.242513992875804,-17.96105332085862,-16.331239303868223,-16.046274343669186,-22.05258914115373,-25.29803643641369,-22.669756052395208,-18.131720928015174,-14.576176948509623,-11.155254254172766,-10.243810000701986,-11.290928943404271,-11.797582830945386,-7.077743508882563,0.23334508583924013,2.761392524292461,0.2532232114042924,-14.856422190604071,-23.1932879584472,-23.789721789790764,-23.9755060668005,-24.143524716191315,-24.526706116990074,-24.59401303681292,-24.569187157147557,-24.426458814131777,-24.363423555056116,-24.183311841808315,-23.892718614213955,-23.50681861810179,-22.900441381745708,-22.394977408362834,-22.065401067216158,-21.91899407046775,-21.359813723345386,-20.789994879938455,-20.0782853154528,-19.309647271757367,-18.314836782415796,-17.602708122067966,-16.880996792193333,-16.07610428007672,-15.004088964595743,-14.149445252756157,-13.289528349899108,-12.339468345659728,-11.057874209045957,-10.010784774011503,-9.016781397925794,-7.9995415923454525,-6.567959969004235,-5.631809773433954,-4.679785675821722,-3.7004673231691543,-2.2126572111211655,-1.4293138231998073,-1.7833366236208188,-3.2555315454949234,-3.8835279258931834,-4.484968421987719,-4.3439414426131435,-3.4193328206412645,-1.5065243192059299,-0.4885072674876866,-0.8449849675980167,-2.990441496541901,-6.591866584156328,-10.975726866750492,-14.323653518343967,-15.17554243911921,-16.082737503294414,-17.344795807938365,-18.259037138975074,-18.953389251601603,-19.956293783842348,-20.442506141950886,-21.14458082566992,-21.933300480649123,-22.707966054790408,-23.004813720292315,-22.59734869362915,-20.9780387725346,-18.2378600614769,-14.475982781253766,-11.603475976042605,-9.689834897032847,-10.663411127334777,-11.819819622240491,-13.383275888470164,-14.814756183516131,-16.425477349714328,-17.156549824313327,-17.548240960869894,-17.7681410382482,-18.451914085026004,-18.570093166686778,-18.681933209276337,-18.87359268261966,-19.55708239444235,-19.684850498641122,-19.997128155287324,-20.337524326085326,-20.954278764668217,-21.03417173031595,-21.109033113031284,-21.072950905913853,-21.02003024280693,-21.005855381450917,-20.973118876950974,-20.850054397107375,-20.401976836131496,-20.14449042603197,-19.84145434188648,-19.55577696227917,-19.243649001759994,-19.075284709847494,-18.870697988113122,-18.887869866227263,-18.804566987107446,-18.940210515562597,-19.175934569922955,-19.474658162910956,-19.75254074032464,-20.08919439803552,-20.51055281523589,-20.95782603705747,-21.36475740436859,-21.905239196149292,-22.48014518448706,-22.929993706157486,-23.32609672050293,-23.781603871912736,-24.202212909959712,-24.562869691138502,-24.85785332865534,-25.123737984750083,-25.33957483109761,-25.51448764818149,-25.520398362286418,-25.53209886426011,-25.510912945271986,-25.44343947830851,-25.26339579342118,-25.092585887331158,-24.866441869977287,-24.582610728791945
4,0.0,7.929730532034028,10.397691562687578,10.17019612694132,6.105442983131734,9.511662358745024,-1.7113745163048026,-3.215410058504521,-2.253374662197542,-5.56427651394003,-3.5739797752384983,4.609461875793153,4.869376134878385,3.0779298437066553,3.542330586287719,-1.091553507172362,0.2850410186370317,7.830857193929032,10.534682335773697,8.907235249754372,6.0994154974233625,1.8875181419154963,4.166667788535727,-2.696018666949812,-18.5134201962122,-21.237662024090522,-22.642132743276612,-13.211824250860577,-15.454713999550298,-8.403667691394269,-7.606623921466278,5.138312576812159,-0.5810939779060521,-11.360637516093693,-15.132223518066116,-4.173084394504769,-2.7306132774171035,-4.123020487237876,-11.153383099284326,-8.254985741647108,-8.371956395168096,-12.793722388988934,-13.474627637661985,-15.519191405101884,-16.597600804658178,-16.7307471645396,-16.598532426029948,-15.789973051621386,-15.426724095959843,-16.284752305159145,-18.465272755149265,-19.269957468148387,-17.243708445865224,-17.962425577284773,-16.332256743603676,-16.047242909097182,-22.05459408702163,-25.30006394697931,-22.671781064792732,-18.133192677712458,-14.576918214593276,-11.155588420632649,-10.244073111707058,-11.29128006720287,-11.79798501854312,-7.077841536824188,0.2334152394708262,2.7615498875166615,0.2532937394709085,-14.857254980490184,-23.195328711544807,-23.791765336666828,-23.977548579578702,-24.145565309039284,-24.52873956554309,-24.59604414824237,-24.571218121739054,-24.42849244935699,-24.365457906202042,-24.185349128642272,-23.894759647706366,-23.508862081760537,-22.902482658146756,-22.397011741786947,-22.067428877207355,-21.92101890393915,-21.36182251227145,-20.7919833689011,-20.0802436473931,-19.311568699571875,-18.316706031589405,-17.604363228066422,-16.882445590149118,-16.07734991805325,-15.005092509654213,-14.150284153658282,-13.290223489171856,-12.340027336170454,-11.058282764474225,-10.011095132097962,-9.017016234071358,-7.999714408214642,-6.568066778016567,-5.631883879961023,-4.6798326691915175,-3.700490804219329,-2.2126487567648936,-1.4292882840120842,-1.7833189321052318,-3.2555452418880915,-3.88355556128503,-4.485010450957723,-4.3439799783632385,-3.4193500756203017,-1.5065005145406523,-0.4884591454965752,-0.8449457629195717,-2.9904495117359433,-6.591974323852908,-10.976126961793732,-14.324524131898078,-15.176581882623715,-16.08398477826967,-17.34639229907761,-18.260907083780822,-18.955297042197543,-19.958252437894732,-20.44448680341485,-21.146588875057102,-21.9353312665951,-22.710008617124668,-23.006857518429204,-22.599390305506038,-20.980040865243687,-18.239728833702397,-14.47688187948351,-11.603944225808744,-9.69011910870146,-10.663780266746516,-11.820313288998552,-13.383985711068155,-14.81572124041621,-16.426811793643246,-17.15808892363557,-17.54990194054958,-17.76987484675306,-18.45379467108695,-18.571980231967615,-18.68382637156878,-18.875496200860837,-19.55902153733947,-19.68679600890888,-19.999088737547044,-20.33950042169461,-20.956279978333132,-21.036175871178056,-21.111039921668535,-21.074956437919216,-21.0220338714977,-21.007858494172876,-20.97512078822599,-20.852051671744164,-20.403955747906604,-20.146457850952938,-19.843407502428658,-19.55771603956927,-19.245572101711108,-19.07719897639489,-18.87260135090957,-18.889774150688798,-18.806466790289527,-18.942117602289272,-19.177854133634565,-19.47659314252854,-19.754489578977786,-20.091159277075125,-20.51253637658182,-20.959827382412787,-21.366772750101198,-21.90726934466902,-22.482185511006882,-22.932037378052854,-23.3281395775144,-23.783641058986834,-24.204240196720693,-24.564885057546032,-24.859856719815955,-25.125728991556624,-25.34155531754086,-25.516464782335625,-25.5223755681964,-25.534076210828378,-25.512890035801217,-25.445415713042934,-25.26537994356407,-25.094578408836522,-24.868444883297684,-24.5846253554236
5,0.0,7.9301339890572935,10.398253159065458,10.170744991976441,6.105739251423507,9.512172096219821,-1.7113351288335452,-3.2153918971431072,-2.2533435413234257,-5.564295184889637,-3.5739675085148868,4.609683729230759,4.86961125250573,3.078086265476394,3.542505719229368,-1.0915059291255942,0.28511506028247063,7.831271029009766,10.535274971977694,8.907723211998695,6.099722988906068,1.887634622726346,4.166873285038576,-2.695997839666411,-18.514679216308267,-21.239593705298294,-22.644121710517823,-13.212265736243744,-15.455439552382167,-8.403781010642733,-7.606708755534182,5.138572296857403,-0.5810395786882561,-11.36092679130102,-15.132928349749736,-4.17309087170053,-2.73059681002692,-4.1230269691712405,-11.153666776305368,-8.25510385623594,-8.372080552363904,-12.794161102817808,-13.475145188194182,-15.519998117646743,-16.59860343288029,-16.731781880322085,-16.599547740416337,-15.790846110460327,-15.427541009617563,-16.285726246338783,-18.466741173348936,-19.27166507648743,-17.24489852302849,-17.963792387373438,-16.333270863577052,-16.04820844346106,-22.05658891297241,-25.30207999930734,-22.673795592850805,-18.13465838585948,-14.577657763936633,-11.1559229882769,-10.244336923248719,-11.291631513871659,-11.79838728874006,-7.077940708749307,0.23348465247764744,2.7617063401456483,0.2533635275589156,-14.858085537553107,-23.19735852421202,-23.79379768765028,-23.979579815840594,-24.147594555719046,-24.530761542760157,-24.598063758316314,-24.57323757884082,-24.430514601683644,-24.36748077858664,-24.187374974467147,-23.896789316347597,-23.5108943003513,-22.90451291862709,-22.399035275403882,-22.069446034069863,-21.923033141595443,-21.3638209926303,-20.793961864060908,-20.08219240799237,-19.313481034783784,-18.31856682811562,-17.60601121724868,-16.883888527097977,-16.07859091776877,-15.006092847414406,-14.151120797004316,-13.29091717613283,-12.340585605808982,-11.058691350776902,-10.01140595890557,-9.01725182784703,-7.999888168302456,-6.568174643434036,-5.631959043917486,-4.67988068038336,-3.7005152357494646,-2.2126411355720634,-1.4292635252919663,-1.7833020432974693,-3.2555598536759844,-3.883584161043744,-4.48505348598449,-4.344019511058261,-3.4193682590685532,-1.5064774949317086,-0.48841176300477124,-0.8449073096623785,-2.9904584210066245,-6.592083119277353,-10.976527127474665,-14.325392306909418,-15.177617908845473,-16.08522740520485,-17.347982033446712,-18.262768554284314,-18.957195894615985,-19.960201494997047,-20.446457560585053,-21.148586598918392,-21.937351296666606,-22.712040057518216,-23.00889007165691,-22.601420843830695,-20.982032729499885,-18.241589145759274,-14.477778375745906,-11.604412217351344,-9.690403894989668,-10.664149619321181,-11.820806570454605,-13.384694000431624,-14.81668331411019,-16.42814106718944,-17.159621615460093,-17.551555769877332,-17.771601059032584,-18.45566665399332,-18.5738586150827,-18.685710776925674,-18.87739083414674,-19.560951342510307,-19.68873209793539,-20.00103969665281,-20.341466678443727,-20.958270977549738,-21.038169750653275,-21.113036425336176,-21.076951685912253,-21.024027247078315,-21.009851362094707,-20.977112473944874,-20.85403879380443,-20.405924780583156,-20.14841555871364,-19.845351140048543,-19.559645779988756,-19.247486070543694,-19.079104223595007,-18.874495830682488,-18.891669540668353,-18.808357754597306,-18.94401575962415,-19.17976461112642,-19.478518838531755,-19.756428952341505,-20.093114474123652,-20.51450999152561,-20.9618185112265,-21.368777645067095,-21.90928875170207,-22.484214816713067,-22.934069835068147,-23.330171068314105,-23.785666729964113,-24.206255852933054,-24.56688871399492,-24.861848348989092,-25.127708199355137,-25.343523981526406,-25.518430077683536,-25.52434093475918,-25.536041716991875,-25.51485528785356,-25.447380115829027,-25.267352278885447,-25.09655913519519,-24.87043613328944,-24.586628268251957
6,0.0,7.899041816694344,10.354167728730044,10.127830966186478,6.082987663807591,9.472677971600012,-1.7026791518616666,-3.200364118270126,-2.2423788799998263,-5.538798940003705,-3.55825578705701,4.591472485962042,4.850260289862137,3.066251840604445,3.528304528870331,-1.0866776541759529,0.28426974006617434,7.797605347356342,10.486343148048062,8.86796203751386,6.073864667850285,1.8798294478157371,4.14914372097573,-2.6849603210801973,-18.4174651923778,-21.132928979549625,-22.530369681297042,-13.147978189968235,-15.377548241442135,-8.365797073773113,-7.573089458315782,5.1156340576095936,-0.5796626263940106,-11.306953424095168,-15.056747316868385,-4.156196656135814,-2.7202032973466683,-4.1062810353339305,-11.10102115158093,-8.218242020020156,-8.334528599010353,-12.73164679936929,-13.40869905209206,-15.440643118693204,-16.512061374866768,-16.644198777839282,-16.512909827166254,-15.709402202242437,-15.348317387875532,-16.200723153962475,-18.366598209795008,-19.165207889307236,-17.15312830842582,-17.866761228954097,-16.247665268972657,-15.964371684350132,-21.944258687907876,-25.175766031966205,-22.558575953545706,-18.035708219911005,-14.5031361414241,-11.102660431582736,-10.197124786651017,-11.238062801550216,-11.741613058416517,-7.048279843438196,0.2271411181039188,2.7443108506900904,0.24697006937398433,-14.781560980387399,-23.080054744682773,-23.67395484859106,-23.85896230342372,-24.026295447470574,-24.40827345275977,-24.475313891180956,-24.450567150981115,-24.308356730713978,-24.24564835277623,-24.06619805931127,-23.776694639994215,-23.3922822950128,-22.78818829152297,-22.28483915363622,-21.95666400726779,-21.810857427425933,-21.253994488327553,-20.686806896664116,-19.978521700340917,-19.213725496813964,-18.22386309724413,-17.505865911170044,-16.78930933994553,-15.989955536912708,-14.924995475216138,-14.076016601504676,-13.221689531712375,-12.277691216576796,-11.003717791745101,-9.962973050647845,-8.974849119190052,-7.9634719807407714,-6.539419967767642,-5.6082882556905505,-4.661220895229363,-3.6868505291848876,-2.205642696802202,-1.42599738197249,-1.778357523954031,-3.2434753519930832,-3.8677276603503232,-4.466140962585956,-4.325828641971586,-3.405832879423675,-1.5015356930346606,-0.4882457845761591,-0.8430778677449555,-2.9783744153889535,-6.56073956817939,-10.91968421067639,-14.246904007144643,-15.093281984759729,-15.99465292537804,-17.24789134956232,-18.166299267929382,-18.85706927046104,-19.855266947500414,-20.339150519031215,-21.03799151571233,-21.82327893322952,-22.595020741808366,-22.890720455841237,-22.484840199953975,-20.872458454114213,-18.146240185470532,-14.399736178276035,-11.5454883762587,-9.643417020884979,-10.611978238717528,-11.76124856288098,-13.314778466820995,-14.736880085891487,-16.33711384887929,-17.062889856062373,-17.45163491648032,-17.669836682444238,-18.360647290385835,-18.478190993779133,-18.589432431016416,-18.780072386730193,-19.460462446986103,-19.58757236749769,-19.898260537362443,-20.236956791271734,-20.85113852045404,-20.93065120326476,-21.005158284781768,-20.969246599507706,-20.916510360525223,-20.90240279755977,-20.86982198491867,-20.747346106555913,-20.301379444803633,-20.045176867802912,-19.74367745557751,-19.459472822208102,-19.14889612603001,-18.981422434215943,-18.777927070906966,-18.79500697140446,-18.712057936986703,-18.84697572716447,-19.081448836250424,-19.378606896979633,-19.654974161032833,-19.989920373976226,-20.409189796702094,-20.85430826581366,-21.259262439080366,-21.797316966798338,-22.369765021023177,-22.817783609046145,-23.21228316803001,-23.666092451376795,-24.08518048279899,-24.444555555969007,-24.738474271868554,-25.003422236087573,-25.21831213243166,-25.390785029017653,-25.396650575184776,-25.408319764615772,-25.387190596408356,-25.31989946576142,-25.14243939858299,-24.972321520853065,-24.746967275456715,-24.4641167823071
7,0.0,7.899441117489515,10.35472382368164,10.128374427622976,6.08328080468493,9.473182620222406,-1.7026417764025112,-3.2003484737857475,-2.2423499350207767,-5.538821138202624,-3.5582461971444372,4.591691832561933,4.85049277842557,3.0664063050722024,3.5284775441017184,-1.0866319595414315,0.2843420989830629,7.798014822672691,10.486929938702492,8.868444960939817,6.07416879943772,1.8799441811661723,4.149346809963641,-2.684941867868933,-18.41872261165317,-21.13484100149405,-22.532337294818998,-13.14842427515089,-15.378276588040046,-8.36591520188675,-7.573178835537517,5.115890831664661,-0.5796100456240534,-11.30724787674446,-15.057455219878463,-4.156206154034246,-2.7201892511268375,-4.106290519880595,-11.101310064855966,-8.218364967693951,-8.334657630238276,-12.732090272161884,-13.409221000654231,-15.441452320806198,-16.513064995414755,-16.645234245128236,-16.51392610160879,-15.71027733482662,-15.34913680567177,-16.201698417507412,-18.36806412857237,-19.16691124155914,-17.154318096387914,-17.868126378618093,-16.248680556321865,-15.965338772650245,-21.946231816653754,-25.177757660558765,-22.560568033821884,-18.03717173176089,-14.503878995202136,-11.103000304043249,-10.197394017195974,-11.238419585941353,-11.742020533776252,-7.0483835917988875,0.22720867853036505,2.744465075362752,0.2470380048433887,-14.782394489444318,-23.0820612111875,-23.67596332468989,-23.860969503366235,-24.028300521172568,-24.410271014482642,-24.477309037027382,-24.45256213737535,-24.310354458781603,-24.247646809961086,-24.068199564555663,-23.778700122252662,-23.39429057626278,-22.79019509567825,-22.286839688571746,-21.958658478082675,-21.812849103345165,-21.255971009837726,-20.68876409645656,-19.980450049806457,-19.21561841324686,-18.225705770293242,-17.507511346328396,-16.790751174208268,-15.991196910119939,-14.925997863679397,-14.076856418647326,-13.222387284500003,-12.27825426719893,-11.004131666881612,-9.96328930277878,-8.975090048362537,-7.963650807273699,-6.539532290447991,-5.6083674140652935,-4.661272408788831,-3.6868779714631152,-2.205637432017636,-1.4259747254819934,-1.7783428437374884,-3.2434927514734917,-3.8677593299794357,-4.4661873674201065,-4.3258714731709915,-3.405853911511561,-1.501514767660548,-0.48820026492905405,-0.8430413428774985,-2.978385965700231,-6.560852734599649,-10.920089441651498,-14.247774746880179,-15.094319382830621,-15.99589545038174,-17.249478466146556,-18.168142480907445,-18.858948931338187,-19.85719548580168,-20.341100126662134,-21.039967223247537,-21.825276063459512,-22.597028541276508,-22.892729121790158,-22.48684719510733,-20.874428510886318,-18.148082322364655,-14.400635321513763,-11.545961423210903,-9.643707183708564,-10.612352992585695,-11.761746894911113,-13.315490727742525,-14.737844469897121,-16.338442917048482,-17.064420893734383,-17.453286259454913,-17.67155992610946,-18.362500889033477,-18.48005083176185,-18.591298138673686,-18.781948060377108,-19.46237238195246,-19.589488412496173,-19.900191030795717,-20.238902129830525,-20.853107823842528,-20.932623287070466,-21.00713290002068,-20.97122000368268,-20.918481955742187,-20.904373902781806,-20.87179194883555,-20.749311661810044,-20.30332748664858,-20.047113925897378,-19.74560085111644,-19.461382709189266,-19.15079066494805,-18.983308482753454,-18.779802633129115,-18.796883420245397,-18.71393006970391,-18.848854866699135,-19.083339972237404,-19.380512842163906,-19.65689340130755,-19.991854984656527,-20.411142269336626,-20.85627768157274,-21.261245122257538,-21.799313545936975,-22.371770908430364,-22.819792240693054,-23.21429052183085,-23.668093695259422,-24.08717154346969,-24.446534570146234,-24.740441280745905,-25.005376936610713,-25.220256691286885,-25.3927289131237,-25.398594530576133,-25.410263860493586,-25.389134436608906,-25.32184245283135,-25.144387435077736,-24.974277717654157,-24.748933909591468,-24.466095056815288
8,0.0,7.8998382448423055,10.355276843554707,10.128914885308157,6.083572362731704,9.473684486739991,-1.7026053098646343,-3.2003338835899084,-2.2423219466357955,-5.538844616988379,-3.5582376966058793,4.591909966560198,4.8507239914840445,3.066559826158724,3.528649546595556,-1.08658712111389,0.2844136629039874,7.798422061767055,10.487513475965885,8.868925223477659,6.074471284108536,1.880058082908622,4.149548756682359,-2.684924403047253,-18.41997484580289,-21.136743391878724,-22.534294410400502,-13.148870207967567,-15.379003126488335,-8.366034593442206,-7.573269512479166,5.11614620312636,-0.5795582826313684,-11.307542952288296,-15.058161443905377,-4.1562167749564916,-2.7201761854429614,-4.106301120177135,-11.101599622168628,-8.21848914643012,-8.334787878044553,-12.732533604638052,-13.40974237196188,-15.44225922745148,-16.51406509776526,-16.646265992152273,-16.51493877947009,-15.71114976430777,-15.34995386848427,-16.202670348580337,-18.369523541287844,-19.168606524085625,-17.155503180716565,-17.869485686548337,-16.249692262141693,-15.966302586274598,-21.94819421307887,-25.179737141051678,-22.562548996861324,-18.038628767444298,-14.504619971694577,-11.103340558979696,-10.197663951594464,-11.2387766685376,-11.742428050059281,-7.048488529373122,0.2272754571830011,2.7446183384881757,0.2471051592288242,-14.78322557017045,-23.084056077317044,-23.67795993005319,-23.86296474708014,-24.03029356470949,-24.41225641291268,-24.479291987570512,-24.454544921880007,-24.31234001108324,-24.249633095694133,-24.070188938424504,-23.780693553929485,-23.396286933839843,-22.792190218673806,-22.288828770725615,-21.960641651003286,-21.814829541835774,-21.257936597255263,-20.69071069432995,-19.98236824310215,-19.21750167860298,-18.227539467692903,-17.509149154378576,-16.792186717668116,-15.992433293218575,-14.926996784736193,-14.07769377919963,-13.223083438397735,-12.278816499007162,-11.004545527014168,-9.963606009737278,-8.97533174410948,-7.963830603737657,-6.539645709447815,-5.608447674281872,-4.661324986268819,-3.6869064098974516,-2.2056330432487945,-1.4259528907726278,-1.778329008197066,-3.243511111303838,-3.8677920097585137,-4.466234824391643,-4.32591534738573,-3.4058759172437574,-1.5014946687090625,-0.4881555249811832,-0.8430056098769907,-2.9783984544472024,-6.560966996591423,-10.920494701444941,-14.248642839813,-15.095353092761837,-15.997132977859641,-17.251058341856798,-18.16997669651431,-18.860819105237674,-19.859113841640156,-20.343039227415264,-21.041931979156733,-21.827261787410595,-22.599024547165765,-22.89472586392813,-22.488842447898396,-20.876387718381764,-18.149915476092833,-14.401531642308306,-11.546434146100419,-9.643997915562002,-10.612727926661627,-11.762244766565535,-13.316201303589317,-14.73880562500752,-16.339766428635535,-17.065945058525266,-17.454929938867803,-17.67327503149472,-18.36434535254906,-18.481901451233988,-18.59315454891982,-18.783814301524703,-19.46427240634981,-19.591394458810182,-19.902111312506136,-20.24083702906315,-20.855066291282085,-20.934584485388058,-21.009096583771804,-20.97318249848959,-20.920442674247806,-20.90633414006312,-20.873751065122143,-20.751266446454576,-20.30526504651738,-20.049040672881755,-19.74751414048094,-19.463282686289336,-19.15267551112196,-18.985184956474278,-18.78166876437064,-18.798750426015605,-18.715792818089575,-18.850724526394217,-19.085221462915214,-19.382408933772968,-19.658802596382696,-19.993779321494902,-20.413084189128263,-20.858236259399334,-21.263216720299734,-21.801298732923495,-22.373765108475613,-22.82178897965449,-23.216285822645325,-23.67008272704335,-24.08915027016086,-24.448501165404444,-24.742395814732088,-25.0073191220826,-25.22218870933539,-25.39466023794735,-25.40052592609899,-25.41219539535081,-25.391065717888555,-25.32377288807413,-25.146322939203046,-24.976221403623057,-24.750888067397444,-24.46806090830245
9,0.0,7.900233156765113,10.35582672903698,10.129452281303216,6.083862307345546,9.474183517476655,-1.7025697683481524,-3.200320366037379,-2.242294931669714,-5.5388693981699575,-3.5582303043301033,4.592126864571118,4.850953904419381,3.066712385850042,3.5288205169336666,-1.086543154178945,0.2844844172969611,7.798827021457753,10.48809369710808,8.869402773791398,6.074772090033971,1.8801711374033907,4.149749539143296,-2.6849079438660493,-18.421221790951712,-21.138635962937133,-22.536240824524324,-13.149315980541376,-15.379727817112531,-8.366155268815739,-7.573361510483484,5.116400144914592,-0.5795073521157256,-11.307838657985554,-15.058865951740838,-4.156228538147382,-2.72016411735895,-4.106312855343137,-11.101889831209116,-8.21861457599204,-8.334919361871052,-12.732976789166708,-13.410263149943818,-15.443063789645542,-16.51506160965564,-16.64729394280814,-16.515947786996467,-15.712019433930646,-15.350768526192468,-16.203638878446565,-18.370976319029996,-19.17029357842065,-17.156683466637503,-17.870839036404206,-16.25070031295966,-15.96726305758456,-21.95014566954491,-25.18170423947544,-22.56451862799593,-18.04007919861016,-14.505359029899262,-11.103681198987985,-10.19793459880763,-11.239134050286333,-11.742835603189286,-7.0485946754352575,0.2273414398167825,2.744770621748131,0.24717151829298983,-14.784054171043149,-23.08603911956909,-23.679944436140406,-23.864947804418165,-24.032274346535086,-24.414229413942625,-24.48126250808502,-24.45651526965019,-24.31431315329633,-24.25160697574643,-24.07216594747597,-23.78267470314234,-23.398271138274183,-22.794173435579836,-22.290806179400512,-21.962613308190015,-21.816798526175027,-21.259891039421618,-20.692646485198566,-19.984276083269297,-19.2193751051153,-18.22936401395026,-17.510779185213778,-16.793615845475646,-15.993664585990356,-14.92799216707796,-14.078528631106707,-13.223777957746972,-12.27937789132898,-11.0049593670442,-9.963923175655918,-8.975574216815474,-7.964011384749739,-6.5397602423446335,-5.608529054403569,-4.661378645404417,-3.6869358613371856,-2.2056295456538515,-1.4259318922673434,-1.7783160320590186,-3.2435304478334857,-3.8678257167286736,-4.466283351092571,-4.325960282092495,-3.4058989131564292,-1.5014754106633135,-0.48811157869012656,-0.8429706828086692,-2.978411897669464,-6.561082371709387,-10.920899985813564,-14.249508230260153,-15.09638303904792,-15.998365407452834,-17.252630833882414,-18.171801738881136,-18.86267960739859,-19.861021817608243,-20.344967617973385,-21.043885572001894,-21.829235885302882,-22.60100853252499,-22.896710452867243,-22.490825732329903,-20.878335867033925,-18.15173947104419,-14.402425081628884,-11.546906533818024,-9.644289222850219,-10.613103039664749,-11.762742164093995,-13.316910157052023,-14.739763484451885,-16.341084272688732,-17.06746221457861,-17.456565803924725,-17.674981838844563,-18.366180502562372,-18.483742672311255,-18.59500148043754,-18.785670926401796,-19.46616232771758,-19.59329031237642,-19.904021184553503,-20.24276128688374,-20.857013713449664,-20.936534587989012,-21.011049124965485,-20.975133873263317,-20.92239230597397,-20.90828329949596,-20.87569912424193,-20.753210252360095,-20.307191921546778,-20.050956909006057,-19.749417127651924,-19.465172561060296,-19.154550476051472,-18.9870516690215,-18.78352528088798,-18.800607804751888,-18.717645999247527,-18.852584521618514,-19.087093120645793,-19.384294980382666,-19.660701551348744,-19.995693185420095,-20.415015351921628,-20.86018378993417,-21.265177019324785,-21.803272308238135,-22.3757473961837,-22.823773597126632,-23.218268838647226,-23.67205931185309,-24.091116425602635,-24.45045510275016,-24.744337633651853,-25.009248551438333,-25.22410794491583,-25.396578761468064,-25.402444519722412,-25.414114127136045,-25.392984198233197,-25.325690529601747,-25.14824566949474,-24.97815233779061,-24.75282950866836,-24.470014097690097
10,0.0,7.90696008639918,10.365328494508526,10.138720661380425,6.088669745251315,9.482750475477358,-1.7051946654961947,-3.204132803956763,-2.245358229937433,-5.544482155391886,-3.562424549576059,4.595104037175384,4.8542056446476005,3.068187981311543,3.5307393489890946,-1.08878963951016,0.28340350163460054,7.805363004343324,10.497791869863336,8.877217134094389,6.079395791550065,1.8805272459337972,4.152330238917947,-2.6885058659243963,-18.43833073695701,-21.157860402252187,-22.556507409343237,-13.161285392585272,-15.393769297574467,-8.374238931826634,-7.580845582923539,5.120072559034102,-0.5813870075792904,-11.318342874443447,-15.072745298714626,-4.161091712414035,-2.723871534303247,-4.111148634035593,-11.112312321071274,-8.226715668987698,-8.343124023499529,-12.74485389854182,-13.422774825398188,-15.457545550401058,-16.530683375243253,-16.663086473153438,-16.531630993523226,-15.726881147118682,-15.365285530926448,-16.219070005572288,-18.38895127495058,-19.189355753868366,-17.173272193087215,-17.888302637614455,-16.26635590329297,-15.982641032177511,-21.970460403151506,-25.20386035323043,-22.58527446189646,-18.057998005307915,-14.519377642204098,-11.11456435440054,-10.208120558782163,-11.250230230301472,-11.754392977049573,-7.056220684292606,0.22588118851284722,2.745870224280466,0.2457307747086186,-14.798670795422622,-23.107296382512963,-23.701520813098004,-23.8866186949659,-24.0540267663469,-24.43617688395154,-24.503237988547923,-24.47848029194904,-24.3362190621962,-24.273492333670795,-24.09397546586078,-23.804357795492486,-23.41977723082458,-22.8153523612325,-22.3117142171879,-21.983338804061788,-21.8374456133475,-21.280176913890912,-20.71257490334943,-20.003733986877936,-19.238301416226456,-18.247536124040444,-17.529278764380305,-16.811190121041353,-16.01027344017375,-14.943323226685134,-14.09293208970181,-13.237292597126418,-12.291954043656173,-11.01627460447844,-9.974289279868849,-8.985064520071157,-7.972623380667467,-6.54708906743098,-5.6150607312315834,-4.667094678667195,-3.691801500135012,-2.20930123905529,-1.4288802196289399,-1.781593720923471,-3.248137685756642,-3.873110647653536,-4.472088287292821,-4.331643822766407,-3.4107778966880256,-1.504742604310594,-0.49040798222167836,-0.8456116771037745,-2.9830298298837743,-6.5688907726464825,-10.932465605784552,-14.264310502415931,-15.112104018608626,-16.015147065869435,-17.270997583801428,-18.190130897769468,-18.881515397943378,-19.880571259438508,-20.364842126620893,-21.06420686771077,-21.850021367181167,-22.622212129647075,-22.918057430350085,-22.511973915712232,-20.898563248555185,-18.17009570966578,-14.417466510018295,-11.559140446428252,-9.654827677595392,-10.624557412408734,-11.775236457834335,-13.330891207634842,-14.755214530135618,-16.358406429971385,-17.08569744028674,-17.475321430530187,-17.694041450204466,-18.384815522845244,-18.502462695092074,-18.61380161246873,-18.80460753538358,-19.48561508756291,-19.612829952927726,-19.923770298837756,-20.262733667546684,-20.87740979819429,-20.9569792606266,-21.03153897291036,-20.995601990303207,-20.94279147123114,-20.928673815541078,-20.896069618610415,-20.773504907704126,-20.32716401688204,-20.070760529431944,-19.769018419118364,-19.48457945579956,-19.173698875019852,-19.00608150654987,-18.802409807653852,-18.81950457791595,-18.7364389965095,-18.87147476691249,-19.106150985568608,-19.403562503964107,-19.68012134665739,-20.015342209256104,-20.434943591506684,-20.880397887614365,-21.285605750996563,-21.824016701847167,-22.396803254676087,-22.845053882780608,-23.239703051781735,-23.693687176750906,-24.11290886385634,-24.472379105232108,-24.76635130403695,-25.031352092466662,-25.2463102551883,-25.419077988863375,-25.424945111107462,-25.436617883512103,-25.415482212509772,-25.34816992053593,-25.17040761747651,-25.000243993289423,-24.77484546964302,-24.4919340476676
11,0.0,7.907350184823149,10.365871620631708,10.139251450543004,6.088956170435609,9.483243374934231,-1.7051609365020266,-3.2041213510354885,-2.245333107388501,-5.5445094018021,-3.5624192834862822,4.595318227043845,4.85443270651406,3.068338460674655,3.530908072960521,-1.0887473971993191,0.28347260462134705,7.805762988567638,10.498364922966601,8.877688787739121,6.079692913639216,1.8806385033501818,4.1525284726843354,-2.6884913459277593,-18.439565965576314,-21.159732938632718,-22.55843193151051,-13.161730381781839,-15.394489615214797,-8.374361941900403,-7.580940013067357,5.120323359493769,-0.5813377390821405,-11.318639478498637,-15.073445705413027,-4.161105639002248,-2.7238613823336824,-4.111162517813727,-11.112603471570731,-8.226843358384214,-8.343257732124384,-12.745296311062312,-13.423293881725312,-15.458344659778552,-16.53167177199775,-16.664105866170807,-16.53263171196479,-15.727744471461472,-15.366094598634822,-16.22003081615306,-18.390389382909692,-19.19102467815238,-17.174441762537917,-17.889642772450095,-16.267355688653556,-15.983593905162696,-21.97238944478327,-25.205801894559098,-22.58722084191621,-18.05943381862392,-14.520112138750804,-11.114905350104888,-10.208392272780586,-11.250587786804916,-11.754800141930136,-7.056329015105502,0.22594554441931913,2.746020373196411,0.2457955075963583,-14.799493636537498,-23.10925510733397,-23.703480397430855,-23.8885766367099,-24.05598226351645,-24.438124290151293,-24.505182838146432,-24.480424953206146,-24.33816658029868,-24.275440599768906,-24.095926955014257,-23.80631361145112,-23.42173639050787,-22.817311075882984,-22.31366762795621,-21.985286802848265,-21.839391071082346,-21.282108489108108,-20.714488546262395,-20.005620639335515,-19.240154738320424,-18.24934200672598,-17.53089156271551,-16.81260497227908,-16.011493318895123,-14.944310524886342,-14.093761066476384,-13.237983112939997,-12.292513134473454,-11.016687895606154,-9.974606932410829,-8.985308175850335,-7.972805811980321,-6.547205568783948,-5.615144128539819,-4.667150314393119,-3.6918328278927675,-2.2092994367001815,-1.4288608407504313,-1.7815823949860494,-3.2481588462832836,-3.873146258576958,-4.472138780786564,-4.331690710963194,-3.4108027401334997,-1.5047249775638392,-0.4903656217649864,-0.8455783426438209,-2.9830450686289987,-6.569008132008134,-10.932870470211913,-14.265169640921837,-15.11312543868748,-16.016368104917802,-17.272553737986126,-18.191937236760978,-18.883356150439802,-19.882457993354322,-20.366748575430442,-21.06613755486101,-21.851971565727276,-22.624171358312047,-22.92001697052918,-22.513932557683088,-20.900488714224082,-18.171901033676587,-14.418353328268111,-11.559611653963978,-9.655119760696513,-10.624932452619298,-11.775732385229439,-13.33159592637077,-14.756164890876663,-16.3597116865159,-17.087199106528992,-17.47694005479034,-17.695729962564517,-18.38663168356628,-18.504284748651628,-18.61562920772009,-18.806444534853227,-19.487484359600437,-19.614704967610443,-19.92565887305028,-20.264636136055874,-20.879334572292507,-20.958906607349505,-21.033468658035297,-20.997530557197056,-20.944718365005148,-20.93060025610458,-20.897995003040496,-20.775426206320795,-20.32906900872182,-20.07265525149129,-19.770900334035563,-19.486448680661027,-19.17555365436697,-19.00792828636921,-18.804246699541167,-18.821342306137762,-18.738272650714553,-18.873315030758185,-19.10800255740846,-19.40542801782938,-19.6819993552828,-20.017234634621015,-20.43685271349432,-20.882322759734752,-21.287542852822057,-21.82596640835443,-22.39876102197342,-22.84701352154867,-23.241660726885904,-23.695638053457497,-24.114849017175764,-24.474306821432144,-24.768266747187326,-25.033255016685096,-25.24820285212345,-25.420969474337113,-25.426836665002266,-25.438509572256773,-25.417373655838226,-25.350060545055918,-25.172303762442667,-25.002148438191146,-24.77676053098313,-24.493861005342136
12,0.0,7.907737939219868,10.366411430258832,10.139779000166756,6.089240888572226,9.483733273955174,-1.705128183391148,-3.204111029000098,-2.2453090115189487,-5.544538020047368,-3.5624151856625708,4.5955311094320415,4.854658393021459,3.068487923340304,3.531075705273057,-1.088706074566159,0.28354085266023926,7.806160561289678,10.498934467446292,8.878157571923422,6.079988259757182,1.8807488652010682,4.152725474944692,-2.6884778863290903,-18.44079558667692,-21.16159507103804,-22.560345118907478,-13.162175188843126,-15.395207964752158,-8.374486301285241,-7.581035832691136,5.120572647578556,-0.5812893492996403,-11.318936737740422,-15.074144283351727,-4.161120769218575,-2.7238522821982114,-4.111177597430693,-11.112895300209878,-8.226972362263476,-8.343392739449566,-12.745738554665886,-13.423812297648722,-15.459141275877666,-16.532656357610303,-16.66512123030932,-16.533628534821414,-15.728604863177727,-15.366901108978439,-16.22098801581843,-18.391820460888532,-19.192684888589266,-17.17560624363255,-17.89097659291273,-16.268351594736448,-15.984543229573262,-21.974306900886802,-25.20773032803167,-22.58915522288278,-18.060862634293414,-14.520844593049057,-11.115246741730452,-10.208664730101928,-11.250945648204237,-11.755207333874994,-7.056438616604235,0.2260090597318369,2.746169486075843,0.24585940061918285,-14.800313841389269,-23.11120131425889,-23.70542717317865,-23.89052167792646,-24.0579247806211,-24.44005857292562,-24.507114529860527,-24.48235644952841,-24.340100961680243,-24.277375733843854,-24.09786535537433,-23.80825642566578,-23.423682685062815,-22.819257186264753,-22.315608679989534,-21.98722260939952,-21.841324401599753,-21.28402826310694,-20.71639074488856,-20.007496326435774,-19.24199763772888,-18.251138192422438,-17.532496124683966,-16.814013026188242,-16.012707801321017,-14.945294067462372,-14.09458737705338,-13.238671887247419,-12.29307132511792,-11.017101154072801,-9.974925059838892,-8.98555264376957,-7.972989275999387,-6.547323241124118,-5.615228704147526,-4.667207088913485,-3.6918652227686852,-2.209298573907117,-1.4288423438928008,-1.7815719753425676,-3.24818103594426,-3.8731829514743485,-4.472190400669014,-4.331738715915861,-3.4108286268363797,-1.504708237771876,-0.49032409897072016,-0.8455458586043229,-2.9830613132595074,-6.5691266615012704,-10.933275349114236,-14.266025907937099,-15.11414286499415,-16.017583739396567,-17.274102071428043,-18.19373385542413,-18.88518665661533,-19.88433373377913,-20.36864368222293,-21.068056422165494,-21.853909455880704,-22.626117862253636,-22.921963645926237,-22.515878529999725,-20.902402470007335,-18.173696652588315,-14.419237085614235,-11.56008249493896,-9.655412441995978,-10.62530767073035,-11.776227798900262,-13.332298810295448,-14.75711175258336,-16.36101093603909,-17.0886933480581,-17.4785504029208,-17.69740968767239,-18.388437975835668,-18.506096844185553,-18.617446760182823,-18.808271346409484,-19.489342930111878,-19.616569186106556,-19.927536422213166,-20.266527335003044,-20.881247650702086,-20.96082220516041,-21.035386544827038,-20.99944734952281,-20.946633519321285,-20.932514966633192,-20.899908679256754,-20.777335879471796,-20.330962685210412,-20.07453884176164,-19.7727713373244,-19.488307204769168,-19.177397966259548,-19.00976472542264,-18.806073405185042,-18.82316983512777,-18.740096168824863,-18.875145055904603,-19.10984371278518,-19.40728289149224,-19.68386651787393,-20.019115968319408,-20.43875044407723,-20.88423593415903,-21.289467991368948,-21.827903821666485,-22.40070617876542,-22.848960329028206,-23.243605398250875,-23.69757575509701,-24.116775864017868,-24.476221139413905,-24.77016873153416,-25.035144438510866,-25.25008191865774,-25.422847409687925,-25.428714668151148,-25.4403877090311,-25.419251549428047,-25.351937627382142,-25.17418638618367,-25.004039385285466,-24.778662131961507,-24.495774560365245
13,0.0,7.908123304515252,10.366947859709832,10.140303248046791,6.089523866810752,9.48422011491343,-1.7050964235025552,-3.2041018576273004,-2.2452859604522333,-5.544568033636583,-3.562412276459206,4.595742659235389,4.8548826777431735,3.068636349962479,3.531242225076228,-1.0886656880686212,0.28360823011778413,7.806555676155753,10.499500435954058,8.878623431536727,6.080281795739392,1.8808583146800666,4.152921222092708,-2.6884655057151234,-18.44201948866667,-21.16344659750432,-22.562246752638615,-13.16261980539369,-15.395924303625344,-8.374612031968985,-7.581133064817921,5.120820394220072,-0.5812418540550587,-11.319234660064557,-15.07484099262218,-4.161137123807668,-2.723844252284018,-4.111193893496394,-11.113187815348418,-8.227102701955026,-8.343529066459816,-12.74618062124368,-13.424330055986037,-15.459935346131124,-16.533637054484313,-16.66613248384292,-16.53462138289339,-15.72946226134489,-15.36770500816845,-16.22194153076594,-18.393244370379477,-19.19433621489173,-17.176765534570375,-17.892303974012705,-16.269343542645284,-15.985488932785714,-21.976212548142694,-25.209645402040987,-22.591077373921934,-18.062284314412764,-14.521574961114878,-11.11558853216364,-10.208937940473058,-11.25130381561339,-11.755614548598425,-7.0565495095902016,0.22607171912416144,2.7463175432460454,0.24592243845961595,-14.8011313546825,-23.113134762923025,-23.707360894565195,-23.892453571113972,-24.05985406865726,-24.44197948052162,-24.50903281127407,-24.48427452837146,-24.342021954357275,-24.27929748401267,-24.09979041590297,-23.810185988772993,-23.42561586771693,-22.82119045048225,-22.31753713593972,-21.989145989438065,-21.84324537182251,-21.28593600879006,-20.718281278657415,-20.009360836343586,-19.243829912497223,-18.25292449237084,-17.53409228899573,-16.815414148637426,-16.013916779804674,-14.946273777851435,-14.095410965571833,-13.239358881815694,-12.293628593467625,-11.017514374498512,-9.97524366669467,-8.985797935088206,-7.973173788529388,-6.547442103430215,-5.615314477548773,-4.667265021361479,-3.6918987029344508,-2.209298667014143,-1.4288247445945472,-1.7815624778618298,-3.248204272369411,-3.873220744725599,-4.472243165917968,-4.331787856476976,-3.410855574629156,-1.5046924005390467,-0.49028342886564363,-0.8455142401322274,-2.9830785810697997,-6.569246380079637,-10.93368023802759,-14.266879243695026,-15.115156216448941,-16.018793861502377,-17.275642430677184,-18.195520564594027,-18.88700671774594,-19.88619826839469,-20.370527228328346,-21.06996324222667,-21.85583480128013,-22.628051397406345,-22.923897209858612,-22.517811589621335,-20.904304290518446,-18.17548237751269,-14.420117718688577,-11.560552957507158,-9.655705728473905,-10.625683065460843,-11.776722684160754,-13.332999819393986,-14.758055043564285,-16.36230405934344,-17.090180018897247,-17.48015231288213,-17.699080453852716,-18.39023420779721,-18.507898788209946,-18.619254074832583,-18.810087772390165,-19.491190592094025,-19.61842239969009,-19.929402733433356,-20.268407047039442,-20.883148808296042,-20.962725827959318,-21.037292406281637,-21.001352140711298,-20.94853670825239,-20.93441772137207,-20.90181042190323,-20.77923370331333,-20.33284482816413,-20.076411085405397,-19.774631218157335,-19.4901548211348,-19.17923160795264,-19.011590623269004,-18.80788972695367,-18.82498696701801,-18.74190935412015,-18.876964643766257,-19.111674249881176,-19.409126919065304,-19.68572262479747,-20.02098599624476,-20.44063656368457,-20.886137185723445,-21.291380936613546,-21.82982870570185,-22.402638483109527,-22.850894059164094,-23.24553681657595,-23.699500029094807,-24.118689149238016,-24.478121802183612,-24.772056998816463,-25.03702009872929,-25.2519471949373,-25.42471153467622,-25.43057886030344,-25.4422520335626,-25.421115633046465,-25.35380090741618,-25.176055229057066,-25.005916575460446,-24.780550014283868,-24.497674455651982
14,0.0,8.004116862311934,10.50228043570937,10.272239682033439,6.1589535625792955,9.606062266215732,-1.7375915371319102,-3.2546632465301912,-2.2844051505210796,-5.623365564232401,-3.617160234735855,4.64452079990529,4.907409457276725,3.096680615145364,3.5658759942345206,-1.113396020706386,0.2759325236557724,7.904476009115943,10.642671382951056,8.994708932823308,6.152257986616385,1.8940253826625237,4.197313901131241,-2.732761344661403,-18.699406173351065,-21.447012300044797,-22.86321280074133,-13.341163699172434,-15.606952957082921,-8.489963575397914,-7.686318563458139,5.180707502712773,-0.5991094496627185,-11.473797073332124,-15.282729356694436,-4.223881975283325,-2.768703758419816,-4.1735228509562505,-11.265703806271457,-8.341598650193607,-8.459718597383215,-12.92214770101491,-13.610095663706367,-15.676397786079633,-16.767356080743177,-16.90238098420442,-16.76898275535325,-15.951387822958651,-15.584344684495754,-16.45243441866475,-18.6608269771123,-19.47739548045134,-17.42406896011956,-18.152381137287616,-16.502320768348365,-16.214253930135307,-22.276365348940192,-25.542806392415674,-22.898504529896474,-18.3280479081628,-14.728892075331856,-11.272892888480643,-10.353454730268739,-11.410758677803765,-11.92257832235479,-7.158848374825349,0.2204490405346179,2.7764294827722176,0.24053114850896132,-15.015542063617762,-23.427546457451204,-24.027651365940763,-24.21453249184934,-24.383500318178715,-24.76885340677282,-24.83649492151873,-24.81155845356478,-24.66815639726755,-24.604881085316958,-24.423901820366673,-24.13185609680346,-23.743921586024623,-23.133902203838307,-22.625341470011627,-22.29368429725352,-22.14638839214428,-21.583216002864738,-21.00933518451523,-20.29228528665829,-19.5176222309305,-18.517035502145394,-17.80552014818596,-17.0734841229146,-16.257806072936233,-15.171666923757329,-14.306654833215326,-13.436801122155002,-12.47624952232732,-11.180784314583994,-10.123110445556643,-9.119350394620067,-8.092338721360193,-6.646761879077637,-5.70178562941911,-4.740746319310475,-3.752045854749717,-2.2502682776111413,-1.4589796161000073,-1.8166183155772182,-3.303440137208302,-3.9381233412523566,-4.545314481449981,-4.402944083462437,-3.4694460859125544,-1.5381546485925646,-0.5095026670612396,-0.869751744601883,-3.0369268319576954,-6.673071524551423,-11.099215974433022,-14.483750309303527,-15.346024740519098,-16.265119883105182,-17.545059550316083,-18.45920986462714,-19.15935706833419,-20.1704339315998,-20.660376836344778,-21.367588015663188,-22.16165951397943,-22.941162228798873,-23.23967645871717,-22.829901778094204,-21.19996133501028,-18.438297402006633,-14.638639439779691,-11.734343077053751,-9.801529808843936,-10.785250463461587,-11.953440786426842,-13.533753453778782,-14.981894366940823,-16.613655456541615,-17.355051887002578,-17.752618931459445,-17.975948136544815,-18.65514058299006,-18.774296014114615,-18.887056357498803,-19.080284058914167,-19.769576892634543,-19.898346330763296,-20.21303950057323,-20.556012406941683,-21.17754493699709,-21.258000963472032,-21.333386018168532,-21.297051887087004,-21.243534061195103,-21.229259202391773,-21.19629123870964,-21.072350278866896,-20.620760003802687,-20.361335075760064,-20.05597268880625,-19.768061806682066,-19.45319184179403,-19.283470001011885,-19.077220016239345,-19.094532046601174,-19.010274358928893,-19.147028284103808,-19.38466688800508,-19.685786439424767,-19.965619230971356,-20.304890234555806,-20.729439896782345,-21.179984474093214,-21.58955945544894,-22.133657758525963,-22.71214210043488,-23.16457726002101,-23.562614273867034,-24.02035951285623,-24.44287047024389,-24.805054270137195,-25.101136254624162,-25.36803194452326,-25.58486058528333,-25.76336538172399,-25.769288083358603,-25.781026314459986,-25.75977195525794,-25.689671019950172,-25.50827406810326,-25.33674275744139,-25.10974157412938,-24.82479115437614
15,0.0,8.004494881424574,10.502806571308216,10.272753864467044,6.159231164520817,9.606539755829925,-1.7375607116469751,-3.2546546457441092,-2.2843828907721417,-5.623395436677357,-3.6171577731839233,4.644728293316597,4.907629442739983,3.096826145317088,3.5660392969348664,-1.1133566741878331,0.27599842142266406,7.904863507993613,10.64322639698075,8.995165785982786,6.152545894515715,1.8941326383098331,4.197505892134874,-2.7327495087678777,-18.700602243144388,-21.448844817882772,-22.86509307596651,-13.341598927309539,-15.607653682802045,-8.490086979674341,-7.686414074611013,5.180950503878577,-0.5990630604440089,-11.474088793302846,-15.283410740849346,-4.223898278019867,-2.7686961339060083,-4.173539086460265,-11.2659901442449,-8.341726444959534,-8.459852236838952,-12.9225801587503,-13.610602042192676,-15.677173997584982,-16.76831437664669,-16.903369056514666,-16.769952824935828,-15.952225727623826,-15.585130354415094,-16.453366050282764,-18.66221677859795,-19.479006233502634,-17.425201097447903,-18.153676928483385,-16.503289716993528,-16.215177754339344,-22.278248729225634,-25.54469438386122,-22.900403270418103,-18.32943520016152,-14.729605655685033,-11.273226997959403,-10.35372181630795,-11.41110873111408,-11.922976264698452,-7.1589568979564495,0.22051042708137736,2.7765746964236464,0.24059290854067983,-15.016340412747825,-23.429454879941535,-24.029559114287835,-24.21643808381101,-24.385403006267474,-24.770747126074475,-24.838385851281924,-24.81344914456093,-24.670050132345047,-24.606775597540246,-24.42579982514329,-24.133758942405183,-23.745828536202602,-23.135810081993327,-22.62724527694753,-22.29558350405435,-22.14828536648225,-21.585100649478047,-21.01120356749559,-20.294128884164188,-19.519434963555188,-18.518800852177854,-17.807075651436577,-17.074850144872038,-16.25898517068475,-15.172622746492708,-14.307458471238352,-13.437471539713068,-12.476793372272738,-11.181187597432455,-10.123421392872824,-9.119589796542051,-8.092518819267823,-6.6468779304445516,-5.701869398190549,-4.740802918055423,-3.752078575106701,-2.250268375103916,-1.4589623893181298,-1.8166090238616484,-3.3034628723905244,-3.9381603277692787,-4.545366092583345,-4.402992154595335,-3.469472473843558,-1.5381391981909927,-0.5094628877182067,-0.8697208350858222,-3.0369437799849788,-6.673188570584025,-11.099611459998473,-14.484583426523837,-15.34701384703448,-16.26630062105939,-17.5465613759372,-18.460978857511442,-19.16115809712445,-20.172277514064987,-20.662238514656945,-21.369471674856378,-22.163560304479674,-22.943069918964714,-23.24158370874927,-22.831809171004974,-21.20184029228687,-18.440065419527755,-14.639499029483193,-11.73480247301712,-9.801816238979114,-10.785617021613634,-11.953923986404968,-13.5344378060042,-14.982814993137744,-16.614916708752173,-17.35650129617245,-17.754180237020744,-17.977576248616476,-18.656918672601506,-18.776079593089772,-18.888845095862912,-19.082081545736944,-19.77140430875502,-19.90017905654956,-20.21488473476182,-20.557870404705458,-21.179423239961768,-21.259881587255936,-21.335268745875354,-21.29893360939837,-21.245414273344792,-21.23113900591689,-21.198170089263552,-21.074225433759295,-20.622620296855633,-20.36318594863211,-20.05781176730077,-19.769889159722403,-19.455005805312464,-19.285276539324716,-19.07901736534198,-19.096330173378476,-19.012068690620026,-19.148828762212187,-19.386477869624162,-19.687610346630162,-19.967454688519332,-20.306738981884866,-20.731303954321895,-21.181862848550857,-21.591448796104608,-22.135558104707222,-22.714048917344634,-23.166484795059738,-23.564518900368466,-24.022256319291223,-24.444755608372343,-24.806926109001978,-25.102995101056315,-25.36987753279705,-25.586694704826424,-25.76519156036623,-25.771114322550208,-25.782852672420926,-25.761598096959972,-25.69149977911958,-25.510112244494515,-25.33858996815475,-25.11160001521107,-24.826662185468855
16,0.0,8.004870388182294,10.50332915238483,10.273264574925035,6.159506936741389,9.60701402984568,-1.7375309410264324,-3.2546472696493627,-2.284361741656436,-5.62342679872779,-3.6171565774502192,4.64493438505684,4.907847953939649,3.0969705844585143,3.5662014286216044,-1.1133183210925017,0.27606339783975703,7.905248423000321,10.64377765155283,8.99561956460611,6.152831899371611,1.8942389315176702,4.197696562771842,-2.732738821244521,-18.70179235902419,-21.450666106938097,-22.866961124746073,-13.342034002462974,-15.608352345953822,-8.490211860303264,-7.686511102747792,5.181191884330367,-0.5990176198981088,-11.474381254934277,-15.284090213263829,-4.223915887606012,-2.768689649194961,-4.173556620446921,-11.266277249099103,-8.341855679754296,-8.45998729995389,-12.92301248041207,-13.611107781329487,-15.677947589519286,-16.769268644908482,-16.904352868898968,-16.770918777502768,-15.95306054442934,-15.585913337782031,-16.454293869895086,-18.663599121077848,-19.480607736828276,-17.42632784644033,-18.154966024255096,-16.504254568844477,-16.216097835245836,-22.28011962311317,-25.546568269245135,-22.902289083094157,-18.330815071708855,-14.730317103421802,-11.273561577179413,-10.353989741572573,-11.411459157683746,-11.923374284500216,-7.159066813600725,0.22057090718872402,2.776718798445969,0.24065376293779603,-15.017135997672849,-23.431349824981734,-24.03145307656315,-24.218329792547635,-24.387291727263168,-24.772626727381702,-24.840262627078122,-24.815325674432785,-24.67192973620901,-24.608655983768767,-24.42768374972818,-24.135647799998925,-23.747721643298835,-23.137704394405738,-22.629135779878208,-22.29746958468543,-22.150169284317272,-21.58697258801058,-21.013059624304095,-20.295960668357065,-19.521236464430995,-18.520555768865172,-17.8086224327836,-17.076208974817312,-16.26015856834462,-15.173574618029756,-14.30825932021597,-13.438140154753004,-12.477336316954096,-11.181590899010263,-10.123732898146317,-9.119830113245694,-8.092700063492456,-6.646995269409087,-5.701954457931666,-4.740860761028009,-3.7521124585719092,-2.2502694931799776,-1.4589461186712966,-1.816600715519916,-3.3034867282256157,-3.9381984942976835,-4.545418933936285,-4.4030414450051225,-3.469499998343372,-1.5381247096362258,-0.5094240140518165,-0.8696908460419799,-3.0369618228891295,-6.673306903243947,-11.100007012385726,-14.485413532079336,-15.347998744454417,-16.267475645935278,-17.548054917400012,-18.462737370681744,-19.16294808250226,-20.17410925309963,-20.664087976632768,-21.371342606988218,-22.165447846666623,-22.944963917905753,-23.243477118924993,-22.833702931197163,-21.20370664008356,-18.441822974158196,-14.640355406497758,-11.735261530655945,-9.80210335676024,-10.78598382126877,-11.954406691470897,-13.535120254250751,-14.983731939544729,-16.616171608204823,-17.35794284425518,-17.755732776958748,-17.979195052591727,-18.6586861247345,-18.777852438575714,-18.890623009889882,-19.083868052694903,-19.773220194926214,-19.90200015101301,-20.21671809259692,-20.559716264443544,-21.18128894934654,-21.26174956058235,-21.337138770319118,-21.300802653838115,-21.24728184522515,-21.233006179242455,-21.200036332937973,-21.076088070219196,-20.624468403220856,-20.365024831244245,-20.059639091218745,-19.77170498400953,-19.45680849009869,-19.287071934647475,-19.080803737043627,-19.098117308835292,-19.013852098764243,-19.150618206811398,-19.38827762724885,-19.689422790143976,-19.969278462022015,-20.30857578217978,-20.733155744075614,-21.1837286276963,-21.593325257772218,-22.137445219842906,-22.715942165237777,-23.168378526466988,-23.566409540488536,-24.024138958370134,-24.44662644104914,-24.808783546694386,-25.104839483706044,-25.371708612839505,-25.58851428820529,-25.767003184829264,-25.772926006975066,-25.784664474467196,-25.76340968484201,-25.693313991124615,-25.511935893772698,-25.340422675265508,-25.113443990900663,-24.82851881077793
