,0,1,2,3,4,5,6,7,8,9,10,11,12,13,14,15,16,17,18,19,20,21,22,23,24,25,26,27,28,29,30,31,32,33,34,35,36,37,38,39,40,41,42,43,44,45,46,47,48,49,50,51,52,53,54,55,56,57,58,59,60,61,62,63,64,65,66,67,68,69,70,71,72,73,74,75,76,77,78,79,80,81,82,83,84,85,86,87,88,89,90,91,92,93,94,95,96,97,98,99,100,101,102,103,104,105,106,107,108,109,110,111,112,113,114,115,116,117,118,119,120,121,122,123,124,125,126,127,128,129,130,131,132,133,134,135,136,137,138,139,140,141,142,143,144,145,146,147,148,149,150,151,152,153,154,155,156,157,158,159,160,161,162,163,164,165,166,167,168,169,170,171,172,173,174,175,176,177,178,179,180,181,182,183,184,185,186,187,188,189,190,191,192,193,194,195,196,197,198,199,200,201
1,,0.0,-0.7901938009154557,-1.5812567397461972,-2.373164558702877,-3.165892838039462,-3.959416998590263,-4.753712304340254,-5.548753865071,-6.344516639017102,-7.1409754356119155,-7.938104918242522,-8.735879607076223,-9.534273881928819,-10.33326198517301,-11.132818024694195,-11.932915976892781,-12.733529689728906,-13.534632885811096,-14.336199165531358,-15.138202010235618,-15.9406147854384,-16.74341074408254,-17.54656302982235,-18.350044680386706,-19.15382863091514,-19.957887717407395,-20.762194680142212,-21.56672216717243,-22.371442737849357,-23.176328866371488,-23.98135294537426,-24.786487289543246,-25.59170413926922,-26.3969756643396,-27.20227396763688,-28.00757108888015,-28.812839008404755,-29.618049650948603,-30.423174889468648,-31.228186548996472,-32.0330564105032,-32.83775621478168,-33.642257666374434,-34.44653243749819,-35.25055217199789,-36.054288489314985,-36.8577129884772,-37.66079725209836,-38.46351285040273,-39.26583134524646,-40.067724294173104,-40.86916325445365,-41.67011978716795,-42.470565461260364,-43.270471857632174,-44.0698105732223,-44.868553225108,-45.66667145458583,-46.464136931284386,-47.26092135725454,-48.05699647106933,-48.85233405193171,-49.64690592376041,-50.44068395928271,-51.233640084127586,-52.025746280900854,-52.81697459327083,-53.60729713000888,-54.396686069074406,-55.18511366163538,-55.972552236110296,-56.758974202180866,-57.54435205480275,-58.32865837818719,-59.11186584976259,-59.89394724413829,-60.67487543702538,-61.45462340915254,-62.23316425015305,-63.01047116242342,-63.78651746496119,-64.56127659719189,-65.33472212274248,-66.10682773320305,-66.87756725185244,-67.64691463737317,-68.41484398749621,-69.18132954265094,-69.94634568955793,-70.70986696480273,-71.47186805835827,-72.23232381708678,-72.9912092481836,-72.9912092481836,-72.9912092481836,-72.9912092481836,-72.9912092481836,-72.9912092481836,-72.9912092481836,-72.9912092481836,-72.9912092481836,-72.9912092481836,-72.9912092481836,-72.9912092481836,-72.9912092481836,-72.9912092481836,-72.9912092481836,-72.9912092481836,-72.9912092481836,-72.9912092481836,-72.9912092481836,-72.9912092481836,-72.9912092481836,-72.9912092481836,-72.9912092481836,-72.9912092481836,-72.9912092481836,-72.9912092481836,-72.9912092481836,-72.9912092481836,-72.9912092481836,-72.9912092481836,-72.9912092481836,-72.9912092481836,-72.9912092481836,-72.9912092481836,-72.9912092481836,-72.9912092481836,-72.9912092481836,-72.9912092481836,-72.9912092481836,-72.9912092481836,-72.9912092481836,-72.9912092481836,-72.9912092481836,-72.9912092481836,-72.9912092481836,-72.9912092481836,-72.9912092481836,-72.9912092481836,-72.9912092481836,-72.9912092481836,-72.9912092481836,-72.9912092481836,-72.9912092481836,-72.9912092481836,-72.9912092481836,-72.9912092481836,-72.9912092481836,-72.9912092481836,-72.9912092481836,-72.9912092481836,-72.9912092481836,-72.9912092481836,-72.9912092481836,-72.9912092481836,-72.9912092481836,-72.9912092481836,-72.9912092481836,-72.9912092481836,-72.9912092481836,-72.9912092481836,-72.9912092481836,-72.9912092481836,-72.9912092481836,-72.9912092481836,-72.9912092481836,-72.9912092481836,-72.9912092481836,-72.9912092481836,-72.9912092481836,-72.9912092481836,-72.9912092481836,-72.9912092481836,-72.9912092481836,-72.9912092481836,-72.9912092481836,-72.9912092481836,-72.9912092481836,-72.9912092481836,-72.9912092481836,-72.9912092481836,-72.9912092481836,-72.9912092481836,-72.9912092481836,-72.9912092481836,-72.9912092481836,-72.9912092481836,-72.9912092481836,-72.9912092481836,-72.9912092481836,-72.9912092481836,-72.9912092481836,-72.9912092481836,-72.9912092481836,-72.9912092481836,-72.9912092481836,-72.9912092481836,-72.9912092481836,-72.9912092481836,-72.9912092481836
2,0.0,-0.010527329514667737,-0.8007195639443795,-1.591780605340647,-2.3836861949830057,-3.1764119122347507,-3.969933177080334,-4.764225252696171,-5.559263248096881,-6.355022120792111,-7.151476679532786,-7.948601587066251,-8.746371362963215,-9.544760386486443,-10.34374289949934,-11.143293009422345,-11.943384692235131,-12.74399179552205,-13.545088041560946,-14.346647030458273,-15.148642243320353,-15.951047045467773,-16.7538346896956,-17.55697831955681,-18.360450972725474,-19.164225584333163,-19.96827499041859,-20.772571931346697,-21.577089055303837,-22.38179892182241,-23.18667400532958,-23.991686698737254,-24.796809317055423,-25.60201410104716,-26.407273220920374,-27.212558780026242,-28.01784281860063,-28.823097317544054,-29.628294202207794,-30.433405346210552,-31.238402575294096,-32.04325767118779,-32.847942375491264,-33.65242839360195,-34.45668739863968,-35.2606910354007,-36.06441092432569,-36.86781866548962,-37.67088584260146,-38.47358402702817,-39.27588478181628,-40.07775966574705,-40.8791802373765,-41.68011805911642,-42.48054470129004,-43.28043174622415,-44.079750792329584,-44.87847345820157,-45.676571386700594,-46.47401624906478,-47.27077974899993,-48.06683362677893,-48.86214966334929,-49.6566996844188,-50.45045556454769,-51.24338923124173,-52.03547266902666,-52.82667792353371,-53.61697710553972,-54.406342395051645,-55.194746045326646,-55.98216038691377,-56.76855783166593,-57.553910876750436,-58.33819210863,-59.12137420702379,-59.90342994887089,-60.684332212250425,-61.46405398029695,-62.24256834508696,-63.01984851149683,-63.79586780104029,-64.57059965569458,-65.34401764167345,-66.11609545318822,-66.88680691617293,-67.65612599199837,-68.42402678111654,-69.19048352670983,-69.95547061828316,-70.71896259523717,-71.48093415039001,-72.24136013347844,-73.00021555460113,-73.00021555460113,-73.00021555460113,-73.00021555460113,-73.00021555460113,-73.00021555460113,-73.00021555460113,-73.00021555460113,-73.00021555460113,-73.00021555460113,-73.00021555460113,-73.00021555460113,-73.00021555460113,-73.00021555460113,-73.00021555460113,-73.00021555460113,-73.00021555460113,-73.00021555460113,-73.00021555460113,-73.00021555460113,-73.00021555460113,-73.00021555460113,-73.00021555460113,-73.00021555460113,-73.00021555460113,-73.00021555460113,-73.00021555460113,-73.00021555460113,-73.00021555460113,-73.00021555460113,-73.00021555460113,-73.00021555460113,-73.00021555460113,-73.00021555460113,-73.00021555460113,-73.00021555460113,-73.00021555460113,-73.00021555460113,-73.00021555460113,-73.00021555460113,-73.00021555460113,-73.00021555460113,-73.00021555460113,-73.00021555460113,-73.00021555460113,-73.00021555460113,-73.00021555460113,-73.00021555460113,-73.00021555460113,-73.00021555460113,-73.00021555460113,-73.00021555460113,-73.00021555460113,-73.00021555460113,-73.00021555460113,-73.00021555460113,-73.00021555460113,-73.00021555460113,-73.00021555460113,-73.00021555460113,-73.00021555460113,-73.00021555460113,-73.00021555460113,-73.00021555460113,-73.00021555460113,-73.00021555460113,-73.00021555460113,-73.00021555460113,-73.00021555460113,-73.00021555460113,-73.00021555460113,-73.00021555460113,-73.00021555460113,-73.00021555460113,-73.00021555460113,-73.00021555460113,-73.00021555460113,-73.00021555460113,-73.00021555460113,-73.00021555460113,-73.00021555460113,-73.00021555460113,-73.00021555460113,-73.00021555460113,-73.00021555460113,-73.00021555460113,-73.00021555460113,-73.00021555460113,-73.00021555460113,-73.00021555460113,-73.00021555460113,-73.00021555460113,-73.00021555460113,-73.00021555460113,-73.00021555460113,-73.00021555460113,-73.00021555460113,-73.00021555460113,-73.00021555460113,-73.00021555460113,-73.00021555460113,-73.00021555460113,-73.00021555460113,-73.00021555460113,-73.00021555460113,-73.00021555460113,-73.00021555460113,-73.00021555460113,-73.00021555460113
3,0.0,-0.020968489399646847,-0.8111591613897436,-1.6022183121030689,-2.3941216818966873,-3.1868448492514196,-3.980363233309854,-4.774652096447355,-5.569686546918885,-6.365441541516083,-7.1618918883139,-7.959012249426258,-8.75677714383318,-9.555160950249821,-10.354137910035565,-11.153682130150496,-11.953767586158188,-12.754368125271242,-13.555457469440423,-14.357009218490182,-15.158996853289999,-15.961393738969198,-16.76417312817735,-17.567308164367844,-18.370771885161453,-19.174537225682805,-19.978577022010356,-20.782864014595507,-21.587370851758056,-22.392070093210982,-23.196934213609307,-24.001935606140105,-24.8070465861361,-25.612239394730718,-26.41748620254985,-27.222759113410476,-28.028030168062052,-28.833271347966612,-29.638454579084794,-30.443551735692647,-31.248534644237157,-32.053375087200834,-32.85804480698437,-33.662515509834066,-34.466758869766466,-35.270746532522246,-36.07445011953418,-36.87784123191674,-37.68089145446605,-38.48357235968335,-39.285855511796726,-40.08771247081596,-40.88911479657235,-41.6900340527998,-42.49044181118994,-43.29030965548429,-44.089609185554366,-44.88831202150186,-45.68638980773926,-46.4838142171019,-47.280556954937744,-48.076589763206464,-48.87188442458676,-49.6664127665615,-50.46014666550984,-51.25305805079956,-52.04511890886153,-52.83630128727458,-53.62657729880536,-54.41591912549227,-55.2042990226655,-55.991689322987725,-56.77806244046613,-57.56339087446219,-58.34764721367238,-59.130804140088586,-59.91283443296117,-60.69371097271864,-61.4734067448823,-62.251894843952485,-63.02914847726582,-63.80514096883214,-64.57984576316011,-65.35323642902969,-66.12528666325261,-66.89597029439672,-67.66526128649978,-68.43313374271298,-69.1995619089497,-69.96452017747694,-70.72798309048783,-71.48992534362287,-72.25032178947032,-73.00914744100879,-73.00914744100879,-73.00914744100879,-73.00914744100879,-73.00914744100879,-73.00914744100879,-73.00914744100879,-73.00914744100879,-73.00914744100879,-73.00914744100879,-73.00914744100879,-73.00914744100879,-73.00914744100879,-73.00914744100879,-73.00914744100879,-73.00914744100879,-73.00914744100879,-73.00914744100879,-73.00914744100879,-73.00914744100879,-73.00914744100879,-73.00914744100879,-73.00914744100879,-73.00914744100879,-73.00914744100879,-73.00914744100879,-73.00914744100879,-73.00914744100879,-73.00914744100879,-73.00914744100879,-73.00914744100879,-73.00914744100879,-73.00914744100879,-73.00914744100879,-73.00914744100879,-73.00914744100879,-73.00914744100879,-73.00914744100879,-73.00914744100879,-73.00914744100879,-73.00914744100879,-73.00914744100879,-73.00914744100879,-73.00914744100879,-73.00914744100879,-73.00914744100879,-73.00914744100879,-73.00914744100879,-73.00914744100879,-73.00914744100879,-73.00914744100879,-73.00914744100879,-73.00914744100879,-73.00914744100879,-73.00914744100879,-73.00914744100879,-73.00914744100879,-73.00914744100879,-73.00914744100879,-73.00914744100879,-73.00914744100879,-73.00914744100879,-73.00914744100879,-73.00914744100879,-73.00914744100879,-73.00914744100879,-73.00914744100879,-73.00914744100879,-73.00914744100879,-73.00914744100879,-73.00914744100879,-73.00914744100879,-73.00914744100879,-73.00914744100879,-73.00914744100879,-73.00914744100879,-73.00914744100879,-73.00914744100879,-73.00914744100879,-73.00914744100879,-73.00914744100879,-73.00914744100879,-73.00914744100879,-73.00914744100879,-73.00914744100879,-73.00914744100879,-73.00914744100879,-73.00914744100879,-73.00914744100879,-73.00914744100879,-73.00914744100879,-73.00914744100879,-73.00914744100879,-73.00914744100879,-73.00914744100879,-73.00914744100879,-73.00914744100879,-73.00914744100879,-73.00914744100879,-73.00914744100879,-73.00914744100879,-73.00914744100879,-73.00914744100879,-73.00914744100879,-73.00914744100879,-73.00914744100879,-73.00914744100879,-73.00914744100879,-73.00914744100879
4,0.0,-0.03132193132321943,-0.8215110451884161,-1.6125683122877266,-2.4044694720644064,-3.1971901021251936,-3.9907056207787805,-4.784991289607262,-5.580022216113236,-6.375773356377423,-7.172219517805435,-7.9693353618840685,-8.767095407008538,-9.565474031352096,-10.364445475775273,-11.163983846782735,-11.964063119526381,-12.764657140851149,-13.565739632384588,-14.367284193672436,-15.16926430535037,-15.971653332359065,-16.77442452720477,-17.577551033243207,-18.381005888043266,-19.184762026723725,-19.98879228540342,-20.79306940462051,-21.597566032828183,-22.402254729919427,-23.207107970776196,-24.012098148859497,-24.817197579823027,-25.622378505168403,-26.42761309593709,-27.232873456408896,-28.038131627843583,-28.843359592260892,-29.648529276226775,-30.453612554670013,-31.258581254737916,-32.06340715966077,-32.868062012634596,-33.67251752074835,-34.47674535890876,-35.28071717379388,-36.0844045878212,-36.88777920313701,-37.69081260561629,-38.49347636888598,-39.29574205834668,-40.09758123522736,-40.89896546062482,-41.69986629958475,-42.500255325156694,-43.30010412248583,-44.099384292892935,-44.8980674579745,-45.696125263682724,-46.49352938443761,-47.2902515272163,-48.086263435652,-48.88153689414079,-49.67604373192663,-50.46975582719293,-51.26264511115481,-52.05468357213293,-52.84584325963825,-53.63609628841112,-54.42541484250527,-55.21377117930697,-56.00113763357572,-56.78748662145547,-57.57279064448421,-58.357022293574026,-59.14015425297116,-59.9221593042185,-60.70301033007473,-61.482680318428706,-62.261142366184686,-63.038369683119534,-63.81433559571885,-64.58901355100205,-65.36237712029431,-66.13440000298635,-66.90505603025849,-67.67431916879339,-68.44216352441939,-69.20856334575834,-69.97349302781659,-70.7369271155569,-71.49884030741872,-72.25920745881837,-73.01800358559063,-73.01800358559063,-73.01800358559063,-73.01800358559063,-73.01800358559063,-73.01800358559063,-73.01800358559063,-73.01800358559063,-73.01800358559063,-73.01800358559063,-73.01800358559063,-73.01800358559063,-73.01800358559063,-73.01800358559063,-73.01800358559063,-73.01800358559063,-73.01800358559063,-73.01800358559063,-73.01800358559063,-73.01800358559063,-73.01800358559063,-73.01800358559063,-73.01800358559063,-73.01800358559063,-73.01800358559063,-73.01800358559063,-73.01800358559063,-73.01800358559063,-73.01800358559063,-73.01800358559063,-73.01800358559063,-73.01800358559063,-73.01800358559063,-73.01800358559063,-73.01800358559063,-73.01800358559063,-73.01800358559063,-73.01800358559063,-73.01800358559063,-73.01800358559063,-73.01800358559063,-73.01800358559063,-73.01800358559063,-73.01800358559063,-73.01800358559063,-73.01800358559063,-73.01800358559063,-73.01800358559063,-73.01800358559063,-73.01800358559063,-73.01800358559063,-73.01800358559063,-73.01800358559063,-73.01800358559063,-73.01800358559063,-73.01800358559063,-73.01800358559063,-73.01800358559063,-73.01800358559063,-73.01800358559063,-73.01800358559063,-73.01800358559063,-73.01800358559063,-73.01800358559063,-73.01800358559063,-73.01800358559063,-73.01800358559063,-73.01800358559063,-73.01800358559063,-73.01800358559063,-73.01800358559063,-73.01800358559063,-73.01800358559063,-73.01800358559063,-73.01800358559063,-73.01800358559063,-73.01800358559063,-73.01800358559063,-73.01800358559063,-73.01800358559063,-73.01800358559063,-73.01800358559063,-73.01800358559063,-73.01800358559063,-73.01800358559063,-73.01800358559063,-73.01800358559063,-73.01800358559063,-73.01800358559063,-73.01800358559063,-73.01800358559063,-73.01800358559063,-73.01800358559063,-73.01800358559063,-73.01800358559063,-73.01800358559063,-73.01800358559063,-73.01800358559063,-73.01800358559063,-73.01800358559063,-73.01800358559063,-73.01800358559063,-73.01800358559063,-73.01800358559063,-73.01800358559063,-73.01800358559063,-73.01800358559063,-73.01800358559063,-73.01800358559063
5,0.0,-0.04158607933811903,-0.8317736396663232,-1.622829030543281,-2.4147279905072176,-3.2074460962994054,-4.00095876540276,-4.79524125861391,-5.5902686826906,-6.386015993009594,-7.182457996314088,-7.979569353470025,-8.777324582293987,-9.575698060422857,-10.37466402822364,-11.174196591750519,-11.974269725748325,-12.774857276698501,-13.575932965909063,-14.377470392650556,-15.17944303732782,-15.981824264695513,-16.78458732711886,-17.587705367857748,-18.391151424430646,-19.194898431951504,-19.998919226580252,-20.803186548942097,-21.607673047623308,-22.412351282696562,-23.217193729269635,-24.022172781076154,-24.82726075408902,-25.632429890175963,-26.437652360791336,-27.242900270674713,-28.048145661592862,-28.853360516119437,-29.65851676142139,-30.463586273075638,-31.268540878924707,-32.07335236294126,-32.8779924691106,-33.68243290535823,-34.48664534747425,-35.290601443066976,-36.09427281553106,-36.897631068036645,-37.70064778752918,-38.50329454875265,-39.305542918270916,-40.1073644585224,-40.90873073185955,-41.70961330462938,-42.50998375122854,-43.30981365819463,-44.10907462828618,-44.90773828458228,-45.705776274562545,-46.50316027421877,-47.29986199214411,-48.09585317363168,-48.89110560478096,-49.685591116582586,-50.47928158900954,-51.272148955109095,-52.06416520507625,-52.85530239033803,-53.64553262759244,-54.43482810289175,-55.223161075661444,-56.01050388274036,-56.7968289423916,-57.582108758311534,-58.366315923609456,-59.14942312476724,-59.931403145601166,-60.71222887118072,-61.491873291742316,-62.27030950657427,-63.04751072787317,-63.82345028457955,-64.59810162620266,-65.37143832659136,-66.14343408769388,-66.91406274328077,-67.68329826265747,-68.45111475430687,-69.21748646953644,-69.98238780606879,-70.74579331161273,-71.5076776873832,-72.26801579160046,-73.0267826429314,-73.0267826429314,-73.0267826429314,-73.0267826429314,-73.0267826429314,-73.0267826429314,-73.0267826429314,-73.0267826429314,-73.0267826429314,-73.0267826429314,-73.0267826429314,-73.0267826429314,-73.0267826429314,-73.0267826429314,-73.0267826429314,-73.0267826429314,-73.0267826429314,-73.0267826429314,-73.0267826429314,-73.0267826429314,-73.0267826429314,-73.0267826429314,-73.0267826429314,-73.0267826429314,-73.0267826429314,-73.0267826429314,-73.0267826429314,-73.0267826429314,-73.0267826429314,-73.0267826429314,-73.0267826429314,-73.0267826429314,-73.0267826429314,-73.0267826429314,-73.0267826429314,-73.0267826429314,-73.0267826429314,-73.0267826429314,-73.0267826429314,-73.0267826429314,-73.0267826429314,-73.0267826429314,-73.0267826429314,-73.0267826429314,-73.0267826429314,-73.0267826429314,-73.0267826429314,-73.0267826429314,-73.0267826429314,-73.0267826429314,-73.0267826429314,-73.0267826429314,-73.0267826429314,-73.0267826429314,-73.0267826429314,-73.0267826429314,-73.0267826429314,-73.0267826429314,-73.0267826429314,-73.0267826429314,-73.0267826429314,-73.0267826429314,-73.0267826429314,-73.0267826429314,-73.0267826429314,-73.0267826429314,-73.0267826429314,-73.0267826429314,-73.0267826429314,-73.0267826429314,-73.0267826429314,-73.0267826429314,-73.0267826429314,-73.0267826429314,-73.0267826429314,-73.0267826429314,-73.0267826429314,-73.0267826429314,-73.0267826429314,-73.0267826429314,-73.0267826429314,-73.0267826429314,-73.0267826429314,-73.0267826429314,-73.0267826429314,-73.0267826429314,-73.0267826429314,-73.0267826429314,-73.0267826429314,-73.0267826429314,-73.0267826429314,-73.0267826429314,-73.0267826429314,-73.0267826429314,-73.0267826429314,-73.0267826429314,-73.0267826429314,-73.0267826429314,-73.0267826429314,-73.0267826429314,-73.0267826429314,-73.0267826429314,-73.0267826429314,-73.0267826429314,-73.0267826429314,-73.0267826429314,-73.0267826429314,-73.0267826429314,-73.0267826429314
6,0.0,-0.05173358261879365,-0.8448233595420671,-1.6387823587294834,-2.4335860436941577,-3.229209714694261,-4.025628511323222,-4.8228174151397445,-5.620751252363803,-6.41940469660122,-7.218752271625297,-8.018768354226278,-8.819427177069004,-9.620702831631668,-10.422569271181272,-11.225000313780116,-12.027969645355933,-12.831450822812712,-13.635417277184311,-14.439842316826654,-15.244699130652894,-16.04996079142118,-16.855600259051805,-17.661590383996923,-18.46790391062619,-19.274513480693088,-20.08139163678149,-20.888510825854116,-21.69584340278254,-22.503361633941584,-23.31103770084114,-24.118843703767084,-24.926751665479678,-25.734733534933834,-26.54276119102816,-27.350806446389765,-28.15884105118408,-28.966836696946636,-29.774765020457906,-30.582597607624113,-31.390305997404617,-32.19786168573917,-33.005236129511104,-33.81240075053663,-34.61932693956464,-35.42598606029186,-36.23234945341148,-37.03838844066446,-37.84407432891648,-38.649378414232636,-39.45427198599798,-40.25872633100112,-41.06271273758485,-41.86620249975804,-42.66916692133621,-43.4715773201073,-44.273405031958696,-45.07462141505311,-45.87519785398356,-46.67510576392833,-47.47431659483101,-48.2728018355394,-49.07053301799305,-49.86748172135768,-50.66361957619129,-51.4589182685915,-52.253349544332885,-53.046885212990105,-53.83949715208255,-54.631157311166824,-55.421837715943845,-56.21151047234781,-57.00014777061484,-57.78772188933993,-58.57420519951149,-59.359570168542085,-60.14378936425921,-60.92683545889517,-61.70868123303207,-62.48929957954332,-63.26866350751123,-64.04674614609772,-64.8235207484098,-65.59896069532873,-66.37303949930089,-67.14573080812588,-67.9170084086693,-68.68684623059282,-69.45521835001273,-70.2220989931277,-70.98746253984284,-71.75128352730937,-72.51353665346684,-73.27419678051783,-73.27419678051783,-73.27419678051783,-73.27419678051783,-73.27419678051783,-73.27419678051783,-73.27419678051783,-73.27419678051783,-73.27419678051783,-73.27419678051783,-73.27419678051783,-73.27419678051783,-73.27419678051783,-73.27419678051783,-73.27419678051783,-73.27419678051783,-73.27419678051783,-73.27419678051783,-73.27419678051783,-73.27419678051783,-73.27419678051783,-73.27419678051783,-73.27419678051783,-73.27419678051783,-73.27419678051783,-73.27419678051783,-73.27419678051783,-73.27419678051783,-73.27419678051783,-73.27419678051783,-73.27419678051783,-73.27419678051783,-73.27419678051783,-73.27419678051783,-73.27419678051783,-73.27419678051783,-73.27419678051783,-73.27419678051783,-73.27419678051783,-73.27419678051783,-73.27419678051783,-73.27419678051783,-73.27419678051783,-73.27419678051783,-73.27419678051783,-73.27419678051783,-73.27419678051783,-73.27419678051783,-73.27419678051783,-73.27419678051783,-73.27419678051783,-73.27419678051783,-73.27419678051783,-73.27419678051783,-73.27419678051783,-73.27419678051783,-73.27419678051783,-73.27419678051783,-73.27419678051783,-73.27419678051783,-73.27419678051783,-73.27419678051783,-73.27419678051783,-73.27419678051783,-73.27419678051783,-73.27419678051783,-73.27419678051783,-73.27419678051783,-73.27419678051783,-73.27419678051783,-73.27419678051783,-73.27419678051783,-73.27419678051783,-73.27419678051783,-73.27419678051783,-73.27419678051783,-73.27419678051783,-73.27419678051783,-73.27419678051783,-73.27419678051783,-73.27419678051783,-73.27419678051783,-73.27419678051783,-73.27419678051783,-73.27419678051783,-73.27419678051783,-73.27419678051783,-73.27419678051783,-73.27419678051783,-73.27419678051783,-73.27419678051783,-73.27419678051783,-73.27419678051783,-73.27419678051783,-73.27419678051783,-73.27419678051783,-73.27419678051783,-73.27419678051783,-73.27419678051783,-73.27419678051783,-73.27419678051783,-73.27419678051783,-73.27419678051783,-73.27419678051783,-73.27419678051783,-73.27419678051783,-73.27419678051783,-73.27419678051783,-73.27419678051783
7,0.0,-0.06180922334426568,-0.8548974488099232,-1.6488545774258285,-2.4436560718148095,-3.2392772313841594,-4.035693194916061,-4.832878943198036,-5.630809301719545,-6.4294589433965985,-7.228802391353896,-8.028814021774771,-8.829468066759096,-9.63073861726228,-10.432599626071106,-11.235024910810738,-12.03798815701477,-12.841462921236788,-13.645422634203802,-14.449840604009085,-15.254690019347466,-16.059943952803298,-16.865575364167878,-17.671557103809405,-18.47786191605883,-19.284462442676325,-20.091331226298056,-20.898440713985032,-21.705763260752736,-22.513271133166256,-23.320936512972057,-24.128731500738613,-24.936628119555586,-25.74459831875368,-26.552613977654023,-27.36064690935288,-28.16866886453169,-28.976651535288767,-29.7845665590142,-30.592385522270625,-31.400079964720774,-32.207621383054445,-33.01498123495198,-33.82213094307332,-34.62904189905757,-35.43568546753863,-36.242032990193096,-37.04805578979197,-37.85372517427718,-38.65901244083631,-39.46388888002288,-40.26832577983993,-41.07229442989031,-41.87576612548853,-42.678712171801095,-43.48110388801191,-44.28291261144919,-45.08410970176129,-45.884666545071084,-46.68455455813084,-47.48374519250195,-48.28220993869348,-49.079920330349545,-49.87684794838314,-50.672964425142155,-51.46824144855634,-52.26265076627401,-53.056164189785136,-53.848753598565445,-54.64039094416838,-55.43104825433204,-56.22069763706744,-57.00931128472693,-57.79686147806055,-58.58332059025023,-59.36866109093985,-60.15285555022576,-60.93587664264596,-61.717697151124675,-62.498289970913376,-63.2776281135077,-64.0556847105177,-64.83243301753284,-65.60784641795038,-66.38189842676591,-67.15456269436068,-67.92581301021386,-68.69562330663194,-69.46396766240687,-70.23082030644294,-70.9961556213803,-71.75994814713404,-72.52217258443578,-73.28280379830753,-73.28280379830753,-73.28280379830753,-73.28280379830753,-73.28280379830753,-73.28280379830753,-73.28280379830753,-73.28280379830753,-73.28280379830753,-73.28280379830753,-73.28280379830753,-73.28280379830753,-73.28280379830753,-73.28280379830753,-73.28280379830753,-73.28280379830753,-73.28280379830753,-73.28280379830753,-73.28280379830753,-73.28280379830753,-73.28280379830753,-73.28280379830753,-73.28280379830753,-73.28280379830753,-73.28280379830753,-73.28280379830753,-73.28280379830753,-73.28280379830753,-73.28280379830753,-73.28280379830753,-73.28280379830753,-73.28280379830753,-73.28280379830753,-73.28280379830753,-73.28280379830753,-73.28280379830753,-73.28280379830753,-73.28280379830753,-73.28280379830753,-73.28280379830753,-73.28280379830753,-73.28280379830753,-73.28280379830753,-73.28280379830753,-73.28280379830753,-73.28280379830753,-73.28280379830753,-73.28280379830753,-73.28280379830753,-73.28280379830753,-73.28280379830753,-73.28280379830753,-73.28280379830753,-73.28280379830753,-73.28280379830753,-73.28280379830753,-73.28280379830753,-73.28280379830753,-73.28280379830753,-73.28280379830753,-73.28280379830753,-73.28280379830753,-73.28280379830753,-73.28280379830753,-73.28280379830753,-73.28280379830753,-73.28280379830753,-73.28280379830753,-73.28280379830753,-73.28280379830753,-73.28280379830753,-73.28280379830753,-73.28280379830753,-73.28280379830753,-73.28280379830753,-73.28280379830753,-73.28280379830753,-73.28280379830753,-73.28280379830753,-73.28280379830753,-73.28280379830753,-73.28280379830753,-73.28280379830753,-73.28280379830753,-73.28280379830753,-73.28280379830753,-73.28280379830753,-73.28280379830753,-73.28280379830753,-73.28280379830753,-73.28280379830753,-73.28280379830753,-73.28280379830753,-73.28280379830753,-73.28280379830753,-73.28280379830753,-73.28280379830753,-73.28280379830753,-73.28280379830753,-73.28280379830753,-73.28280379830753,-73.28280379830753,-73.28280379830753,-73.28280379830753,-73.28280379830753,-73.28280379830753,-73.28280379830753,-73.28280379830753,-73.28280379830753
8,0.0,-0.0717906951651299,-0.8648773746608319,-1.6588326411719465,-2.4536319564403826,-3.2492506190313986,-4.045663766924471,-4.842846380144315,-5.64077328345745,-6.439419149097607,-7.238758499548044,-8.038765710391795,-8.839415013169976,-9.640680498321155,-10.442536118157514,-11.244955689871972,-12.04791289860889,-12.851381300575518,-13.655334326196092,-14.459745283304667,-15.264587360380796,-16.069833629837625,-16.875457051339826,-17.681430475173304,-18.487726645631767,-19.294318204483016,-20.101177694416176,-20.908277562590353,-21.71559016416496,-22.523087765894438,-23.330742549760505,-24.138526616612868,-24.94641198986832,-25.754370619230997,-26.56237438444154,-27.370395099062062,-28.178404514286132,-28.986374322770608,-29.79427616251048,-30.602081620719684,-31.409762237758738,-32.217289511061566,-33.02463489909886,-33.831769825367445,-34.638665682389416,-35.445293835727895,-36.25162562803474,-37.05763238310233,-37.863285409939714,-38.66855600684742,-39.47341546553751,-40.27783507521686,-41.08178612673776,-41.885239916708926,-42.68816775163607,-43.49054095208702,-44.29233085681833,-45.093508826950824,-45.894046250123864,-46.69391454464992,-47.493085163693785,-48.29152959941128,-49.08921938713578,-49.886126109512226,-50.68222140066248,-51.47747695033193,-52.271864508026155,-53.06535588713317,-53.857922969067495,-54.64953770736162,-55.440172131772435,-56.22979835236919,-57.01838856360134,-57.80591504835462,-58.59235018198458,-59.377666436346324,-60.161836383784475,-60.944832701121875,-61.72662817360368,-62.50719569883773,-63.286508290711076,-64.06453908325973,-64.84126133453287,-65.61664843042091,-66.39067388844538,-67.16331136154552,-67.93453464179031,-68.70431766410688,-69.4726345099382,-70.23945941086949,-71.00476675225087,-71.76853107673587,-72.53072708782253,-73.2913296533265,-73.2913296533265,-73.2913296533265,-73.2913296533265,-73.2913296533265,-73.2913296533265,-73.2913296533265,-73.2913296533265,-73.2913296533265,-73.2913296533265,-73.2913296533265,-73.2913296533265,-73.2913296533265,-73.2913296533265,-73.2913296533265,-73.2913296533265,-73.2913296533265,-73.2913296533265,-73.2913296533265,-73.2913296533265,-73.2913296533265,-73.2913296533265,-73.2913296533265,-73.2913296533265,-73.2913296533265,-73.2913296533265,-73.2913296533265,-73.2913296533265,-73.2913296533265,-73.2913296533265,-73.2913296533265,-73.2913296533265,-73.2913296533265,-73.2913296533265,-73.2913296533265,-73.2913296533265,-73.2913296533265,-73.2913296533265,-73.2913296533265,-73.2913296533265,-73.2913296533265,-73.2913296533265,-73.2913296533265,-73.2913296533265,-73.2913296533265,-73.2913296533265,-73.2913296533265,-73.2913296533265,-73.2913296533265,-73.2913296533265,-73.2913296533265,-73.2913296533265,-73.2913296533265,-73.2913296533265,-73.2913296533265,-73.2913296533265,-73.2913296533265,-73.2913296533265,-73.2913296533265,-73.2913296533265,-73.2913296533265,-73.2913296533265,-73.2913296533265,-73.2913296533265,-73.2913296533265,-73.2913296533265,-73.2913296533265,-73.2913296533265,-73.2913296533265,-73.2913296533265,-73.2913296533265,-73.2913296533265,-73.2913296533265,-73.2913296533265,-73.2913296533265,-73.2913296533265,-73.2913296533265,-73.2913296533265,-73.2913296533265,-73.2913296533265,-73.2913296533265,-73.2913296533265,-73.2913296533265,-73.2913296533265,-73.2913296533265,-73.2913296533265,-73.2913296533265,-73.2913296533265,-73.2913296533265,-73.2913296533265,-73.2913296533265,-73.2913296533265,-73.2913296533265,-73.2913296533265,-73.2913296533265,-73.2913296533265,-73.2913296533265,-73.2913296533265,-73.2913296533265,-73.2913296533265,-73.2913296533265,-73.2913296533265,-73.2913296533265,-73.2913296533265,-73.2913296533265,-73.2913296533265,-73.2913296533265,-73.2913296533265,-73.2913296533265
9,0.0,-0.08167630574822787,-0.8747614450550114,-1.668714858275082,-2.463512006278852,-3.259128186798603,-4.055538537019947,-4.852718036212897,-5.650641508429062,-6.449283625227495,-7.248618908457096,-8.048621733107385,-8.849266330167106,-9.650526789563967,-10.452377063141087,-11.254790967664368,-12.057742187893565,-12.861204279694121,-13.665150673191356,-14.469554675963611,-15.274389476278206,-16.079628146379857,-16.88524364580867,-17.691208824770325,-18.497496427522467,-19.304079095841644,-20.110929372470263,-20.918019704665845,-21.725322447731156,-22.532809868609373,-23.34045414951609,-24.148227391580647,-24.956101618544942,-25.7640487804838,-26.57204075755441,-27.380049363781296,-28.18804635086629,-28.99600341202035,-29.80389218583862,-30.61168426018114,-31.419351176100353,-32.22686443176819,-33.03419548643923,-33.84131576444,-34.6481966591681,-35.454809537107955,-36.261125741878345,-37.067116598284024,-37.87275341639193,-38.67800749560581,-39.482850128786026,-40.287252606332885,-41.09118622033669,-41.89462226868908,-42.69753205922298,-43.49988691387771,-44.301658172825384,-45.102817198646036,-45.90333538048185,-46.70318413819124,-47.50233492652809,-48.3007592392798,-49.098428613453784,-49.895314633411026,-50.6913889350311,-51.486623209858564,-52.280989209238996,-53.07445874844121,-53.867003710800596,-54.65859605181046,-55.44920780322783,-56.238811077161174,-57.02737807013767,-57.81488106715885,-58.60129244573381,-59.38658467990834,-60.17073034425437,-60.953702117858356,-61.73547278826463,-62.51601525541557,-63.295302535567245,-64.07330776515884,-64.85000420467638,-65.62536524247999,-66.39936439859339,-67.17197532849,-67.94317182680405,-68.71292783105879,-69.48121742532331,-70.24801484383836,-71.01329447463861,-71.77703086309023,-72.5391987154315,-73.29977290224527,-73.29977290224527,-73.29977290224527,-73.29977290224527,-73.29977290224527,-73.29977290224527,-73.29977290224527,-73.29977290224527,-73.29977290224527,-73.29977290224527,-73.29977290224527,-73.29977290224527,-73.29977290224527,-73.29977290224527,-73.29977290224527,-73.29977290224527,-73.29977290224527,-73.29977290224527,-73.29977290224527,-73.29977290224527,-73.29977290224527,-73.29977290224527,-73.29977290224527,-73.29977290224527,-73.29977290224527,-73.29977290224527,-73.29977290224527,-73.29977290224527,-73.29977290224527,-73.29977290224527,-73.29977290224527,-73.29977290224527,-73.29977290224527,-73.29977290224527,-73.29977290224527,-73.29977290224527,-73.29977290224527,-73.29977290224527,-73.29977290224527,-73.29977290224527,-73.29977290224527,-73.29977290224527,-73.29977290224527,-73.29977290224527,-73.29977290224527,-73.29977290224527,-73.29977290224527,-73.29977290224527,-73.29977290224527,-73.29977290224527,-73.29977290224527,-73.29977290224527,-73.29977290224527,-73.29977290224527,-73.29977290224527,-73.29977290224527,-73.29977290224527,-73.29977290224527,-73.29977290224527,-73.29977290224527,-73.29977290224527,-73.29977290224527,-73.29977290224527,-73.29977290224527,-73.29977290224527,-73.29977290224527,-73.29977290224527,-73.29977290224527,-73.29977290224527,-73.29977290224527,-73.29977290224527,-73.29977290224527,-73.29977290224527,-73.29977290224527,-73.29977290224527,-73.29977290224527,-73.29977290224527,-73.29977290224527,-73.29977290224527,-73.29977290224527,-73.29977290224527,-73.29977290224527,-73.29977290224527,-73.29977290224527,-73.29977290224527,-73.29977290224527,-73.29977290224527,-73.29977290224527,-73.29977290224527,-73.29977290224527,-73.29977290224527,-73.29977290224527,-73.29977290224527,-73.29977290224527,-73.29977290224527,-73.29977290224527,-73.29977290224527,-73.29977290224527,-73.29977290224527,-73.29977290224527,-73.29977290224527,-73.29977290224527,-73.29977290224527,-73.29977290224527,-73.29977290224527,-73.29977290224527,-73.29977290224527,-73.29977290224527,-73.29977290224527
10,0.0,-0.09147149207204353,-0.8840196594728742,-1.677435474258069,-2.4716944471326725,-3.266771925983231,-4.062643098442392,-4.85928299453646,-5.656666489352514,-6.454768305759323,-7.253563017193325,-8.0530250504721,-8.85312868867037,-9.65384807402665,-10.45515721092575,-11.257029968881788,-12.059440085614094,-12.862361170132413,-13.6657667058859,-14.469630053944712,-15.273924456225,-16.0786230387651,-16.883698815038382,-17.689124689295596,-18.494873459952203,-19.30091782303924,-20.107230375645855,-20.91378361943315,-21.72054996418719,-22.52750173136924,-23.33461115775291,-24.14185039904789,-24.94919153358678,-25.75660656603949,-26.564067431131193,-27.37154599743515,-28.179014071155063,-28.98644339995734,-29.793805676822288,-30.60107254391888,-31.408215596507045,-32.215206386870165,-33.0220164282555,-33.828617198844924,-34.63498014574671,-35.441076689007886,-36.24687822562749,-37.05235613361839,-37.85748177604783,-38.66222650512178,-39.466561666269,-40.27045860223499,-41.07388865719436,-41.87682318086598,-42.67923353265142,-43.48109108574448,-44.28236723129995,-45.08303338254878,-45.88306097897091,-46.68242149042724,-47.48108642131194,-48.27902731470821,-49.07621575653607,-49.87262337969001,-50.66822186818077,-51.46298296127394,-52.256878457619635,-53.04988021936157,-53.84196017626005,-54.63309032977893,-55.423242757185356,-56.21238961561481,-57.000503146136474,-57.78755567779197,-58.57351963162719,-59.358367524699105,-60.142071974063995,-60.92460570074563,-61.7059415336891,-62.48605241366726,-63.264911397199,-64.04249166040655,-64.81876650288076,-65.59370935147464,-66.36729376411172,-67.1394934335446,-67.91028219107076,-68.67963401023697,-69.44752301050059,-70.21392346085624,-70.97880978341503,-71.74215655698214,-72.50393852055241,-73.26413057679332,-73.26413057679332,-73.26413057679332,-73.26413057679332,-73.26413057679332,-73.26413057679332,-73.26413057679332,-73.26413057679332,-73.26413057679332,-73.26413057679332,-73.26413057679332,-73.26413057679332,-73.26413057679332,-73.26413057679332,-73.26413057679332,-73.26413057679332,-73.26413057679332,-73.26413057679332,-73.26413057679332,-73.26413057679332,-73.26413057679332,-73.26413057679332,-73.26413057679332,-73.26413057679332,-73.26413057679332,-73.26413057679332,-73.26413057679332,-73.26413057679332,-73.26413057679332,-73.26413057679332,-73.26413057679332,-73.26413057679332,-73.26413057679332,-73.26413057679332,-73.26413057679332,-73.26413057679332,-73.26413057679332,-73.26413057679332,-73.26413057679332,-73.26413057679332,-73.26413057679332,-73.26413057679332,-73.26413057679332,-73.26413057679332,-73.26413057679332,-73.26413057679332,-73.26413057679332,-73.26413057679332,-73.26413057679332,-73.26413057679332,-73.26413057679332,-73.26413057679332,-73.26413057679332,-73.26413057679332,-73.26413057679332,-73.26413057679332,-73.26413057679332,-73.26413057679332,-73.26413057679332,-73.26413057679332,-73.26413057679332,-73.26413057679332,-73.26413057679332,-73.26413057679332,-73.26413057679332,-73.26413057679332,-73.26413057679332,-73.26413057679332,-73.26413057679332,-73.26413057679332,-73.26413057679332,-73.26413057679332,-73.26413057679332,-73.26413057679332,-73.26413057679332,-73.26413057679332,-73.26413057679332,-73.26413057679332,-73.26413057679332,-73.26413057679332,-73.26413057679332,-73.26413057679332,-73.26413057679332,-73.26413057679332,-73.26413057679332,-73.26413057679332,-73.26413057679332,-73.26413057679332,-73.26413057679332,-73.26413057679332,-73.26413057679332,-73.26413057679332,-73.26413057679332,-73.26413057679332,-73.26413057679332,-73.26413057679332,-73.26413057679332,-73.26413057679332,-73.26413057679332,-73.26413057679332,-73.26413057679332,-73.26413057679332,-73.26413057679332,-73.26413057679332,-73.26413057679332,-73.26413057679332,-73.26413057679332,-73.26413057679332,-73.26413057679332
11,0.0,-0.10116095103198197,-0.8937075918105122,-1.6871215734935108,-2.4813784059343584,-3.276453436205899,-4.072321851164889,-4.868958680100413,-5.666338797401153,-6.4644369252764955,-7.263227636543348,-8.062685357439415,-8.862784370499947,-9.663498817464397,-10.464802702259457,-11.26666989398224,-12.06907412997658,-12.871989018918404,-13.6753880439651,-14.479244565937288,-15.2835318265441,-16.08822295165967,-16.893290954635987,-17.698708739645742,-18.50444910506974,-19.310484746947797,-20.116788262421753,-20.92333215324921,-21.73008882935697,-22.537030612391057,-23.344129739354294,-24.15135836623006,-24.958688571669217,-25.766092360704558,-26.573541668468863,-27.381008363987814,-28.188464253962476,-28.995881086601372,-29.803230555471966,-30.610484303375163,-31.417613926247927,-32.224590977095474,-33.03138696993172,-33.83797338375019,-34.644321666515516,-35.45040323917568,-36.25618949967551,-37.061651827018025,-37.86676158530509,-38.67149012782162,-39.475808801119406,-40.279688949111026,-41.08310191718195,-41.88601905630561,-42.68841172718159,-43.4902513043449,-44.291509180334636,-45.092156769808774,-45.89216551371689,-46.691506883431785,-47.49015238490151,-48.288073562804854,-49.08524200469891,-49.88162934515635,-50.677207269906766,-51.4719475199751,-52.265821895811,-53.05880226139723,-53.85086054837268,-54.64196876011861,-55.432098975858146,-56.22122335472096,-57.009314139808076,-57.79634366223018,-58.58228434513912,-59.3671087077342,-60.15078936924986,-60.93329905292345,-61.71461058994856,-62.494696923381,-63.27353111205646,-64.05108633444735,-64.82733589252747,-65.60225321556527,-66.37581186393118,-67.14798553285615,-67.9187480561464,-68.68807340988761,-69.45593571610537,-70.22230924639145,-70.98716842548234,-71.75048783483616,-72.51224221612769,-73.27240647473081,-73.27240647473081,-73.27240647473081,-73.27240647473081,-73.27240647473081,-73.27240647473081,-73.27240647473081,-73.27240647473081,-73.27240647473081,-73.27240647473081,-73.27240647473081,-73.27240647473081,-73.27240647473081,-73.27240647473081,-73.27240647473081,-73.27240647473081,-73.27240647473081,-73.27240647473081,-73.27240647473081,-73.27240647473081,-73.27240647473081,-73.27240647473081,-73.27240647473081,-73.27240647473081,-73.27240647473081,-73.27240647473081,-73.27240647473081,-73.27240647473081,-73.27240647473081,-73.27240647473081,-73.27240647473081,-73.27240647473081,-73.27240647473081,-73.27240647473081,-73.27240647473081,-73.27240647473081,-73.27240647473081,-73.27240647473081,-73.27240647473081,-73.27240647473081,-73.27240647473081,-73.27240647473081,-73.27240647473081,-73.27240647473081,-73.27240647473081,-73.27240647473081,-73.27240647473081,-73.27240647473081,-73.27240647473081,-73.27240647473081,-73.27240647473081,-73.27240647473081,-73.27240647473081,-73.27240647473081,-73.27240647473081,-73.27240647473081,-73.27240647473081,-73.27240647473081,-73.27240647473081,-73.27240647473081,-73.27240647473081,-73.27240647473081,-73.27240647473081,-73.27240647473081,-73.27240647473081,-73.27240647473081,-73.27240647473081,-73.27240647473081,-73.27240647473081,-73.27240647473081,-73.27240647473081,-73.27240647473081,-73.27240647473081,-73.27240647473081,-73.27240647473081,-73.27240647473081,-73.27240647473081,-73.27240647473081,-73.27240647473081,-73.27240647473081,-73.27240647473081,-73.27240647473081,-73.27240647473081,-73.27240647473081,-73.27240647473081,-73.27240647473081,-73.27240647473081,-73.27240647473081,-73.27240647473081,-73.27240647473081,-73.27240647473081,-73.27240647473081,-73.27240647473081,-73.27240647473081,-73.27240647473081,-73.27240647473081,-73.27240647473081,-73.27240647473081,-73.27240647473081,-73.27240647473081,-73.27240647473081,-73.27240647473081,-73.27240647473081,-73.27240647473081,-73.27240647473081,-73.27240647473081,-73.27240647473081,-73.27240647473081,-73.27240647473081
12,0.0,-0.11074927844307221,-0.9032943992813698,-1.6967065577396794,-2.4909612628296816,-3.2860338608197552,-4.081899537800082,-4.878533322331137,-5.6759100881114195,-6.474004556698996,-7.272791300298563,-8.072244744575121,-8.872339171531014,-9.673048722412853,-10.474347400695079,-11.276209075063157,-12.078607482490346,-12.881516231323332,-13.684908804431734,-14.48875856239033,-15.2930387467044,-16.09772248308656,-16.90278278476988,-17.708192555850722,-18.51392459467659,-19.319951597297187,-20.12624616090741,-20.932780787361473,-21.739527886726318,-22.546459780831963,-23.353548706909127,-24.160766821212988,-24.968086202710357,-25.775478856794138,-26.582916719001553,-27.390371658807023,-28.197815483404703,-29.00521994154065,-29.812556727364402,-30.619797484303163,-31.426913808964834,-32.233877255069956,-33.04065933739221,-33.847231535729115,-34.65356529889375,-35.45963204872679,-36.265403184109765,-37.07085008502656,-37.875944116603826,-38.68065663319508,-39.4849589824644,-40.288822509480184,-41.09221856082714,-41.89511848872096,-42.69749365514668,-43.499315435967496,-44.30055522509318,-45.10118443859475,-45.901174518876985,-46.700496938809636,-47.49912320587933,-48.29702486634467,-49.09417350938357,-49.89054077123015,-50.68609833931574,-51.48081795640724,-52.274671424735644,-53.06763061010456,-53.85966744601246,-54.65075393773892,-55.44086216644334,-56.229964293229486,-57.018032563209744,-57.80503930954308,-58.590956957466,-59.37575802829841,-60.15941514343093,-60.94190102829206,-61.72318851630111,-62.503250552773615,-63.28206019883849,-64.0595906352945,-64.83581516647413,-65.61070722403657,-66.38424037077434,-67.15638830437128,-67.92712486111682,-68.69642401960948,-69.46425990441698,-70.23060678970153,-70.99543910279806,-71.75873142779044,-72.52045850900599,-73.28059525449706,-73.28059525449706,-73.28059525449706,-73.28059525449706,-73.28059525449706,-73.28059525449706,-73.28059525449706,-73.28059525449706,-73.28059525449706,-73.28059525449706,-73.28059525449706,-73.28059525449706,-73.28059525449706,-73.28059525449706,-73.28059525449706,-73.28059525449706,-73.28059525449706,-73.28059525449706,-73.28059525449706,-73.28059525449706,-73.28059525449706,-73.28059525449706,-73.28059525449706,-73.28059525449706,-73.28059525449706,-73.28059525449706,-73.28059525449706,-73.28059525449706,-73.28059525449706,-73.28059525449706,-73.28059525449706,-73.28059525449706,-73.28059525449706,-73.28059525449706,-73.28059525449706,-73.28059525449706,-73.28059525449706,-73.28059525449706,-73.28059525449706,-73.28059525449706,-73.28059525449706,-73.28059525449706,-73.28059525449706,-73.28059525449706,-73.28059525449706,-73.28059525449706,-73.28059525449706,-73.28059525449706,-73.28059525449706,-73.28059525449706,-73.28059525449706,-73.28059525449706,-73.28059525449706,-73.28059525449706,-73.28059525449706,-73.28059525449706,-73.28059525449706,-73.28059525449706,-73.28059525449706,-73.28059525449706,-73.28059525449706,-73.28059525449706,-73.28059525449706,-73.28059525449706,-73.28059525449706,-73.28059525449706,-73.28059525449706,-73.28059525449706,-73.28059525449706,-73.28059525449706,-73.28059525449706,-73.28059525449706,-73.28059525449706,-73.28059525449706,-73.28059525449706,-73.28059525449706,-73.28059525449706,-73.28059525449706,-73.28059525449706,-73.28059525449706,-73.28059525449706,-73.28059525449706,-73.28059525449706,-73.28059525449706,-73.28059525449706,-73.28059525449706,-73.28059525449706,-73.28059525449706,-73.28059525449706,-73.28059525449706,-73.28059525449706,-73.28059525449706,-73.28059525449706,-73.28059525449706,-73.28059525449706,-73.28059525449706,-73.28059525449706,-73.28059525449706,-73.28059525449706,-73.28059525449706,-73.28059525449706,-73.28059525449706,-73.28059525449706,-73.28059525449706,-73.28059525449706,-73.28059525449706,-73.28059525449706,-73.28059525449706,-73.28059525449706
13,0.0,-0.12023465389038263,-0.9127782617835694,-1.7061886072653127,-2.5004411985156754,-3.295511381008296,-4.091374340075859,-4.8880051035590855,-5.685378544474739,-6.483469383737554,-7.282252192947592,-8.08170139720438,-8.881791277983925,-9.68249597604659,-10.483789494420208,-11.285645701384164,-12.088038333546058,-12.890940998927967,-13.694327180115842,-14.498170237442338,-15.302443412212064,-16.107119829978934,-16.91217250385934,-17.717574337875266,-18.52329813034231,-19.329316577320878,-20.135602276059522,-20.942127728508993,-21.748865344875963,-22.555787447173554,-23.36286627285882,-24.170073978456934,-24.977382643248287,-25.784764272983107,-26.592190803599753,-27.399634105017494,-28.207065984919392,-29.014458192584264,-29.82178242273837,-30.629010319429707,-31.43611347993082,-32.2430634586709,-33.0498317711762,-33.85638989804073,-34.66270928891774,-35.46876136653202,-36.274517530692776,-37.07994916235519,-37.88502762766067,-38.68972428202081,-39.49401047420098,-40.29785755041399,-41.10123685843171,-41.904119751699874,-42.70647759347595,-43.50828176093796,-44.3095036493526,-45.110114676189674,-45.91008628529444,-46.709389951018366,-47.50799718237103,-48.305879527174746,-49.103008576211664,-49.89935596736033,-50.694893389736606,-51.48959258783111,-52.28342536563812,-53.0763635907632,-53.868379198545355,-54.659444196142715,-55.44953066663108,-56.23861077306779,-57.026656762555795,-57.813640970280986,-58.59953582354292,-59.384313845760076,-60.16794766045675,-60.950409995229734,-61.73167368570085,-62.51171167942174,-63.29049703979061,-64.06800294990813,-64.84420271644088,-65.6190697734136,-66.39257768601551,-67.16470015435762,-67.93541101718644,-68.704684255587,-69.47249399664213,-70.23881451705756,-71.0036202467393,-71.7668857723692,-72.52858584089907,-73.28869536303152,-73.28869536303152,-73.28869536303152,-73.28869536303152,-73.28869536303152,-73.28869536303152,-73.28869536303152,-73.28869536303152,-73.28869536303152,-73.28869536303152,-73.28869536303152,-73.28869536303152,-73.28869536303152,-73.28869536303152,-73.28869536303152,-73.28869536303152,-73.28869536303152,-73.28869536303152,-73.28869536303152,-73.28869536303152,-73.28869536303152,-73.28869536303152,-73.28869536303152,-73.28869536303152,-73.28869536303152,-73.28869536303152,-73.28869536303152,-73.28869536303152,-73.28869536303152,-73.28869536303152,-73.28869536303152,-73.28869536303152,-73.28869536303152,-73.28869536303152,-73.28869536303152,-73.28869536303152,-73.28869536303152,-73.28869536303152,-73.28869536303152,-73.28869536303152,-73.28869536303152,-73.28869536303152,-73.28869536303152,-73.28869536303152,-73.28869536303152,-73.28869536303152,-73.28869536303152,-73.28869536303152,-73.28869536303152,-73.28869536303152,-73.28869536303152,-73.28869536303152,-73.28869536303152,-73.28869536303152,-73.28869536303152,-73.28869536303152,-73.28869536303152,-73.28869536303152,-73.28869536303152,-73.28869536303152,-73.28869536303152,-73.28869536303152,-73.28869536303152,-73.28869536303152,-73.28869536303152,-73.28869536303152,-73.28869536303152,-73.28869536303152,-73.28869536303152,-73.28869536303152,-73.28869536303152,-73.28869536303152,-73.28869536303152,-73.28869536303152,-73.28869536303152,-73.28869536303152,-73.28869536303152,-73.28869536303152,-73.28869536303152,-73.28869536303152,-73.28869536303152,-73.28869536303152,-73.28869536303152,-73.28869536303152,-73.28869536303152,-73.28869536303152,-73.28869536303152,-73.28869536303152,-73.28869536303152,-73.28869536303152,-73.28869536303152,-73.28869536303152,-73.28869536303152,-73.28869536303152,-73.28869536303152,-73.28869536303152,-73.28869536303152,-73.28869536303152,-73.28869536303152,-73.28869536303152,-73.28869536303152,-73.28869536303152,-73.28869536303152,-73.28869536303152,-73.28869536303152,-73.28869536303152,-73.28869536303152,-73.28869536303152,-73.28869536303152
14,0.0,-0.12978239993166235,-0.9140905932180369,-1.6992603826231838,-2.4852680465601806,-3.2720897049970166,-4.0597013218721525,-4.848078707578639,-5.637197521488567,-6.427033274528404,-7.2175613317865706,-8.008756915186698,-8.80059510619583,-9.593050848565893,-10.386098951148908,-11.179714090727341,-11.973870814900756,-12.768543545007097,-13.563706579113829,-14.359334094994585,-15.155400153214355,-15.951878700197206,-16.748743571374895,-17.545968494340087,-18.343527092071152,-19.14139288616067,-19.939539300118277,-20.737939662670907,-21.53656721111845,-22.33539509473712,-23.13439637817541,-23.933544044929157,-24.732811000817932,-25.53217007749759,-26.331594036019794,-27.131055570387552,-27.93052731117828,-28.7299818291585,-29.529391638959318,-30.328729202734355,-31.127966933890644,-31.927077200800152,-32.72603233056741,-33.52480461279076,-34.32336630335531,-35.121689628259,-35.91974678743343,-36.71750995859265,-37.51495130109608,-38.312042959834066,-39.10875706911355,-39.905065756566735,-40.70094114706349,-41.4963553666392,-42.291280546435836,-43.08568882664371,-43.879552360448095,-44.67284331798395,-45.46553389031087,-46.257596293363065,-47.04900277191852,-47.83972560357571,-48.62973710270815,-49.419009624440086,-50.207515568599646,-50.99522738368783,-51.78211757083637,-52.56815868773593,-53.353323352597094,-54.13758424807755,-54.920914125194145,-55.70328580724711,-56.484672193715035,-57.26504626413653,-58.0443810819873,-58.82264979853041,-59.59982565666287,-60.37588199472124,-61.15079225029795,-61.92452996401908,-62.6970687832944,-63.4683824660594,-64.23844488450126,-65.00723002871825,-65.7747120104058,-66.54086506648248,-67.30566356269564,-68.06908199719621,-68.83109500409617,-69.59167735696671,-70.35080397234141,-71.10844991313866,-71.86459039210892,-72.61920077518737,-72.61920077518737,-72.61920077518737,-72.61920077518737,-72.61920077518737,-72.61920077518737,-72.61920077518737,-72.61920077518737,-72.61920077518737,-72.61920077518737,-72.61920077518737,-72.61920077518737,-72.61920077518737,-72.61920077518737,-72.61920077518737,-72.61920077518737,-72.61920077518737,-72.61920077518737,-72.61920077518737,-72.61920077518737,-72.61920077518737,-72.61920077518737,-72.61920077518737,-72.61920077518737,-72.61920077518737,-72.61920077518737,-72.61920077518737,-72.61920077518737,-72.61920077518737,-72.61920077518737,-72.61920077518737,-72.61920077518737,-72.61920077518737,-72.61920077518737,-72.61920077518737,-72.61920077518737,-72.61920077518737,-72.61920077518737,-72.61920077518737,-72.61920077518737,-72.61920077518737,-72.61920077518737,-72.61920077518737,-72.61920077518737,-72.61920077518737,-72.61920077518737,-72.61920077518737,-72.61920077518737,-72.61920077518737,-72.61920077518737,-72.61920077518737,-72.61920077518737,-72.61920077518737,-72.61920077518737,-72.61920077518737,-72.61920077518737,-72.61920077518737,-72.61920077518737,-72.61920077518737,-72.61920077518737,-72.61920077518737,-72.61920077518737,-72.61920077518737,-72.61920077518737,-72.61920077518737,-72.61920077518737,-72.61920077518737,-72.61920077518737,-72.61920077518737,-72.61920077518737,-72.61920077518737,-72.61920077518737,-72.61920077518737,-72.61920077518737,-72.61920077518737,-72.61920077518737,-72.61920077518737,-72.61920077518737,-72.61920077518737,-72.61920077518737,-72.61920077518737,-72.61920077518737,-72.61920077518737,-72.61920077518737,-72.61920077518737,-72.61920077518737,-72.61920077518737,-72.61920077518737,-72.61920077518737,-72.61920077518737,-72.61920077518737,-72.61920077518737,-72.61920077518737,-72.61920077518737,-72.61920077518737,-72.61920077518737,-72.61920077518737,-72.61920077518737,-72.61920077518737,-72.61920077518737,-72.61920077518737,-72.61920077518737,-72.61920077518737,-72.61920077518737,-72.61920077518737,-72.61920077518737,-72.61920077518737,-72.61920077518737,-72.61920077518737
15,0.0,-0.1390686081535203,-0.9233753213207269,-1.7085433429749528,-2.494548950727086,-3.281368263777558,-4.0689772453322695,-4.857351705086987,-5.646467301752258,-6.436299545629026,-7.226823801216449,-8.018015289885644,-8.809849092588031,-9.602300152597163,-10.395343278324297,-11.18895314614894,-11.983104303305687,-12.7777711708061,-13.57292804642967,-14.368549107701003,-15.164608414975147,-15.961079914505536,-16.757937441592794,-17.555154723738244,-18.352705383868777,-19.150562943565596,-19.948700826367258,-20.747092361070063,-21.545710785083788,-22.34452924783526,-23.143520814164507,-23.942658467799742,-24.741915114834054,-25.541263587237932,-26.34067664641893,-27.14012698677723,-27.939587239328738,-28.739029975319873,-29.538427709903143,-30.337752905794975,-31.13697797700661,-31.93607529255574,-32.73501718023401,-33.5337759303684,-34.332323799613796,-35.13063301477949,-35.928675776649456,-36.72642426383138,-37.523850636619436,-38.3209270408796,-39.11762561193537,-39.91391847847617,-40.709777766469685,-41.505175603089626,-42.300084120656436,-43.09447546057904,-43.88832177730122,-44.681595242256115,-45.47426804784104,-46.266312411367025,-47.05770057902809,-47.8484048298773,-48.6383974797814,-49.42765088539593,-50.21613744811844,-51.003829618056784,-51.790699897987025,-52.57672084728103,-53.3618650858673,-54.146105298157835,-54.92941423695955,-55.71176472739858,-56.493129670814405,-57.27348204864151,-58.05279492628584,-58.83104145697473,-59.60819488560304,-60.384228552538346,-61.15911589743679,-61.93283046302053,-62.705345898827126,-63.476635964951235,-64.24667453577005,-65.01543560360228,-65.7828932823936,-66.54902181134233,-67.31379555850425,-68.07718902436723,-68.83917684540786,-69.59973379758931,-70.35883479986381,-71.11645491759458,-71.87256936600258,-72.62715351351842,-72.62715351351842,-72.62715351351842,-72.62715351351842,-72.62715351351842,-72.62715351351842,-72.62715351351842,-72.62715351351842,-72.62715351351842,-72.62715351351842,-72.62715351351842,-72.62715351351842,-72.62715351351842,-72.62715351351842,-72.62715351351842,-72.62715351351842,-72.62715351351842,-72.62715351351842,-72.62715351351842,-72.62715351351842,-72.62715351351842,-72.62715351351842,-72.62715351351842,-72.62715351351842,-72.62715351351842,-72.62715351351842,-72.62715351351842,-72.62715351351842,-72.62715351351842,-72.62715351351842,-72.62715351351842,-72.62715351351842,-72.62715351351842,-72.62715351351842,-72.62715351351842,-72.62715351351842,-72.62715351351842,-72.62715351351842,-72.62715351351842,-72.62715351351842,-72.62715351351842,-72.62715351351842,-72.62715351351842,-72.62715351351842,-72.62715351351842,-72.62715351351842,-72.62715351351842,-72.62715351351842,-72.62715351351842,-72.62715351351842,-72.62715351351842,-72.62715351351842,-72.62715351351842,-72.62715351351842,-72.62715351351842,-72.62715351351842,-72.62715351351842,-72.62715351351842,-72.62715351351842,-72.62715351351842,-72.62715351351842,-72.62715351351842,-72.62715351351842,-72.62715351351842,-72.62715351351842,-72.62715351351842,-72.62715351351842,-72.62715351351842,-72.62715351351842,-72.62715351351842,-72.62715351351842,-72.62715351351842,-72.62715351351842,-72.62715351351842,-72.62715351351842,-72.62715351351842,-72.62715351351842,-72.62715351351842,-72.62715351351842,-72.62715351351842,-72.62715351351842,-72.62715351351842,-72.62715351351842,-72.62715351351842,-72.62715351351842,-72.62715351351842,-72.62715351351842,-72.62715351351842,-72.62715351351842,-72.62715351351842,-72.62715351351842,-72.62715351351842,-72.62715351351842,-72.62715351351842,-72.62715351351842,-72.62715351351842,-72.62715351351842,-72.62715351351842,-72.62715351351842,-72.62715351351842,-72.62715351351842,-72.62715351351842,-72.62715351351842,-72.62715351351842,-72.62715351351842,-72.62715351351842,-72.62715351351842,-72.62715351351842,-72.62715351351842
16,0.0,-0.1482461141669366,-0.9325513550223062,-1.7177176200966033,-2.503721186208941,-3.29053817180214,-4.078144539359071,-4.866516097887443,-5.655628505444941,-6.445457271715275,-7.235977760616326,-8.02716519297412,-8.818994649231438,-9.611441072190182,-10.40447926982694,-11.198083918123993,-11.992229563956391,-12.786890628013904,-13.582041407792644,-14.377656080572068,-15.173708706500769,-15.970173231664553,-16.767023491235527,-17.564233212625744,-18.36177601871217,-19.159625431065926,-19.957754873255094,-20.756137674145496,-21.554747071256696,-22.353556214165376,-23.152538167901735,-23.951665916424815,-24.75091236609899,-25.550250349206767,-26.34965262750836,-27.14909189579749,-27.94854078552453,-28.74797186841115,-29.547357660126156,-30.34667062394318,-31.14588317447161,-31.944967681368315,-32.74389647310505,-33.54264184072973,-34.341176041659196,-35.13947130350539,-35.93749982789578,-36.73523379432218,-37.5326453640035,-38.32970668377089,-39.12638988995345,-39.92266711228641,-40.718510477823365,-41.51389211486393,-42.30878415689413,-43.103158746528166,-43.89698803945457,-44.690244208390254,-45.48289944705553,-46.2749259741231,-47.066296037187115,-47.85698191673923,-48.6469559301227,-49.43619043550744,-50.224657835842635,-51.01233058282526,-51.799181180857055,-52.58518219097239,-53.37030623479829,-54.1545259984812,-54.93781423659815,-55.720143776080356,-56.50148752010728,-57.28181845198783,-58.06110963903628,-58.83933423642197,-59.61646549101487,-60.392476745190535,-61.16734144064539,-61.94103312217369,-62.71352544141653,-63.484792160603185,-64.25480715627585,-65.02354442294822,-65.79097807679058,-66.5570823592547,-67.32183164067854,-68.08520042385999,-68.84716334761318,-69.60769519026574,-70.3667708731608,-71.12436546407825,-71.88045418068116,-72.63501239386686,-72.63501239386686,-72.63501239386686,-72.63501239386686,-72.63501239386686,-72.63501239386686,-72.63501239386686,-72.63501239386686,-72.63501239386686,-72.63501239386686,-72.63501239386686,-72.63501239386686,-72.63501239386686,-72.63501239386686,-72.63501239386686,-72.63501239386686,-72.63501239386686,-72.63501239386686,-72.63501239386686,-72.63501239386686,-72.63501239386686,-72.63501239386686,-72.63501239386686,-72.63501239386686,-72.63501239386686,-72.63501239386686,-72.63501239386686,-72.63501239386686,-72.63501239386686,-72.63501239386686,-72.63501239386686,-72.63501239386686,-72.63501239386686,-72.63501239386686,-72.63501239386686,-72.63501239386686,-72.63501239386686,-72.63501239386686,-72.63501239386686,-72.63501239386686,-72.63501239386686,-72.63501239386686,-72.63501239386686,-72.63501239386686,-72.63501239386686,-72.63501239386686,-72.63501239386686,-72.63501239386686,-72.63501239386686,-72.63501239386686,-72.63501239386686,-72.63501239386686,-72.63501239386686,-72.63501239386686,-72.63501239386686,-72.63501239386686,-72.63501239386686,-72.63501239386686,-72.63501239386686,-72.63501239386686,-72.63501239386686,-72.63501239386686,-72.63501239386686,-72.63501239386686,-72.63501239386686,-72.63501239386686,-72.63501239386686,-72.63501239386686,-72.63501239386686,-72.63501239386686,-72.63501239386686,-72.63501239386686,-72.63501239386686,-72.63501239386686,-72.63501239386686,-72.63501239386686,-72.63501239386686,-72.63501239386686,-72.63501239386686,-72.63501239386686,-72.63501239386686,-72.63501239386686,-72.63501239386686,-72.63501239386686,-72.63501239386686,-72.63501239386686,-72.63501239386686,-72.63501239386686,-72.63501239386686,-72.63501239386686,-72.63501239386686,-72.63501239386686,-72.63501239386686,-72.63501239386686,-72.63501239386686,-72.63501239386686,-72.63501239386686,-72.63501239386686,-72.63501239386686,-72.63501239386686,-72.63501239386686,-72.63501239386686,-72.63501239386686,-72.63501239386686,-72.63501239386686,-72.63501239386686,-72.63501239386686,-72.63501239386686,-72.63501239386686
