,0,1,2,3,4,5,6,7,8,9,10,11,12,13,14,15,16,17,18,19,20,21,22,23,24,25,26,27,28,29,30,31,32,33,34,35,36,37,38,39,40,41,42,43,44,45,46,47,48,49,50,51,52,53,54,55,56,57,58,59,60,61,62,63,64,65,66,67,68,69,70,71,72,73,74,75,76,77,78,79,80,81,82,83,84,85,86,87,88,89,90,91,92,93,94,95,96,97,98,99,100,101,102,103,104,105,106,107,108,109,110,111,112,113,114,115,116,117,118,119,120,121,122,123,124,125,126,127,128,129,130,131,132,133,134,135,136,137,138,139,140,141,142,143,144,145,146,147,148,149,150,151,152,153,154,155,156,157,158,159,160,161,162,163,164,165,166,167,168,169,170,171,172,173,174,175,176,177,178,179,180,181,182,183,184,185,186,187,188,189,190,191,192,193,194,195,196
0,1.5821941469600573,1.5697409490911196,1.5573718475168343,1.5450863902795653,1.5328841269731694,1.520764608743766,1.5087273882906982,1.4967720198670338,1.4848980592805898,1.4731050638942806,1.4613925926269888,1.4497602059540167,1.43820746590756,1.4267339360772144,1.415339181610403,1.4040227692127283,1.3927842671483002,1.3816232452400075,1.3705392748696958,1.3595319289783876,1.3486007820664205,1.3377454101934767,1.3269653909787926,1.3162603036007725,1.305629728797436,1.2950732488658079,1.2845904476621615,1.2741809106016813,1.263844224658162,1.2535799783637944,1.2433877618088052,1.2332671666411694,1.2232177860661473,1.213239214845708,1.2033310492981948,1.193492887297763,1.1837243282736511,1.174024973209655,1.1643944246435025,1.1548322866660103,1.1453381649203764,1.1359116666014837,1.1265524004548801,1.117259976775996,1.1080340074092014,1.0988741057468623,1.0897798867283097,1.080750966838828,1.0717869641084994,1.0628874981111849,1.0540521899632274,1.0452806623224091,1.0365725393865228,1.027927446892282,1.019345012113874,1.0108248638616686,1.0023666324807294,0.9939699498495389,0.9856344493783741,0.9773597660078989,0.9691455362076167,0.9609913979741964,0.9528969908299588,0.9448619558212216,0.936885935516552,0.9289685740051059,0.9211095168947511,0.9133084113105172,0.9055649058924725,0.897878650794093,0.8902492976802631,0.8826764997253949,0.8751599116113888,0.8676991895256864,0.8602939911593138,0.8529439757046942,0.8456488038536485,0.8384081377952111,0.8312216412134766,0.8240889792854608,0.8170098186788922,0.8099838275498388,0.8030106755405461,0.7960900337770934,0.7892215748670832,0.7824049728971246,0.775639903430631,0.7689260435052528,0.7622630716304882,0.7556506677851277,0.7490885134148044,0.7425762914293756,0.736113686200449,0.736113686200449,0.736113686200449,0.736113686200449,0.736113686200449,0.736113686200449,0.736113686200449,0.736113686200449,0.736113686200449,0.736113686200449,0.736113686200449,0.736113686200449,0.736113686200449,0.736113686200449,0.736113686200449,0.736113686200449,0.736113686200449,0.736113686200449,0.736113686200449,0.736113686200449,0.736113686200449,0.736113686200449,0.736113686200449,0.736113686200449,0.736113686200449,0.736113686200449,0.736113686200449,0.736113686200449,0.736113686200449,0.736113686200449,0.736113686200449,0.736113686200449,0.736113686200449,0.736113686200449,0.736113686200449,0.736113686200449,0.736113686200449,0.736113686200449,0.736113686200449,0.736113686200449,0.736113686200449,0.736113686200449,0.736113686200449,0.736113686200449,0.736113686200449,0.736113686200449,0.736113686200449,0.736113686200449,0.736113686200449,0.736113686200449,0.736113686200449,0.736113686200449,0.736113686200449,0.736113686200449,0.736113686200449,0.736113686200449,0.736113686200449,0.736113686200449,0.736113686200449,0.736113686200449,0.736113686200449,0.736113686200449,0.736113686200449,0.736113686200449,0.736113686200449,0.736113686200449,0.736113686200449,0.736113686200449,0.736113686200449,0.736113686200449,0.736113686200449,0.736113686200449,0.736113686200449,0.736113686200449,0.736113686200449,0.736113686200449,0.736113686200449,0.736113686200449,0.736113686200449,0.736113686200449,0.736113686200449,0.736113686200449,0.736113686200449,0.736113686200449,0.736113686200449,0.736113686200449,0.736113686200449,0.736113686200449,0.736113686200449,0.736113686200449,0.736113686200449,0.736113686200449,0.736113686200449,0.736113686200449,0.736113686200449,0.736113686200449,0.736113686200449,0.736113686200449,0.736113686200449,0.736113686200449,0.736113686200449,0.736113686200449,0.736113686200449,0.736113686200449,0.736113686200449
1,1.5820275929354903,1.5695757279605598,1.5572079501076665,1.5449238074697678,1.5327228496911303,1.5206046279680996,1.5085686950500592,1.496614605239935,1.484741914395218,1.4729501799283118,1.461238960807405,1.4496078175569225,1.4380563122579972,1.4265840085489803,1.4151904716258643,1.4038752682426399,1.3926379667116202,1.3814781369037132,1.3703953502486026,1.3593891797349622,1.3484591999106001,1.3376049868824853,1.3268261183169574,1.3161221734393407,1.3054927330343928,1.294937379445693,1.2844556965758864,1.2740472698863468,1.2637116863968756,1.253448534685488,1.243257404888053,1.233137888698005,1.223089579365883,1.2131120716987522,1.2032049620598697,1.1933678483681245,1.1836003300973061,1.1739020082755809,1.164272485484866,1.1547113658599861,1.1452182550879668,1.1357927604073377,1.1264344906071133,1.1171430560260105,1.1079180685515049,1.0987591416188898,1.0896658902102425,1.0806379308534144,1.0716748816208765,1.0627763621286976,1.0539419935352519,1.0451713985401725,1.0364642013829255,1.0278200278417196,1.0192385052320583,1.0107192624054508,1.002261929747923,0.9938661391787411,0.9855315241487903,0.9772577196391645,0.9690443621596215,0.9608910897469082,0.9527975419632466,0.9447633598946811,0.9367881861493288,0.9288716648557213,0.9210134416609264,0.9132131637289992,0.9054704797388593,0.8977850398826599,0.8901564958637879,0.8825845008949854,0.8750687096963088,0.8676087784931827,0.8602043650144443,0.8528551284901543,0.8455607296495998,0.8383208307191093,0.8311350954199,0.8240031889659394,0.8169247780617361,0.8098995308999684,0.8029271171593214,0.7960072080021446,0.7891394760721403,0.7823235954918487,0.7755592418604453,0.7688460922511741,0.7621838252089582,0.7555721207478453,0.7490106603485582,0.7424991269558769,0.7360372049761643,0.7360372049761643,0.7360372049761643,0.7360372049761643,0.7360372049761643,0.7360372049761643,0.7360372049761643,0.7360372049761643,0.7360372049761643,0.7360372049761643,0.7360372049761643,0.7360372049761643,0.7360372049761643,0.7360372049761643,0.7360372049761643,0.7360372049761643,0.7360372049761643,0.7360372049761643,0.7360372049761643,0.7360372049761643,0.7360372049761643,0.7360372049761643,0.7360372049761643,0.7360372049761643,0.7360372049761643,0.7360372049761643,0.7360372049761643,0.7360372049761643,0.7360372049761643,0.7360372049761643,0.7360372049761643,0.7360372049761643,0.7360372049761643,0.7360372049761643,0.7360372049761643,0.7360372049761643,0.7360372049761643,0.7360372049761643,0.7360372049761643,0.7360372049761643,0.7360372049761643,0.7360372049761643,0.7360372049761643,0.7360372049761643,0.7360372049761643,0.7360372049761643,0.7360372049761643,0.7360372049761643,0.7360372049761643,0.7360372049761643,0.7360372049761643,0.7360372049761643,0.7360372049761643,0.7360372049761643,0.7360372049761643,0.7360372049761643,0.7360372049761643,0.7360372049761643,0.7360372049761643,0.7360372049761643,0.7360372049761643,0.7360372049761643,0.7360372049761643,0.7360372049761643,0.7360372049761643,0.7360372049761643,0.7360372049761643,0.7360372049761643,0.7360372049761643,0.7360372049761643,0.7360372049761643,0.7360372049761643,0.7360372049761643,0.7360372049761643,0.7360372049761643,0.7360372049761643,0.7360372049761643,0.7360372049761643,0.7360372049761643,0.7360372049761643,0.7360372049761643,0.7360372049761643,0.7360372049761643,0.7360372049761643,0.7360372049761643,0.7360372049761643,0.7360372049761643,0.7360372049761643,0.7360372049761643,0.7360372049761643,0.7360372049761643,0.7360372049761643,0.7360372049761643,0.7360372049761643,0.7360372049761643,0.7360372049761643,0.7360372049761643,0.7360372049761643,0.7360372049761643,0.7360372049761643,0.7360372049761643,0.7360372049761643,0.7360372049761643,0.7360372049761643,0.7360372049761643
2,1.5818624195271858,1.569411876465095,1.5570454114274233,1.5447625725573118,1.5325629095490296,1.5204459736487406,1.5084113176554663,1.4964584959215863,1.4845870643538641,1.4727965804137924,1.4610866031184666,1.449456693041036,1.4379064123111764,1.4264353246155985,1.4150429951984724,1.4037289908617847,1.3924928799656608,1.381334232428641,1.3702526197278575,1.3592476148992518,1.3483187925377171,1.337465728797126,1.3266880013905404,1.3159851895898247,1.3053568742260955,1.2948026376891095,1.284322063927508,1.2739147384484801,1.2635802483174607,1.2533181821579182,1.2431281301509942,1.2330096840352145,1.2229624371060288,1.2129859842152335,1.2030799217706354,1.1932438477354943,1.1834773616277894,1.1737800645196983,1.1641515590369682,1.1545914493580753,1.1450993412135175,1.135674841885117,1.1263175602050024,1.1170271065548258,1.1078030928648188,1.0986451326128528,1.0895528408234054,1.0805258340665498,1.0715637304568004,1.0626661496520933,1.0538327128524907,1.045063042799138,1.0363567637728361,1.0277135015929513,1.019132883615969,1.0106145387342031,1.002158097374309,0.9937631914960059,0.9854294545904563,0.9771565216788565,0.9689440293108915,0.96079161556306,0.9526989200371623,0.944665583858645,0.936691249674855,0.9287755616533788,0.920918165480166,0.9131187083579801,0.9053768390042759,0.8976922076495687,0.8900644660354361,0.8824932674126378,0.874978266539076,0.8675191196778496,0.8601154845952987,0.8527670205588165,0.8454733883348504,0.8382342501867203,0.8310492698724636,0.8239181126426988,0.8168404452384157,0.8098159358886049,0.8028442543080945,0.7959250716952084,0.7890580607294556,0.7822428955690149,0.7754792518485326,0.768766806676556,0.7621052386331452,0.7554942277673183,0.7489334555946016,0.7424226050944132,0.7359613607075884,0.7359613607075884,0.7359613607075884,0.7359613607075884,0.7359613607075884,0.7359613607075884,0.7359613607075884,0.7359613607075884,0.7359613607075884,0.7359613607075884,0.7359613607075884,0.7359613607075884,0.7359613607075884,0.7359613607075884,0.7359613607075884,0.7359613607075884,0.7359613607075884,0.7359613607075884,0.7359613607075884,0.7359613607075884,0.7359613607075884,0.7359613607075884,0.7359613607075884,0.7359613607075884,0.7359613607075884,0.7359613607075884,0.7359613607075884,0.7359613607075884,0.7359613607075884,0.7359613607075884,0.7359613607075884,0.7359613607075884,0.7359613607075884,0.7359613607075884,0.7359613607075884,0.7359613607075884,0.7359613607075884,0.7359613607075884,0.7359613607075884,0.7359613607075884,0.7359613607075884,0.7359613607075884,0.7359613607075884,0.7359613607075884,0.7359613607075884,0.7359613607075884,0.7359613607075884,0.7359613607075884,0.7359613607075884,0.7359613607075884,0.7359613607075884,0.7359613607075884,0.7359613607075884,0.7359613607075884,0.7359613607075884,0.7359613607075884,0.7359613607075884,0.7359613607075884,0.7359613607075884,0.7359613607075884,0.7359613607075884,0.7359613607075884,0.7359613607075884,0.7359613607075884,0.7359613607075884,0.7359613607075884,0.7359613607075884,0.7359613607075884,0.7359613607075884,0.7359613607075884,0.7359613607075884,0.7359613607075884,0.7359613607075884,0.7359613607075884,0.7359613607075884,0.7359613607075884,0.7359613607075884,0.7359613607075884,0.7359613607075884,0.7359613607075884,0.7359613607075884,0.7359613607075884,0.7359613607075884,0.7359613607075884,0.7359613607075884,0.7359613607075884,0.7359613607075884,0.7359613607075884,0.7359613607075884,0.7359613607075884,0.7359613607075884,0.7359613607075884,0.7359613607075884,0.7359613607075884,0.7359613607075884,0.7359613607075884,0.7359613607075884,0.7359613607075884,0.7359613607075884,0.7359613607075884,0.7359613607075884,0.7359613607075884,0.7359613607075884,0.7359613607075884,0.7359613607075884
3,1.5816986507954303,1.5692494184735986,1.5568842551548705,1.5446027090321561,1.5324043298493117,1.5202886689019077,1.5082552790381902,1.4963037146595835,1.4844335317217132,1.4726442877347554,1.4609355417643055,1.449306854431834,1.4377577879151553,1.4262879059489384,1.4148967738251321,1.4035839583933187,1.3923490280610415,1.3811915527940752,1.3701111041166076,1.3591072551114551,1.348179580420205,1.3373276562432443,1.3265510603399682,1.3158493720283952,1.3052221721856156,1.2946690432471797,1.284189569207343,1.2737833356187285,1.2634499295920265,1.25318893979578,1.2429999564560266,1.232882571356009,1.222836377835715,1.2128609707912983,1.202955946674747,1.1931209034933212,1.1833554408088236,1.1736591597370756,1.1640316629472907,1.1544725546612336,1.1449814406525123,1.1355579282458814,1.1262016263162251,1.116912145287773,1.1076890971331577,1.0985320953724738,1.0894407550722462,1.0804146928444178,1.071453526845198,1.0625568767740399,1.0537243638723477,1.044955610922433,1.0362502422460869,1.027607883703491,1.019028162691771,1.0105107081437064,1.0020551505262418,0.9936611218392141,0.9853282556137268,0.9770561869107446,0.9688445523195467,0.9606929899560528,0.9526011394613105,0.9445686419998417,0.9365951402578949,0.9286802784417867,0.9208237022760234,0.9130250590017548,0.9052839973746492,0.8976001676632648,0.8899732216470504,0.8824028126144666,0.8748885953609459,0.8674302261869471,0.8600273628960003,0.8526796647925191,0.8453867926798024,0.8381484088578514,0.8309641771212176,0.8238337627568639,0.8167568325419572,0.8097330547414967,0.8027620991061521,0.7958436368699219,0.788977340747822,0.7821628849333723,0.7753999450963938,0.7686881983804427,0.7620273234004222,0.7554170002400283,0.7488569104493009,0.7423467370420065,0.7358861644931649,0.7358861644931649,0.7358861644931649,0.7358861644931649,0.7358861644931649,0.7358861644931649,0.7358861644931649,0.7358861644931649,0.7358861644931649,0.7358861644931649,0.7358861644931649,0.7358861644931649,0.7358861644931649,0.7358861644931649,0.7358861644931649,0.7358861644931649,0.7358861644931649,0.7358861644931649,0.7358861644931649,0.7358861644931649,0.7358861644931649,0.7358861644931649,0.7358861644931649,0.7358861644931649,0.7358861644931649,0.7358861644931649,0.7358861644931649,0.7358861644931649,0.7358861644931649,0.7358861644931649,0.7358861644931649,0.7358861644931649,0.7358861644931649,0.7358861644931649,0.7358861644931649,0.7358861644931649,0.7358861644931649,0.7358861644931649,0.7358861644931649,0.7358861644931649,0.7358861644931649,0.7358861644931649,0.7358861644931649,0.7358861644931649,0.7358861644931649,0.7358861644931649,0.7358861644931649,0.7358861644931649,0.7358861644931649,0.7358861644931649,0.7358861644931649,0.7358861644931649,0.7358861644931649,0.7358861644931649,0.7358861644931649,0.7358861644931649,0.7358861644931649,0.7358861644931649,0.7358861644931649,0.7358861644931649,0.7358861644931649,0.7358861644931649,0.7358861644931649,0.7358861644931649,0.7358861644931649,0.7358861644931649,0.7358861644931649,0.7358861644931649,0.7358861644931649,0.7358861644931649,0.7358861644931649,0.7358861644931649,0.7358861644931649,0.7358861644931649,0.7358861644931649,0.7358861644931649,0.7358861644931649,0.7358861644931649,0.7358861644931649,0.7358861644931649,0.7358861644931649,0.7358861644931649,0.7358861644931649,0.7358861644931649,0.7358861644931649,0.7358861644931649,0.7358861644931649,0.7358861644931649,0.7358861644931649,0.7358861644931649,0.7358861644931649,0.7358861644931649,0.7358861644931649,0.7358861644931649,0.7358861644931649,0.7358861644931649,0.7358861644931649,0.7358861644931649,0.7358861644931649,0.7358861644931649,0.7358861644931649,0.7358861644931649,0.7358861644931649,0.7358861644931649,0.7358861644931649
4,1.5815363112308634,1.5690883782818703,1.5567245053923013,1.544444240804411,1.5322471343112207,1.520132737257287,1.5081006025396622,1.4961502846083963,1.4842813394675638,1.472493324675607,1.4607857993462103,1.4491583241487522,1.4376104613087777,1.4261417746085052,1.4147518293872543,1.4034401925417987,1.3922064325266945,1.3810501193545497,1.3699708245962061,1.3589681213809557,1.3480415843966824,1.3371907898898903,1.326415315665914,1.315714741088532,1.3050886470804168,1.2945366161225218,1.2840582322543272,1.2736530810735043,1.2633207497356105,1.253060826953881,1.2428729029988654,1.2327565696981426,1.2227114204358571,1.2127370501521437,1.2028330553427933,1.1929990340586916,1.18323458590509,1.173539312041082,1.1639128151789766,1.1543546995834566,1.1448645710708727,1.135442037008546,1.1260867063137503,1.1167981894529293,1.1075760984407546,1.0984200468391838,1.0893296497564298,1.0803045238459479,1.0713442873052852,1.0624485598750582,1.05361696283766,1.0448491190162161,1.036144652773158,1.0275031900091336,1.0189243581615617,1.0104077862033405,1.0019531046413617,0.9935599455152345,0.9852279423956637,0.9769567303830415,0.9687459461059031,0.960595227719252,0.9525042149030477,0.9444725488605528,0.936499872316585,0.9285858295158593,0.9207300662211098,0.912932229711543,0.9051919687807146,0.8975089337348996,0.8898827763910946,0.8823131500751379,0.8747997096196711,0.8673421113621935,0.8599400131431065,0.8525930743035275,0.8453009556832908,0.8380633196187659,0.8308798299407046,0.8237501519721037,0.816673952525997,0.8096508999030839,0.8026806638895692,0.7957629157548194,0.7888973282490541,0.7820835756008313,0.775321333514845,0.7686102791693604,0.7619500912138255,0.7553404497663169,0.748781036411092,0.7422715341959712,0.7358116276298663,0.7358116276298663,0.7358116276298663,0.7358116276298663,0.7358116276298663,0.7358116276298663,0.7358116276298663,0.7358116276298663,0.7358116276298663,0.7358116276298663,0.7358116276298663,0.7358116276298663,0.7358116276298663,0.7358116276298663,0.7358116276298663,0.7358116276298663,0.7358116276298663,0.7358116276298663,0.7358116276298663,0.7358116276298663,0.7358116276298663,0.7358116276298663,0.7358116276298663,0.7358116276298663,0.7358116276298663,0.7358116276298663,0.7358116276298663,0.7358116276298663,0.7358116276298663,0.7358116276298663,0.7358116276298663,0.7358116276298663,0.7358116276298663,0.7358116276298663,0.7358116276298663,0.7358116276298663,0.7358116276298663,0.7358116276298663,0.7358116276298663,0.7358116276298663,0.7358116276298663,0.7358116276298663,0.7358116276298663,0.7358116276298663,0.7358116276298663,0.7358116276298663,0.7358116276298663,0.7358116276298663,0.7358116276298663,0.7358116276298663,0.7358116276298663,0.7358116276298663,0.7358116276298663,0.7358116276298663,0.7358116276298663,0.7358116276298663,0.7358116276298663,0.7358116276298663,0.7358116276298663,0.7358116276298663,0.7358116276298663,0.7358116276298663,0.7358116276298663,0.7358116276298663,0.7358116276298663,0.7358116276298663,0.7358116276298663,0.7358116276298663,0.7358116276298663,0.7358116276298663,0.7358116276298663,0.7358116276298663,0.7358116276298663,0.7358116276298663,0.7358116276298663,0.7358116276298663,0.7358116276298663,0.7358116276298663,0.7358116276298663,0.7358116276298663,0.7358116276298663,0.7358116276298663,0.7358116276298663,0.7358116276298663,0.7358116276298663,0.7358116276298663,0.7358116276298663,0.7358116276298663,0.7358116276298663,0.7358116276298663,0.7358116276298663,0.7358116276298663,0.7358116276298663,0.7358116276298663,0.7358116276298663,0.7358116276298663,0.7358116276298663,0.7358116276298663,0.7358116276298663,0.7358116276298663,0.7358116276298663,0.7358116276298663,0.7358116276298663,0.7358116276298663,0.7358116276298663
5,1.5423063114388793,1.530122737780288,1.5180218099699334,1.506003081033269,1.4940661055499906,1.4822104396546831,1.4704356410375663,1.4587412689449466,1.4471268841799219,1.435592049102909,1.4241363276318368,1.4127592852428632,1.4014604889705484,1.390239507408126,1.3790959107079326,1.3680292705815313,1.3570391602998446,1.346125154693261,1.3352868301517566,1.3245237646249652,1.3138355376220598,1.3032217302117473,1.2926819250220565,1.2822157062403936,1.2718226596130056,1.2615023724451502,1.2512544336003855,1.2410784335005223,1.2309739641251576,1.220940619011134,1.2109779932522642,1.201085683498698,1.1912632879563758,1.18151040638646,1.1718266401046535,1.162211591980522,1.1526648664368428,1.1431860694487175,1.1337748085428787,1.124430692796694,1.1151533328374106,1.1059423408411961,1.0967973305320864,1.0877179171810085,1.0787037176047964,1.0697543501649995,1.0608694347668028,1.052048592857801,1.043291447426911,1.0345976230028935,1.0259667456533637,1.0173984429831557,1.0088923441331705,1.0004480797789623,0.9920652821291011,0.9837435849239623,0.9754826234340168,0.9672820344583366,0.9591414563230832,0.9510605288797112,0.9430388935035481,0.9350761930918274,0.9271720720621933,0.9193261763508025,0.9115381534105289,0.903807652209159,0.8961343232276127,0.8885178184578266,0.8809577914010079,0.8734538970655932,0.8660057919652228,0.8586131341167366,0.8512755830380961,0.843992799746324,0.8367644467552767,0.8295901880735723,0.8224696892023041,0.8154026171329308,0.8083886403449535,0.8014274288035589,0.7945186539574216,0.7876619887362806,0.7808571075485611,0.7741036862790427,0.7674014022862592,0.7607499344002484,0.7541489629198389,0.7475981696102364,0.7410972377005414,0.7346458518809672,0.7282436983004293,0.721890464563764,0.7155858397291587,0.7155858397291587,0.7155858397291587,0.7155858397291587,0.7155858397291587,0.7155858397291587,0.7155858397291587,0.7155858397291587,0.7155858397291587,0.7155858397291587,0.7155858397291587,0.7155858397291587,0.7155858397291587,0.7155858397291587,0.7155858397291587,0.7155858397291587,0.7155858397291587,0.7155858397291587,0.7155858397291587,0.7155858397291587,0.7155858397291587,0.7155858397291587,0.7155858397291587,0.7155858397291587,0.7155858397291587,0.7155858397291587,0.7155858397291587,0.7155858397291587,0.7155858397291587,0.7155858397291587,0.7155858397291587,0.7155858397291587,0.7155858397291587,0.7155858397291587,0.7155858397291587,0.7155858397291587,0.7155858397291587,0.7155858397291587,0.7155858397291587,0.7155858397291587,0.7155858397291587,0.7155858397291587,0.7155858397291587,0.7155858397291587,0.7155858397291587,0.7155858397291587,0.7155858397291587,0.7155858397291587,0.7155858397291587,0.7155858397291587,0.7155858397291587,0.7155858397291587,0.7155858397291587,0.7155858397291587,0.7155858397291587,0.7155858397291587,0.7155858397291587,0.7155858397291587,0.7155858397291587,0.7155858397291587,0.7155858397291587,0.7155858397291587,0.7155858397291587,0.7155858397291587,0.7155858397291587,0.7155858397291587,0.7155858397291587,0.7155858397291587,0.7155858397291587,0.7155858397291587,0.7155858397291587,0.7155858397291587,0.7155858397291587,0.7155858397291587,0.7155858397291587,0.7155858397291587,0.7155858397291587,0.7155858397291587,0.7155858397291587,0.7155858397291587,0.7155858397291587,0.7155858397291587,0.7155858397291587,0.7155858397291587,0.7155858397291587,0.7155858397291587,0.7155858397291587,0.7155858397291587,0.7155858397291587,0.7155858397291587,0.7155858397291587,0.7155858397291587,0.7155858397291587,0.7155858397291587,0.7155858397291587,0.7155858397291587,0.7155858397291587,0.7155858397291587,0.7155858397291587,0.7155858397291587,0.7155858397291587,0.7155858397291587,0.7155858397291587,0.7155858397291587,0.7155858397291587
6,1.5421509220118708,1.529968596830766,1.5178689088647372,1.5058514111871735,1.4939156584255289,1.4820612067619696,1.4702876139341219,1.45859443923552,1.446981243516314,1.435447589183798,1.4239930402025998,1.4126171620954,1.4013195219431065,1.3900996883851244,1.3789572316197838,1.3678917234044676,1.35690273705574,1.3459898474494574,1.3351526310208865,1.3243906657647757,1.3137035312352385,1.303090808545745,1.2925520803689137,1.2820869309365632,1.2716949460391793,1.2613757130260828,1.2511288208047184,1.240953859840612,1.2308504221568979,1.220818101333782,1.2108564925082677,1.200965192373519,1.1911437991783171,1.1813919127264914,1.1717091343762378,1.162095067039441,1.1525493151810238,1.14307148481806,1.1336611835190815,1.1243180204030816,1.1150416061387607,1.1058315529435667,1.0966874745826427,1.0876089863678522,1.0785957051567918,1.069647249351603,1.0607632388978898,1.051943295283495,1.043187041537413,1.0344941022283096,1.0258641034635347,1.0172966728874868,1.0087914396804605,1.0003480345572329,0.9919660897654277,0.9836452390843042,0.9753851178230466,0.9671853628192721,0.9590456124375175,0.9509655065674446,0.9429446866224187,0.9349827955375437,0.9270794777681653,0.9192343792879747,0.9114471475872117,0.9037174316708626,0.8960448820568794,0.8884291507740641,0.8808698913603231,0.8733667588606256,0.8659194098249793,0.8585275023064253,0.8511906958589611,0.8439086515354803,0.8366810318855458,0.8295075009533174,0.8223877242752661,0.8153213688780645,0.8083081032762638,0.801347597469938,0.7944395229424859,0.787583552658208,0.7807793610599284,0.7740266240666643,0.7673250190710255,0.7606742249369635,0.7540739219970608,0.7475237920501153,0.7410235183586603,0.7345727856461811,0.7281712800947062,0.721818689342025,0.7155147024791193,0.7155147024791193,0.7155147024791193,0.7155147024791193,0.7155147024791193,0.7155147024791193,0.7155147024791193,0.7155147024791193,0.7155147024791193,0.7155147024791193,0.7155147024791193,0.7155147024791193,0.7155147024791193,0.7155147024791193,0.7155147024791193,0.7155147024791193,0.7155147024791193,0.7155147024791193,0.7155147024791193,0.7155147024791193,0.7155147024791193,0.7155147024791193,0.7155147024791193,0.7155147024791193,0.7155147024791193,0.7155147024791193,0.7155147024791193,0.7155147024791193,0.7155147024791193,0.7155147024791193,0.7155147024791193,0.7155147024791193,0.7155147024791193,0.7155147024791193,0.7155147024791193,0.7155147024791193,0.7155147024791193,0.7155147024791193,0.7155147024791193,0.7155147024791193,0.7155147024791193,0.7155147024791193,0.7155147024791193,0.7155147024791193,0.7155147024791193,0.7155147024791193,0.7155147024791193,0.7155147024791193,0.7155147024791193,0.7155147024791193,0.7155147024791193,0.7155147024791193,0.7155147024791193,0.7155147024791193,0.7155147024791193,0.7155147024791193,0.7155147024791193,0.7155147024791193,0.7155147024791193,0.7155147024791193,0.7155147024791193,0.7155147024791193,0.7155147024791193,0.7155147024791193,0.7155147024791193,0.7155147024791193,0.7155147024791193,0.7155147024791193,0.7155147024791193,0.7155147024791193,0.7155147024791193,0.7155147024791193,0.7155147024791193,0.7155147024791193,0.7155147024791193,0.7155147024791193,0.7155147024791193,0.7155147024791193,0.7155147024791193,0.7155147024791193,0.7155147024791193,0.7155147024791193,0.7155147024791193,0.7155147024791193,0.7155147024791193,0.7155147024791193,0.7155147024791193,0.7155147024791193,0.7155147024791193,0.7155147024791193,0.7155147024791193,0.7155147024791193,0.7155147024791193,0.7155147024791193,0.7155147024791193,0.7155147024791193,0.7155147024791193,0.7155147024791193,0.7155147024791193,0.7155147024791193,0.7155147024791193,0.7155147024791193,0.7155147024791193,0.7155147024791193,0.7155147024791193
7,1.5419970003169052,1.5298159118958714,1.5177174521371408,1.5057011741615958,1.4937666326440093,1.4819133838136922,1.4701409854552385,1.458448996908977,1.4468369790716775,1.4353044943970772,1.4238511068960742,1.412476382137444,1.4011798872480143,1.3899611909129352,1.378819863376109,1.3677554764403141,1.3567676034673377,1.345855819378083,1.3350197006526907,1.324258825330609,1.3135727730104763,1.302961124850114,1.2924234635663188,1.2819593734349124,1.271568440290211,1.2612502515251915,1.2510043960907835,1.2408304644958206,1.2307280488065753,1.2206967426462167,1.210736141194539,1.200845841187325,1.1910254409158008,1.1812745402260685,1.171592740518425,1.1619796447466835,1.1524348574175236,1.1429579845896038,1.133548633872869,1.1242064144275536,1.1149309369634284,1.1057218137388407,1.0965786585596617,1.0875010867783121,1.0784887152927753,1.0695411625454092,1.060658048521864,1.0518389947498588,1.043083624298094,1.0343915617747728,1.0257624333266127,1.01719586663721,1.0086914909258888,1.0002489369462875,0.9918678369847216,0.9835478248589743,0.9752885359165864,0.9670896070333627,0.9589506766118608,0.9508713845795963,0.9428513723876206,0.9348902830085574,0.9269877609351053,0.919143452178142,0.9113570042649284,0.9036280662373057,0.8959562886499154,0.8883413235680839,0.8807828245660768,0.8732804467250581,0.8658338466310657,0.8584426823730068,0.8511066135405815,0.843825301222222,0.8365984080028669,0.8294255979618885,0.822306536670808,0.8152408911911855,0.8082283300722978,0.801268523348783,0.7943611425384417,0.787505860639816,0.780702352129811,0.7739502929613632,0.7672493605608423,0.7605992338258,0.7539995931222592,0.747450120282299,0.7409504986015749,0.7345004128365362,0.7280995492020172,0.7217475953684549,0.7154442404593213,0.7154442404593213,0.7154442404593213,0.7154442404593213,0.7154442404593213,0.7154442404593213,0.7154442404593213,0.7154442404593213,0.7154442404593213,0.7154442404593213,0.7154442404593213,0.7154442404593213,0.7154442404593213,0.7154442404593213,0.7154442404593213,0.7154442404593213,0.7154442404593213,0.7154442404593213,0.7154442404593213,0.7154442404593213,0.7154442404593213,0.7154442404593213,0.7154442404593213,0.7154442404593213,0.7154442404593213,0.7154442404593213,0.7154442404593213,0.7154442404593213,0.7154442404593213,0.7154442404593213,0.7154442404593213,0.7154442404593213,0.7154442404593213,0.7154442404593213,0.7154442404593213,0.7154442404593213,0.7154442404593213,0.7154442404593213,0.7154442404593213,0.7154442404593213,0.7154442404593213,0.7154442404593213,0.7154442404593213,0.7154442404593213,0.7154442404593213,0.7154442404593213,0.7154442404593213,0.7154442404593213,0.7154442404593213,0.7154442404593213,0.7154442404593213,0.7154442404593213,0.7154442404593213,0.7154442404593213,0.7154442404593213,0.7154442404593213,0.7154442404593213,0.7154442404593213,0.7154442404593213,0.7154442404593213,0.7154442404593213,0.7154442404593213,0.7154442404593213,0.7154442404593213,0.7154442404593213,0.7154442404593213,0.7154442404593213,0.7154442404593213,0.7154442404593213,0.7154442404593213,0.7154442404593213,0.7154442404593213,0.7154442404593213,0.7154442404593213,0.7154442404593213,0.7154442404593213,0.7154442404593213,0.7154442404593213,0.7154442404593213,0.7154442404593213,0.7154442404593213,0.7154442404593213,0.7154442404593213,0.7154442404593213,0.7154442404593213,0.7154442404593213,0.7154442404593213,0.7154442404593213,0.7154442404593213,0.7154442404593213,0.7154442404593213,0.7154442404593213,0.7154442404593213,0.7154442404593213,0.7154442404593213,0.7154442404593213,0.7154442404593213,0.7154442404593213,0.7154442404593213,0.7154442404593213,0.7154442404593213,0.7154442404593213,0.7154442404593213,0.7154442404593213,0.7154442404593213
8,1.5418445720101408,1.5296647084268993,1.5175674650349815,1.5055523950023144,1.4936190530505427,1.481766995455675,1.4699957800488301,1.4583049662166894,1.4466941149021995,1.4351627886051035,1.4237105513821313,1.412336968847717,1.4010416081741743,1.3898240380919655,1.3786838288901333,1.367620552416423,1.3566337820774155,1.3457230928386357,1.3348880612246727,1.3241282653192517,1.3134432847651147,1.3028327007640148,1.2922960960765069,1.2818330550220012,1.2714431634782277,1.2611260088814074,1.2508811802255404,1.240708268062361,1.2306068645008685,1.2205765632067902,1.2106169594023044,1.200727649865408,1.1909082329293712,1.1811583084821684,1.1714774779657975,1.1618653443756033,1.1523215122596258,1.142845587717714,1.1334371784008326,1.1240958935100676,1.1148213437958698,1.1056131415570978,1.0964709006399642,1.0873942364370632,1.078382765886381,1.0694361074701104,1.0605538812135682,1.0517357086839714,1.0429812129893494,1.0342900187770676,1.0256617522328366,1.0170960410790797,1.0085925145737797,1.0001508035090665,0.9917705402095807,0.9834513585312635,0.9751928938596475,0.9669947831083633,0.9588566647176279,0.9507781786524503,0.9427589664012109,0.934798670973696,0.9268969368996025,0.9190534102266418,0.9112677385187433,0.9035395708542533,0.8958685578241535,0.8882543515299481,0.8806966055819159,0.8731949750970716,0.8657491166971406,0.8583586885065557,0.8510233501503796,0.8437427627522452,0.8365165889321303,0.829344492804285,0.822226139974947,0.8151611975402321,0.8081493340838121,0.8011902196745602,0.7942835258643524,0.7874289256856457,0.7806260936491014,0.7738747057412535,0.7671744394219095,0.760524973621902,0.7539259887403753,0.7473771666423731,0.740878190656358,0.7344287455714289,0.7280285176349135,0.7216771945495855,0.715374465471098,0.715374465471098,0.715374465471098,0.715374465471098,0.715374465471098,0.715374465471098,0.715374465471098,0.715374465471098,0.715374465471098,0.715374465471098,0.715374465471098,0.715374465471098,0.715374465471098,0.715374465471098,0.715374465471098,0.715374465471098,0.715374465471098,0.715374465471098,0.715374465471098,0.715374465471098,0.715374465471098,0.715374465471098,0.715374465471098,0.715374465471098,0.715374465471098,0.715374465471098,0.715374465471098,0.715374465471098,0.715374465471098,0.715374465471098,0.715374465471098,0.715374465471098,0.715374465471098,0.715374465471098,0.715374465471098,0.715374465471098,0.715374465471098,0.715374465471098,0.715374465471098,0.715374465471098,0.715374465471098,0.715374465471098,0.715374465471098,0.715374465471098,0.715374465471098,0.715374465471098,0.715374465471098,0.715374465471098,0.715374465471098,0.715374465471098,0.715374465471098,0.715374465471098,0.715374465471098,0.715374465471098,0.715374465471098,0.715374465471098,0.715374465471098,0.715374465471098,0.715374465471098,0.715374465471098,0.715374465471098,0.715374465471098,0.715374465471098,0.715374465471098,0.715374465471098,0.715374465471098,0.715374465471098,0.715374465471098,0.715374465471098,0.715374465471098,0.715374465471098,0.715374465471098,0.715374465471098,0.715374465471098,0.715374465471098,0.715374465471098,0.715374465471098,0.715374465471098,0.715374465471098,0.715374465471098,0.715374465471098,0.715374465471098,0.715374465471098,0.715374465471098,0.715374465471098,0.715374465471098,0.715374465471098,0.715374465471098,0.715374465471098,0.715374465471098,0.715374465471098,0.715374465471098,0.715374465471098,0.715374465471098,0.715374465471098,0.715374465471098,0.715374465471098,0.715374465471098,0.715374465471098,0.715374465471098,0.715374465471098,0.715374465471098,0.715374465471098,0.715374465471098,0.715374465471098
9,1.5490606461861773,1.5368320285444654,1.5246862930080827,1.5126229918498941,1.5006416788958512,1.4887419095259309,1.4769232406745165,1.4651852308311815,1.453527440041347,1.4419494299066389,1.4304507635855037,1.4190310057935482,1.4076897228040688,1.396426482448107,1.3852408541151022,1.37413240875282,1.3631007188677284,1.3521453585250498,1.3412659033489114,1.3304619305224357,1.3197330187876584,1.3090787484454618,1.2984987013556053,1.2879924609366349,1.2775596121654256,1.2671997415772835,1.2569124372655551,1.2466972888811592,1.23655388763256,1.2264818262850306,1.2164806991604662,1.2065501021367702,1.196689632647252,1.1868988896803139,1.1771774737785423,1.167524987038235,1.1579410331086177,1.1484252171911111,1.1389771460385818,1.1295964279545136,1.1202826727920618,1.1110354919532348,1.1018544983879281,1.092739306592908,1.0836895326107414,1.074704794028871,1.0657847099782976,1.0569289011326324,1.0481369897067818,1.0394085994557438,1.030743355673386,1.0221408851911027,1.013600816376506,1.0051227791319184,0.996706404893211,0.9883513266280378,0.980057178834645,0.9718235975400742,0.9636502202987771,0.9555366861909879,0.9474826358210214,0.9394877113155986,0.9315515563222091,0.9236738160073512,0.9158541370547126,0.90809216766334,0.9003875575458945,0.8927399579266436,0.8851490215396683,0.8776144026267941,0.8701357569356979,0.8627127417178384,0.8553450157264578,0.8480322392144541,0.8407740739322869,0.8335701831258404,0.8264202315342498,0.8193238853876257,0.8122808124049685,0.8052906817917226,0.7983531642376198,0.7914679319141816,0.7846346584725803,0.7778530190410804,0.7711226902226246,0.7644433500924891,0.7578146781957241,0.7512363555446497,0.7447080646163217,0.7382294893500668,0.7318003151446928,0.7254202288560412,0.7190889187942926,0.7190889187942926,0.7190889187942926,0.7190889187942926,0.7190889187942926,0.7190889187942926,0.7190889187942926,0.7190889187942926,0.7190889187942926,0.7190889187942926,0.7190889187942926,0.7190889187942926,0.7190889187942926,0.7190889187942926,0.7190889187942926,0.7190889187942926,0.7190889187942926,0.7190889187942926,0.7190889187942926,0.7190889187942926,0.7190889187942926,0.7190889187942926,0.7190889187942926,0.7190889187942926,0.7190889187942926,0.7190889187942926,0.7190889187942926,0.7190889187942926,0.7190889187942926,0.7190889187942926,0.7190889187942926,0.7190889187942926,0.7190889187942926,0.7190889187942926,0.7190889187942926,0.7190889187942926,0.7190889187942926,0.7190889187942926,0.7190889187942926,0.7190889187942926,0.7190889187942926,0.7190889187942926,0.7190889187942926,0.7190889187942926,0.7190889187942926,0.7190889187942926,0.7190889187942926,0.7190889187942926,0.7190889187942926,0.7190889187942926,0.7190889187942926,0.7190889187942926,0.7190889187942926,0.7190889187942926,0.7190889187942926,0.7190889187942926,0.7190889187942926,0.7190889187942926,0.7190889187942926,0.7190889187942926,0.7190889187942926,0.7190889187942926,0.7190889187942926,0.7190889187942926,0.7190889187942926,0.7190889187942926,0.7190889187942926,0.7190889187942926,0.7190889187942926,0.7190889187942926,0.7190889187942926,0.7190889187942926,0.7190889187942926,0.7190889187942926,0.7190889187942926,0.7190889187942926,0.7190889187942926,0.7190889187942926,0.7190889187942926,0.7190889187942926,0.7190889187942926,0.7190889187942926,0.7190889187942926,0.7190889187942926,0.7190889187942926,0.7190889187942926,0.7190889187942926,0.7190889187942926,0.7190889187942926,0.7190889187942926,0.7190889187942926,0.7190889187942926,0.7190889187942926,0.7190889187942926,0.7190889187942926,0.7190889187942926,0.7190889187942926,0.7190889187942926,0.7190889187942926,0.7190889187942926,0.7190889187942926,0.7190889187942926,0.7190889187942926,0.7190889187942926,0.7190889187942926
10,1.5489105578272548,1.536683145568594,1.5245386070842977,1.5124764946934575,1.5004963622680807,1.488597765234031,1.476780260571407,1.4650434068153289,1.4533867640565945,1.441809893942035,1.430312359675134,1.4188937260163643,1.4075535592837192,1.3962914273527671,1.3851068996573053,1.3739995471892865,1.362968942499197,1.3520146596961082,1.3411362744478266,1.3303333639809847,1.319605507080959,1.308952284091804,1.2983732769162817,1.2878680690157713,1.2774362454098136,1.267077392676211,1.2567910989506375,1.2465769539261708,1.2364345488532669,1.2263634765390214,1.2163633313469842,1.2064337091965447,1.1965742075623318,1.186784425473899,1.1770639635148166,1.167412423822198,1.1578294100859183,1.1483145275478803,1.1388673830012659,1.1294875847897068,1.12017474280634,1.1109284684929899,1.1017483748392007,1.0926340763812221,1.083585189200938,1.0746013309249427,1.0656821207232232,1.0568271793082118,1.04803612893347,1.0393085933924873,1.030644198017457,1.0220425696779356,1.013503336779532,1.0050261292624023,0.9966105786000875,0.9882563177977471,0.9799629813909706,0.9717302054439784,0.9635576275482388,0.95544488682084,0.9473916239027884,0.939397480957334,0.9314621016683338,0.9235851312384914,0.9157662163875391,0.9080050053504061,0.9003011478754757,0.8926542952225766,0.8850641001611907,0.8775302169683846,0.8700523014269157,0.8626300108231642,0.8552630039451342,0.8479509410803266,0.8406934840136452,0.8334902960252599,0.8263410418884334,0.819245387867246,0.81220300171451,0.8052135526693243,0.7982767114549184,0.7913921502761554,0.784559542817391,0.7777785642399194,0.771048891179555,0.7643702017442918,0.7577421755117418,0.7511644935266323,0.7446368382982718,0.7381588937980853,0.7317303454568251,0.7253508801621243,0.7190201862558008,0.7190201862558008,0.7190201862558008,0.7190201862558008,0.7190201862558008,0.7190201862558008,0.7190201862558008,0.7190201862558008,0.7190201862558008,0.7190201862558008,0.7190201862558008,0.7190201862558008,0.7190201862558008,0.7190201862558008,0.7190201862558008,0.7190201862558008,0.7190201862558008,0.7190201862558008,0.7190201862558008,0.7190201862558008,0.7190201862558008,0.7190201862558008,0.7190201862558008,0.7190201862558008,0.7190201862558008,0.7190201862558008,0.7190201862558008,0.7190201862558008,0.7190201862558008,0.7190201862558008,0.7190201862558008,0.7190201862558008,0.7190201862558008,0.7190201862558008,0.7190201862558008,0.7190201862558008,0.7190201862558008,0.7190201862558008,0.7190201862558008,0.7190201862558008,0.7190201862558008,0.7190201862558008,0.7190201862558008,0.7190201862558008,0.7190201862558008,0.7190201862558008,0.7190201862558008,0.7190201862558008,0.7190201862558008,0.7190201862558008,0.7190201862558008,0.7190201862558008,0.7190201862558008,0.7190201862558008,0.7190201862558008,0.7190201862558008,0.7190201862558008,0.7190201862558008,0.7190201862558008,0.7190201862558008,0.7190201862558008,0.7190201862558008,0.7190201862558008,0.7190201862558008,0.7190201862558008,0.7190201862558008,0.7190201862558008,0.7190201862558008,0.7190201862558008,0.7190201862558008,0.7190201862558008,0.7190201862558008,0.7190201862558008,0.7190201862558008,0.7190201862558008,0.7190201862558008,0.7190201862558008,0.7190201862558008,0.7190201862558008,0.7190201862558008,0.7190201862558008,0.7190201862558008,0.7190201862558008,0.7190201862558008,0.7190201862558008,0.7190201862558008,0.7190201862558008,0.7190201862558008,0.7190201862558008,0.7190201862558008,0.7190201862558008,0.7190201862558008,0.7190201862558008,0.7190201862558008,0.7190201862558008,0.7190201862558008,0.7190201862558008,0.7190201862558008,0.7190201862558008,0.7190201862558008,0.7190201862558008,0.7190201862558008,0.7190201862558008,0.7190201862558008,0.7190201862558008
11,1.5487620502897648,1.5365358308022725,1.5243924768446333,1.5123315407816922,1.5003525765310408,1.4884551395639576,1.4766387869057886,1.4649030771367333,1.4532475703924999,1.4416718283646626,1.4301754143012786,1.4187578930072273,1.4074188308447402,1.3961577957334552,1.384974357151072,1.3738680861332773,1.3628385552741238,1.3518853387260814,1.3410080122001873,1.330206152966138,1.3194793398522051,1.3088271532451714,1.2982491750903606,1.2877449888915455,1.2773141797104932,1.266956334167066,1.256671040438831,1.2464578882605921,1.2363164689243642,1.2262463752786357,1.2162472017281831,1.2063185442334565,1.1964600003099783,1.1866711690280305,1.176951651011745,1.1673010484386324,1.1577189650387987,1.1482050060942117,1.1387587784379545,1.1293798904533936,1.1200679520732366,1.1108225747787137,1.10164337159861,1.0925299571082523,1.0834819474284367,1.0744989602245063,1.065580614705033,1.05672653162087,1.047936333263837,1.0392096434655174,1.0305460875960364,1.0219452925627186,1.0134068868087802,1.0049305003118199,0.9965157645826603,0.988162312663581,0.9798697791271289,0.9716378000743209,0.9634660131332605,0.9553540574575098,0.9473015737243885,0.9393082041332993,0.9313735924040913,0.9234973837753011,0.9156792250023328,0.9079187643556287,0.9002156516189258,0.8925695380872477,0.8849800765651115,0.8774469213644613,0.8699697283027736,0.8625481547009896,0.8551818593815166,0.8478705026661015,0.8406137463737368,0.8334112538185241,0.8262626898075016,0.8191677206383684,0.8121260140973997,0.805137239457002,0.7982010674735563,0.7913171703849226,0.7844852219082983,0.7777048972376648,0.77097587304137,0.7642978274597872,0.7576704401027541,0.7510933920470699,0.7445663658339629,0.738089045466625,0.731661116407423,0.7252822655754522,0.7189521813438415,0.7189521813438415,0.7189521813438415,0.7189521813438415,0.7189521813438415,0.7189521813438415,0.7189521813438415,0.7189521813438415,0.7189521813438415,0.7189521813438415,0.7189521813438415,0.7189521813438415,0.7189521813438415,0.7189521813438415,0.7189521813438415,0.7189521813438415,0.7189521813438415,0.7189521813438415,0.7189521813438415,0.7189521813438415,0.7189521813438415,0.7189521813438415,0.7189521813438415,0.7189521813438415,0.7189521813438415,0.7189521813438415,0.7189521813438415,0.7189521813438415,0.7189521813438415,0.7189521813438415,0.7189521813438415,0.7189521813438415,0.7189521813438415,0.7189521813438415,0.7189521813438415,0.7189521813438415,0.7189521813438415,0.7189521813438415,0.7189521813438415,0.7189521813438415,0.7189521813438415,0.7189521813438415,0.7189521813438415,0.7189521813438415,0.7189521813438415,0.7189521813438415,0.7189521813438415,0.7189521813438415,0.7189521813438415,0.7189521813438415,0.7189521813438415,0.7189521813438415,0.7189521813438415,0.7189521813438415,0.7189521813438415,0.7189521813438415,0.7189521813438415,0.7189521813438415,0.7189521813438415,0.7189521813438415,0.7189521813438415,0.7189521813438415,0.7189521813438415,0.7189521813438415,0.7189521813438415,0.7189521813438415,0.7189521813438415,0.7189521813438415,0.7189521813438415,0.7189521813438415,0.7189521813438415,0.7189521813438415,0.7189521813438415,0.7189521813438415,0.7189521813438415,0.7189521813438415,0.7189521813438415,0.7189521813438415,0.7189521813438415,0.7189521813438415,0.7189521813438415,0.7189521813438415,0.7189521813438415,0.7189521813438415,0.7189521813438415,0.7189521813438415,0.7189521813438415,0.7189521813438415,0.7189521813438415,0.7189521813438415,0.7189521813438415,0.7189521813438415,0.7189521813438415,0.7189521813438415,0.7189521813438415,0.7189521813438415,0.7189521813438415,0.7189521813438415,0.7189521813438415,0.7189521813438415,0.7189521813438415,0.7189521813438415,0.7189521813438415,0.7189521813438415,0.7189521813438415
12,1.5486151513125668,1.5363901117630177,1.5242479295867835,1.5121881571939784,1.5002103485472968,1.4883140591629551,1.4764988461110693,1.4647642680164423,1.4531098850592195,1.4415352589752455,1.4300399530566812,1.4186235321523453,1.4072855626682383,1.396025612567605,1.3848432513715825,1.3737380501591316,1.3627095815674102,1.3517574197918296,1.3408811405862004,1.330080321262829,1.319354540692429,1.3087033793040608,1.2981264190851594,1.2876232435814436,1.277193437896462,1.2668365886916912,1.2565522841861494,1.2463401141559254,1.236199669934154,1.2261305444102797,1.2161323320298696,1.2062046287939998,1.1963470322586547,1.1865591415344132,1.1768405572855416,1.1671908817295193,1.1576097186362582,1.1480966733273676,1.1386513526754094,1.1292733651030649,1.1199623205821936,1.1107178306330143,1.1015395083231385,1.0924269682665562,1.083379826622564,1.074397701094844,1.0654802109301442,1.0566269769173322,1.0478376213860805,1.0391117682056639,1.0304490427837372,1.0218490720649942,1.0133114845298585,1.004835910192976,0.9964219806020564,0.9880693288361051,0.9797775895042359,0.9715463987438717,0.9633753942193631,0.9552642151203599,0.9472125021601101,0.9392198975737858,0.9312860451168475,0.9234105900632837,0.9155931792037931,0.9078334608439546,0.9001310848024837,0.8924857024092254,0.8848969665033615,0.877364531431343,0.8698880530449972,0.8624671886994596,0.8551015972511764,0.8477909390557766,0.8405348759659799,0.8333330713294598,0.8261851899866711,0.8190908982685752,0.8120498639945553,0.8050617564699712,0.7981262464840042,0.7912430063071602,0.7844117096891303,0.7776320318562362,0.7709036495090132,0.76422624081987,0.7575994854305276,0.7510230644495175,0.7444966604496479,0.73801995746554,0.7315926409908396,0.7252143979757699,0.7188849168244379,0.7188849168244379,0.7188849168244379,0.7188849168244379,0.7188849168244379,0.7188849168244379,0.7188849168244379,0.7188849168244379,0.7188849168244379,0.7188849168244379,0.7188849168244379,0.7188849168244379,0.7188849168244379,0.7188849168244379,0.7188849168244379,0.7188849168244379,0.7188849168244379,0.7188849168244379,0.7188849168244379,0.7188849168244379,0.7188849168244379,0.7188849168244379,0.7188849168244379,0.7188849168244379,0.7188849168244379,0.7188849168244379,0.7188849168244379,0.7188849168244379,0.7188849168244379,0.7188849168244379,0.7188849168244379,0.7188849168244379,0.7188849168244379,0.7188849168244379,0.7188849168244379,0.7188849168244379,0.7188849168244379,0.7188849168244379,0.7188849168244379,0.7188849168244379,0.7188849168244379,0.7188849168244379,0.7188849168244379,0.7188849168244379,0.7188849168244379,0.7188849168244379,0.7188849168244379,0.7188849168244379,0.7188849168244379,0.7188849168244379,0.7188849168244379,0.7188849168244379,0.7188849168244379,0.7188849168244379,0.7188849168244379,0.7188849168244379,0.7188849168244379,0.7188849168244379,0.7188849168244379,0.7188849168244379,0.7188849168244379,0.7188849168244379,0.7188849168244379,0.7188849168244379,0.7188849168244379,0.7188849168244379,0.7188849168244379,0.7188849168244379,0.7188849168244379,0.7188849168244379,0.7188849168244379,0.7188849168244379,0.7188849168244379,0.7188849168244379,0.7188849168244379,0.7188849168244379,0.7188849168244379,0.7188849168244379,0.7188849168244379,0.7188849168244379,0.7188849168244379,0.7188849168244379,0.7188849168244379,0.7188849168244379,0.7188849168244379,0.7188849168244379,0.7188849168244379,0.7188849168244379,0.7188849168244379,0.7188849168244379,0.7188849168244379,0.7188849168244379,0.7188849168244379,0.7188849168244379,0.7188849168244379,0.7188849168244379,0.7188849168244379,0.7188849168244379,0.7188849168244379,0.7188849168244379,0.7188849168244379,0.7188849168244379,0.7188849168244379,0.7188849168244379,0.7188849168244379
13,1.664589520820735,1.6515849681412487,1.6386674326052575,1.625836452573327,1.6130915679485907,1.6004323201781947,1.5878582522543423,1.575368908715398,1.5629638356468694,1.5506425806825586,1.5384046930053465,1.5262497233480907,1.5141772239946494,1.5021867487803993,1.4902778530931462,1.4784500938737826,1.466703029617015,1.4550362203716318,1.4434492277415487,1.4319416148858062,1.4205129465193658,1.4091627889132545,1.3978907098951536,1.3866962788494634,1.3755790667177945,1.3645386459988846,1.3535745907490062,1.34268647658204,1.3318738806693236,1.3211363817400084,1.3104735600807402,1.2998849975357063,1.2893702775065636,1.2789289849520986,1.2685607063882764,1.2582650298877298,1.2480415450796667,1.2378898431492888,1.2278095168377148,1.2178001604412374,1.2078613698110814,1.1979927423526902,1.1881938770253162,1.1784643743414227,1.1688038363658737,1.1592118667153688,1.1496880705576997,1.1402320546109856,1.1308434271427792,1.1215217979692866,1.1122667784544282,1.1030779815089458,1.0939550215894107,1.0848975146971451,1.0759050783771893,1.0669773317172486,1.0581138953465752,1.0493143914346326,1.0405784436900416,1.0319056773592927,1.023295719225352,1.0147481976064674,1.0062627423546908,0.9978389848545798,0.989476558021648,0.9811750963008479,0.9729342356652632,0.964753613614338,0.9566328691723398,0.9485716428868373,0.9405695768269027,0.932626314581458,0.92474150125758,0.9169147834786744,0.9091458093827212,0.9014342286203596,0.8937796923531605,0.8861818532515715,0.8786403654930074,0.8711548847599679,0.8637250682379761,0.8563505746134136,0.8490310640717222,0.8417661982950658,0.8345556404602787,0.827399055236704,0.8202961087840159,0.8132464687498896,0.8062498042678973,0.7993057859550301,0.7924140859096209,0.7855743777086944,0.778786336405831,0.778786336405831,0.778786336405831,0.778786336405831,0.778786336405831,0.778786336405831,0.778786336405831,0.778786336405831,0.778786336405831,0.778786336405831,0.778786336405831,0.778786336405831,0.778786336405831,0.778786336405831,0.778786336405831,0.778786336405831,0.778786336405831,0.778786336405831,0.778786336405831,0.778786336405831,0.778786336405831,0.778786336405831,0.778786336405831,0.778786336405831,0.778786336405831,0.778786336405831,0.778786336405831,0.778786336405831,0.778786336405831,0.778786336405831,0.778786336405831,0.778786336405831,0.778786336405831,0.778786336405831,0.778786336405831,0.778786336405831,0.778786336405831,0.778786336405831,0.778786336405831,0.778786336405831,0.778786336405831,0.778786336405831,0.778786336405831,0.778786336405831,0.778786336405831,0.778786336405831,0.778786336405831,0.778786336405831,0.778786336405831,0.778786336405831,0.778786336405831,0.778786336405831,0.778786336405831,0.778786336405831,0.778786336405831,0.778786336405831,0.778786336405831,0.778786336405831,0.778786336405831,0.778786336405831,0.778786336405831,0.778786336405831,0.778786336405831,0.778786336405831,0.778786336405831,0.778786336405831,0.778786336405831,0.778786336405831,0.778786336405831,0.778786336405831,0.778786336405831,0.778786336405831,0.778786336405831,0.778786336405831,0.778786336405831,0.778786336405831,0.778786336405831,0.778786336405831,0.778786336405831,0.778786336405831,0.778786336405831,0.778786336405831,0.778786336405831,0.778786336405831,0.778786336405831,0.778786336405831,0.778786336405831,0.778786336405831,0.778786336405831,0.778786336405831,0.778786336405831,0.778786336405831,0.778786336405831,0.778786336405831,0.778786336405831,0.778786336405831,0.778786336405831,0.778786336405831,0.778786336405831,0.778786336405831,0.778786336405831,0.778786336405831,0.778786336405831,0.778786336405831,0.778786336405831
14,1.6644349506789005,1.6514316268505451,1.6385153117766917,1.6256855438636726,1.6129418630602252,1.6002838108589361,1.5877109302972867,1.5752227659587563,1.5628188639738037,1.55049877202102,1.5382620393279105,1.526108216671796,1.514036856380834,1.5020475123345367,1.4901397399646832,1.4783130962559774,1.4665671397467712,1.4549014305293386,1.4433155302509162,1.431809002113703,1.4203814108756565,1.4090323228506365,1.3977613059089948,1.386567929477639,1.3754517645405249,1.3644123836385729,1.353449360870075,1.3425622718907706,1.3317506939136925,1.321014205709525,1.310352387606286,1.2997648214893713,1.2892510908014851,1.2788107805422995,1.2684434772685036,1.258148769093292,1.247926245686274,1.2377754982728904,1.2276961196343372,1.2176877041068253,1.2077498475813349,1.1978821475029047,1.1880842028702214,1.1783556142350227,1.1686959837012854,1.1591049149246626,1.149582013111739,1.140126885019267,1.1307391389532722,1.1214183847682744,1.112164233866348,1.10297629919623,1.0938541952523266,1.0847975380736374,1.07580594524272,1.0668790358846394,1.0580164306658484,1.0492177517928527,1.0404826230111586,1.0318106696039824,1.0232015183908596,1.0146547977264497,1.0061701374990597,0.9977471691293437,0.9893855255687564,0.9810848412980339,0.972844752325888,0.9646648961872343,0.9565449119416554,0.9484844401718806,0.9404831229819861,0.9325406039957433,0.9246565283549234,0.9168305427174713,0.9090622952557524,0.9013514356546363,0.893697615109771,0.8861004863255273,0.8785597035130892,0.871074922388573,0.8636458001709649,0.8562719955799577,0.8489531688341512,0.8416889816487154,0.8344790972333388,0.8273231802900672,0.8202208970111261,0.8131719150765908,0.8061759036522833,0.7992325333872936,0.7923414764119031,0.7855024063349361,0.7787149982416215,0.7787149982416215,0.7787149982416215,0.7787149982416215,0.7787149982416215,0.7787149982416215,0.7787149982416215,0.7787149982416215,0.7787149982416215,0.7787149982416215,0.7787149982416215,0.7787149982416215,0.7787149982416215,0.7787149982416215,0.7787149982416215,0.7787149982416215,0.7787149982416215,0.7787149982416215,0.7787149982416215,0.7787149982416215,0.7787149982416215,0.7787149982416215,0.7787149982416215,0.7787149982416215,0.7787149982416215,0.7787149982416215,0.7787149982416215,0.7787149982416215,0.7787149982416215,0.7787149982416215,0.7787149982416215,0.7787149982416215,0.7787149982416215,0.7787149982416215,0.7787149982416215,0.7787149982416215,0.7787149982416215,0.7787149982416215,0.7787149982416215,0.7787149982416215,0.7787149982416215,0.7787149982416215,0.7787149982416215,0.7787149982416215,0.7787149982416215,0.7787149982416215,0.7787149982416215,0.7787149982416215,0.7787149982416215,0.7787149982416215,0.7787149982416215,0.7787149982416215,0.7787149982416215,0.7787149982416215,0.7787149982416215,0.7787149982416215,0.7787149982416215,0.7787149982416215,0.7787149982416215,0.7787149982416215,0.7787149982416215,0.7787149982416215,0.7787149982416215,0.7787149982416215,0.7787149982416215,0.7787149982416215,0.7787149982416215,0.7787149982416215,0.7787149982416215,0.7787149982416215,0.7787149982416215,0.7787149982416215,0.7787149982416215,0.7787149982416215,0.7787149982416215,0.7787149982416215,0.7787149982416215,0.7787149982416215,0.7787149982416215,0.7787149982416215,0.7787149982416215,0.7787149982416215,0.7787149982416215,0.7787149982416215,0.7787149982416215,0.7787149982416215,0.7787149982416215,0.7787149982416215,0.7787149982416215,0.7787149982416215,0.7787149982416215,0.7787149982416215,0.7787149982416215,0.7787149982416215,0.7787149982416215,0.7787149982416215,0.7787149982416215,0.7787149982416215,0.7787149982416215,0.7787149982416215,0.7787149982416215,0.7787149982416215,0.7787149982416215,0.7787149982416215,0.7787149982416215
15,1.6642822039916536,1.6512800946181403,1.6383649857075686,1.6255364157115126,1.6127939246237903,1.600137053981908,1.5875653468681057,1.5750783479104598,1.5626756032838651,1.550356660711187,1.5381210694640441,1.5259683803637099,1.5138981457821319,1.501909919642453,1.4900032574199198,1.4781777161425433,1.4664328543918228,1.454768232303016,1.4431834115661841,1.4316779554261883,1.4202514286834889,1.408903397694286,1.3976334303711113,1.3864410961828926,1.3753259661554433,1.3642876128713821,1.3533256104705387,1.342439534650028,1.3316289626640991,1.3208934733244937,1.3102326470001235,1.2996460656171207,1.2891333126587643,1.278693973165142,1.2683276337331983,1.2580338825162232,1.2478123092237623,1.2376625051210322,1.2275840630288464,1.2175765773228735,1.207639643933392,1.1977728603445805,1.1879758255941057,1.1782481402725273,1.168589406522485,1.1589992280381372,1.1494772100644144,1.1400229593962572,1.1306360843777215,1.1213161949011994,1.1120629024064796,1.1028758198798567,1.0937545618531361,1.08469874440256,1.075707985147772,1.0667819032507648,1.0579201194147643,1.0491222558828917,1.0403879364371116,1.031716786396945,1.0231084326180744,1.0145625034911507,1.0060786289403172,0.9976564404219099,0.9892955709229089,0.9809956549594219,0.9727563285753769,0.9645772293407521,0.9564579963500383,0.9483982702207188,0.9403976930914704,0.9324559086205115,0.9245725619839071,0.916747299873743,0.9089797704963726,0.9012696235705012,0.8936165103254601,0.8860200834991512,0.8784799973361382,0.8709959075857661,0.8635674715000973,0.8561943478317504,0.8488761968321007,0.841612680248943,0.8344034613244405,0.8272482047929636,0.8201465768789128,0.8130982452943893,0.8061028792370918,0.7991601493878381,0.7922697279084895,0.7854312884393009,0.7786445060967849,0.7786445060967849,0.7786445060967849,0.7786445060967849,0.7786445060967849,0.7786445060967849,0.7786445060967849,0.7786445060967849,0.7786445060967849,0.7786445060967849,0.7786445060967849,0.7786445060967849,0.7786445060967849,0.7786445060967849,0.7786445060967849,0.7786445060967849,0.7786445060967849,0.7786445060967849,0.7786445060967849,0.7786445060967849,0.7786445060967849,0.7786445060967849,0.7786445060967849,0.7786445060967849,0.7786445060967849,0.7786445060967849,0.7786445060967849,0.7786445060967849,0.7786445060967849,0.7786445060967849,0.7786445060967849,0.7786445060967849,0.7786445060967849,0.7786445060967849,0.7786445060967849,0.7786445060967849,0.7786445060967849,0.7786445060967849,0.7786445060967849,0.7786445060967849,0.7786445060967849,0.7786445060967849,0.7786445060967849,0.7786445060967849,0.7786445060967849,0.7786445060967849,0.7786445060967849,0.7786445060967849,0.7786445060967849,0.7786445060967849,0.7786445060967849,0.7786445060967849,0.7786445060967849,0.7786445060967849,0.7786445060967849,0.7786445060967849,0.7786445060967849,0.7786445060967849,0.7786445060967849,0.7786445060967849,0.7786445060967849,0.7786445060967849,0.7786445060967849,0.7786445060967849,0.7786445060967849,0.7786445060967849,0.7786445060967849,0.7786445060967849,0.7786445060967849,0.7786445060967849,0.7786445060967849,0.7786445060967849,0.7786445060967849,0.7786445060967849,0.7786445060967849,0.7786445060967849,0.7786445060967849,0.7786445060967849,0.7786445060967849,0.7786445060967849,0.7786445060967849,0.7786445060967849,0.7786445060967849,0.7786445060967849,0.7786445060967849,0.7786445060967849,0.7786445060967849,0.7786445060967849,0.7786445060967849,0.7786445060967849,0.7786445060967849,0.7786445060967849,0.7786445060967849,0.7786445060967849,0.7786445060967849,0.7786445060967849,0.7786445060967849,0.7786445060967849,0.7786445060967849,0.7786445060967849,0.7786445060967849,0.7786445060967849,0.7786445060967849,0.7786445060967849,0.7786445060967849
