,0,1,2,3,4,5,6,7,8,9,10,11,12,13,14,15,16,17,18,19,20,21,22,23,24,25,26,27,28,29,30,31,32,33,34,35,36,37,38,39,40,41,42,43,44,45,46,47,48,49,50,51,52,53,54,55,56,57,58,59,60,61,62,63,64,65,66,67,68,69,70,71,72,73,74,75,76,77,78,79,80,81,82,83,84,85,86,87,88,89,90,91,92,93,94,95,96,97,98,99,100,101,102,103,104,105,106,107,108,109,110,111,112,113,114,115,116,117,118,119,120,121,122,123,124,125,126,127,128,129,130,131,132,133,134,135,136,137,138,139,140,141,142,143,144,145,146,147,148,149,150,151,152,153,154,155,156,157,158,159,160,161,162,163,164,165,166,167,168,169,170,171,172,173,174,175,176,177,178,179,180,181,182,183,184,185,186,187,188,189,190,191,192,193,194,195,196
0,1.5821941469600600,1.5697409490911200,1.5573718475168300,1.5450863902795700,1.5328841269731700,1.520764608743770,1.5087273882907000,1.4967720198670300,1.4848980592805900,1.4731050638942800,1.4613925926269900,1.4497602059540200,1.43820746590756,1.4267339360772100,1.415339181610400,1.4040227692127300,1.3927842671483000,1.3816232452400100,1.3705392748697000,1.3595319289783900,1.3486007820664200,1.3377454101934800,1.3269653909787900,1.3162603036007700,1.305629728797440,1.2950732488658100,1.2845904476621600,1.2741809106016800,1.263844224658160,1.2535799783637900,1.2433877618088100,1.2332671666411700,1.2232177860661500,1.213239214845710,1.2033310492981900,1.193492887297760,1.1837243282736500,1.174024973209660,1.1643944246435000,1.1548322866660100,1.1453381649203800,1.1359116666014800,1.1265524004548800,1.117259976776000,1.1080340074092000,1.0988741057468600,1.0897798867283100,1.080750966838830,1.0717869641085000,1.0628874981111800,1.0540521899632300,1.0452806623224100,1.0365725393865200,1.027927446892280,1.019345012113870,1.0108248638616700,1.0023666324807300,0.9939699498495390,0.9856344493783740,0.9773597660078990,0.9691455362076170,0.9609913979741960,0.9528969908299590,0.9448619558212220,0.936885935516552,0.9289685740051060,0.9211095168947510,0.9133084113105170,0.9055649058924730,0.897878650794093,0.8902492976802630,0.8826764997253950,0.8751599116113890,0.8676991895256860,0.8602939911593140,0.8529439757046940,0.8456488038536490,0.8384081377952110,0.8312216412134770,0.8240889792854610,0.8170098186788920,0.8099838275498390,0.8030106755405460,0.7960900337770930,0.7892215748670830,0.7824049728971250,0.775639903430631,0.7689260435052530,0.7622630716304880,0.7556506677851280,0.7490885134148040,0.7425762914293760,0.736113686200449,0.736113686200449,0.736113686200449,0.736113686200449,0.736113686200449,0.736113686200449,0.736113686200449,0.736113686200449,0.736113686200449,0.736113686200449,0.736113686200449,0.736113686200449,0.736113686200449,0.736113686200449,0.736113686200449,0.736113686200449,0.736113686200449,0.736113686200449,0.736113686200449,0.736113686200449,0.736113686200449,0.736113686200449,0.736113686200449,0.736113686200449,0.736113686200449,0.736113686200449,0.736113686200449,0.736113686200449,0.736113686200449,0.736113686200449,0.736113686200449,0.736113686200449,0.736113686200449,0.736113686200449,0.736113686200449,0.736113686200449,0.736113686200449,0.736113686200449,0.736113686200449,0.736113686200449,0.736113686200449,0.736113686200449,0.736113686200449,0.736113686200449,0.736113686200449,0.736113686200449,0.736113686200449,0.736113686200449,0.736113686200449,0.736113686200449,0.736113686200449,0.736113686200449,0.736113686200449,0.736113686200449,0.736113686200449,0.736113686200449,0.736113686200449,0.736113686200449,0.736113686200449,0.736113686200449,0.736113686200449,0.736113686200449,0.736113686200449,0.736113686200449,0.736113686200449,0.736113686200449,0.736113686200449,0.736113686200449,0.736113686200449,0.736113686200449,0.736113686200449,0.736113686200449,0.736113686200449,0.736113686200449,0.736113686200449,0.736113686200449,0.736113686200449,0.736113686200449,0.736113686200449,0.736113686200449,0.736113686200449,0.736113686200449,0.736113686200449,0.736113686200449,0.736113686200449,0.736113686200449,0.736113686200449,0.736113686200449,0.736113686200449,0.736113686200449,0.736113686200449,0.736113686200449,0.736113686200449,0.736113686200449,0.736113686200449,0.736113686200449,0.736113686200449,0.736113686200449,0.736113686200449,0.736113686200449,0.736113686200449,0.736113686200449,0.736113686200449,0.736113686200449,0.736113686200449
1,1.5820275929354900,1.5695757279605600,1.5572079501076700,1.5449238074697700,1.5327228496911300,1.5206046279681000,1.5085686950500600,1.496614605239940,1.484741914395220,1.4729501799283100,1.461238960807410,1.4496078175569200,1.4380563122580000,1.4265840085489800,1.4151904716258600,1.4038752682426400,1.3926379667116200,1.3814781369037100,1.3703953502486000,1.3593891797349600,1.3484591999106000,1.3376049868824900,1.3268261183169600,1.3161221734393400,1.3054927330343900,1.294937379445690,1.2844556965758900,1.2740472698863500,1.2637116863968800,1.253448534685490,1.243257404888050,1.233137888698010,1.223089579365880,1.2131120716987500,1.2032049620598700,1.1933678483681200,1.1836003300973100,1.1739020082755800,1.164272485484870,1.1547113658599900,1.1452182550879700,1.1357927604073400,1.1264344906071100,1.1171430560260100,1.1079180685515000,1.0987591416188900,1.0896658902102400,1.0806379308534100,1.0716748816208800,1.0627763621287000,1.0539419935352500,1.0451713985401700,1.0364642013829300,1.0278200278417200,1.0192385052320600,1.0107192624054500,1.002261929747920,0.9938661391787410,0.9855315241487900,0.9772577196391650,0.9690443621596220,0.9608910897469080,0.9527975419632470,0.9447633598946810,0.9367881861493290,0.9288716648557210,0.9210134416609260,0.9132131637289990,0.9054704797388590,0.8977850398826600,0.8901564958637880,0.8825845008949850,0.8750687096963090,0.8676087784931830,0.8602043650144440,0.8528551284901540,0.8455607296496000,0.8383208307191090,0.8311350954199,0.8240031889659390,0.8169247780617360,0.8098995308999680,0.8029271171593210,0.7960072080021450,0.7891394760721400,0.7823235954918490,0.7755592418604450,0.7688460922511740,0.7621838252089580,0.7555721207478450,0.7490106603485580,0.7424991269558770,0.7360372049761640,0.7360372049761640,0.7360372049761640,0.7360372049761640,0.7360372049761640,0.7360372049761640,0.7360372049761640,0.7360372049761640,0.7360372049761640,0.7360372049761640,0.7360372049761640,0.7360372049761640,0.7360372049761640,0.7360372049761640,0.7360372049761640,0.7360372049761640,0.7360372049761640,0.7360372049761640,0.7360372049761640,0.7360372049761640,0.7360372049761640,0.7360372049761640,0.7360372049761640,0.7360372049761640,0.7360372049761640,0.7360372049761640,0.7360372049761640,0.7360372049761640,0.7360372049761640,0.7360372049761640,0.7360372049761640,0.7360372049761640,0.7360372049761640,0.7360372049761640,0.7360372049761640,0.7360372049761640,0.7360372049761640,0.7360372049761640,0.7360372049761640,0.7360372049761640,0.7360372049761640,0.7360372049761640,0.7360372049761640,0.7360372049761640,0.7360372049761640,0.7360372049761640,0.7360372049761640,0.7360372049761640,0.7360372049761640,0.7360372049761640,0.7360372049761640,0.7360372049761640,0.7360372049761640,0.7360372049761640,0.7360372049761640,0.7360372049761640,0.7360372049761640,0.7360372049761640,0.7360372049761640,0.7360372049761640,0.7360372049761640,0.7360372049761640,0.7360372049761640,0.7360372049761640,0.7360372049761640,0.7360372049761640,0.7360372049761640,0.7360372049761640,0.7360372049761640,0.7360372049761640,0.7360372049761640,0.7360372049761640,0.7360372049761640,0.7360372049761640,0.7360372049761640,0.7360372049761640,0.7360372049761640,0.7360372049761640,0.7360372049761640,0.7360372049761640,0.7360372049761640,0.7360372049761640,0.7360372049761640,0.7360372049761640,0.7360372049761640,0.7360372049761640,0.7360372049761640,0.7360372049761640,0.7360372049761640,0.7360372049761640,0.7360372049761640,0.7360372049761640,0.7360372049761640,0.7360372049761640,0.7360372049761640,0.7360372049761640,0.7360372049761640,0.7360372049761640,0.7360372049761640,0.7360372049761640,0.7360372049761640,0.7360372049761640,0.7360372049761640,0.7360372049761640,0.7360372049761640
2,1.5818624195271900,1.569411876465100,1.5570454114274200,1.5447625725573100,1.5325629095490300,1.5204459736487400,1.5084113176554700,1.4964584959215900,1.4845870643538600,1.4727965804137900,1.4610866031184700,1.449456693041040,1.4379064123111800,1.4264353246156000,1.4150429951984700,1.4037289908617800,1.3924928799656600,1.381334232428640,1.3702526197278600,1.3592476148992500,1.3483187925377200,1.337465728797130,1.3266880013905400,1.3159851895898200,1.3053568742261000,1.2948026376891100,1.284322063927510,1.2739147384484800,1.2635802483174600,1.2533181821579200,1.2431281301509900,1.2330096840352100,1.2229624371060300,1.2129859842152300,1.2030799217706400,1.1932438477354900,1.1834773616277900,1.1737800645197000,1.1641515590369700,1.1545914493580800,1.1450993412135200,1.135674841885120,1.1263175602050000,1.1170271065548300,1.1078030928648200,1.0986451326128500,1.0895528408234100,1.0805258340665500,1.0715637304568000,1.0626661496520900,1.0538327128524900,1.045063042799140,1.0363567637728400,1.0277135015929500,1.019132883615970,1.0106145387342000,1.002158097374310,0.9937631914960060,0.9854294545904560,0.9771565216788570,0.9689440293108920,0.96079161556306,0.9526989200371620,0.944665583858645,0.936691249674855,0.9287755616533790,0.920918165480166,0.9131187083579800,0.9053768390042760,0.8976922076495690,0.8900644660354360,0.8824932674126380,0.874978266539076,0.8675191196778500,0.8601154845952990,0.8527670205588170,0.8454733883348500,0.8382342501867200,0.8310492698724640,0.8239181126426990,0.8168404452384160,0.8098159358886050,0.8028442543080950,0.7959250716952080,0.7890580607294560,0.7822428955690150,0.7754792518485330,0.768766806676556,0.7621052386331450,0.7554942277673180,0.7489334555946020,0.7424226050944130,0.7359613607075880,0.7359613607075880,0.7359613607075880,0.7359613607075880,0.7359613607075880,0.7359613607075880,0.7359613607075880,0.7359613607075880,0.7359613607075880,0.7359613607075880,0.7359613607075880,0.7359613607075880,0.7359613607075880,0.7359613607075880,0.7359613607075880,0.7359613607075880,0.7359613607075880,0.7359613607075880,0.7359613607075880,0.7359613607075880,0.7359613607075880,0.7359613607075880,0.7359613607075880,0.7359613607075880,0.7359613607075880,0.7359613607075880,0.7359613607075880,0.7359613607075880,0.7359613607075880,0.7359613607075880,0.7359613607075880,0.7359613607075880,0.7359613607075880,0.7359613607075880,0.7359613607075880,0.7359613607075880,0.7359613607075880,0.7359613607075880,0.7359613607075880,0.7359613607075880,0.7359613607075880,0.7359613607075880,0.7359613607075880,0.7359613607075880,0.7359613607075880,0.7359613607075880,0.7359613607075880,0.7359613607075880,0.7359613607075880,0.7359613607075880,0.7359613607075880,0.7359613607075880,0.7359613607075880,0.7359613607075880,0.7359613607075880,0.7359613607075880,0.7359613607075880,0.7359613607075880,0.7359613607075880,0.7359613607075880,0.7359613607075880,0.7359613607075880,0.7359613607075880,0.7359613607075880,0.7359613607075880,0.7359613607075880,0.7359613607075880,0.7359613607075880,0.7359613607075880,0.7359613607075880,0.7359613607075880,0.7359613607075880,0.7359613607075880,0.7359613607075880,0.7359613607075880,0.7359613607075880,0.7359613607075880,0.7359613607075880,0.7359613607075880,0.7359613607075880,0.7359613607075880,0.7359613607075880,0.7359613607075880,0.7359613607075880,0.7359613607075880,0.7359613607075880,0.7359613607075880,0.7359613607075880,0.7359613607075880,0.7359613607075880,0.7359613607075880,0.7359613607075880,0.7359613607075880,0.7359613607075880,0.7359613607075880,0.7359613607075880,0.7359613607075880,0.7359613607075880,0.7359613607075880,0.7359613607075880,0.7359613607075880,0.7359613607075880,0.7359613607075880,0.7359613607075880,0.7359613607075880
3,1.5816986507954300,1.5692494184736000,1.5568842551548700,1.5446027090321600,1.5324043298493100,1.5202886689019100,1.5082552790381900,1.4963037146595800,1.4844335317217100,1.4726442877347600,1.4609355417643100,1.449306854431830,1.4377577879151600,1.4262879059489400,1.4148967738251300,1.4035839583933200,1.3923490280610400,1.3811915527940800,1.3701111041166100,1.3591072551114600,1.348179580420210,1.3373276562432400,1.3265510603399700,1.3158493720284000,1.3052221721856200,1.2946690432471800,1.284189569207340,1.2737833356187300,1.2634499295920300,1.25318893979578,1.2429999564560300,1.232882571356010,1.222836377835720,1.2128609707913000,1.202955946674750,1.1931209034933200,1.1833554408088200,1.1736591597370800,1.1640316629472900,1.1544725546612300,1.1449814406525100,1.1355579282458800,1.1262016263162300,1.116912145287770,1.1076890971331600,1.0985320953724700,1.0894407550722500,1.0804146928444200,1.071453526845200,1.0625568767740400,1.0537243638723500,1.044955610922430,1.0362502422460900,1.027607883703490,1.019028162691770,1.0105107081437100,1.0020551505262400,0.9936611218392140,0.9853282556137270,0.9770561869107450,0.9688445523195470,0.9606929899560530,0.9526011394613110,0.9445686419998420,0.9365951402578950,0.9286802784417870,0.9208237022760230,0.9130250590017550,0.9052839973746490,0.8976001676632650,0.8899732216470500,0.8824028126144670,0.8748885953609460,0.8674302261869470,0.8600273628960000,0.8526796647925190,0.8453867926798020,0.8381484088578510,0.8309641771212180,0.8238337627568640,0.8167568325419570,0.8097330547414970,0.8027620991061520,0.7958436368699220,0.788977340747822,0.7821628849333720,0.7753999450963940,0.7686881983804430,0.7620273234004220,0.7554170002400280,0.7488569104493010,0.7423467370420070,0.7358861644931650,0.7358861644931650,0.7358861644931650,0.7358861644931650,0.7358861644931650,0.7358861644931650,0.7358861644931650,0.7358861644931650,0.7358861644931650,0.7358861644931650,0.7358861644931650,0.7358861644931650,0.7358861644931650,0.7358861644931650,0.7358861644931650,0.7358861644931650,0.7358861644931650,0.7358861644931650,0.7358861644931650,0.7358861644931650,0.7358861644931650,0.7358861644931650,0.7358861644931650,0.7358861644931650,0.7358861644931650,0.7358861644931650,0.7358861644931650,0.7358861644931650,0.7358861644931650,0.7358861644931650,0.7358861644931650,0.7358861644931650,0.7358861644931650,0.7358861644931650,0.7358861644931650,0.7358861644931650,0.7358861644931650,0.7358861644931650,0.7358861644931650,0.7358861644931650,0.7358861644931650,0.7358861644931650,0.7358861644931650,0.7358861644931650,0.7358861644931650,0.7358861644931650,0.7358861644931650,0.7358861644931650,0.7358861644931650,0.7358861644931650,0.7358861644931650,0.7358861644931650,0.7358861644931650,0.7358861644931650,0.7358861644931650,0.7358861644931650,0.7358861644931650,0.7358861644931650,0.7358861644931650,0.7358861644931650,0.7358861644931650,0.7358861644931650,0.7358861644931650,0.7358861644931650,0.7358861644931650,0.7358861644931650,0.7358861644931650,0.7358861644931650,0.7358861644931650,0.7358861644931650,0.7358861644931650,0.7358861644931650,0.7358861644931650,0.7358861644931650,0.7358861644931650,0.7358861644931650,0.7358861644931650,0.7358861644931650,0.7358861644931650,0.7358861644931650,0.7358861644931650,0.7358861644931650,0.7358861644931650,0.7358861644931650,0.7358861644931650,0.7358861644931650,0.7358861644931650,0.7358861644931650,0.7358861644931650,0.7358861644931650,0.7358861644931650,0.7358861644931650,0.7358861644931650,0.7358861644931650,0.7358861644931650,0.7358861644931650,0.7358861644931650,0.7358861644931650,0.7358861644931650,0.7358861644931650,0.7358861644931650,0.7358861644931650,0.7358861644931650,0.7358861644931650,0.7358861644931650
4,1.5815363112308600,1.5690883782818700,1.5567245053923000,1.544444240804410,1.5322471343112200,1.520132737257290,1.5081006025396600,1.4961502846084000,1.4842813394675600,1.472493324675610,1.4607857993462100,1.4491583241487500,1.4376104613087800,1.4261417746085100,1.4147518293872500,1.4034401925418000,1.3922064325266900,1.3810501193545500,1.3699708245962100,1.3589681213809600,1.3480415843966800,1.3371907898898900,1.326415315665910,1.315714741088530,1.3050886470804200,1.2945366161225200,1.2840582322543300,1.2736530810735000,1.2633207497356100,1.253060826953880,1.2428729029988700,1.2327565696981400,1.2227114204358600,1.2127370501521400,1.2028330553427900,1.1929990340586900,1.18323458590509,1.173539312041080,1.1639128151789800,1.1543546995834600,1.1448645710708700,1.135442037008550,1.1260867063137500,1.1167981894529300,1.1075760984407500,1.0984200468391800,1.0893296497564300,1.0803045238459500,1.0713442873052900,1.0624485598750600,1.05361696283766,1.0448491190162200,1.036144652773160,1.0275031900091300,1.0189243581615600,1.0104077862033400,1.0019531046413600,0.9935599455152350,0.9852279423956640,0.9769567303830420,0.9687459461059030,0.960595227719252,0.9525042149030480,0.9444725488605530,0.936499872316585,0.9285858295158590,0.9207300662211100,0.912932229711543,0.9051919687807150,0.8975089337349000,0.8898827763910950,0.8823131500751380,0.8747997096196710,0.8673421113621940,0.8599400131431070,0.8525930743035280,0.8453009556832910,0.8380633196187660,0.8308798299407050,0.8237501519721040,0.816673952525997,0.8096508999030840,0.8026806638895690,0.7957629157548190,0.7888973282490540,0.7820835756008310,0.775321333514845,0.7686102791693600,0.7619500912138260,0.7553404497663170,0.748781036411092,0.7422715341959710,0.7358116276298660,0.7358116276298660,0.7358116276298660,0.7358116276298660,0.7358116276298660,0.7358116276298660,0.7358116276298660,0.7358116276298660,0.7358116276298660,0.7358116276298660,0.7358116276298660,0.7358116276298660,0.7358116276298660,0.7358116276298660,0.7358116276298660,0.7358116276298660,0.7358116276298660,0.7358116276298660,0.7358116276298660,0.7358116276298660,0.7358116276298660,0.7358116276298660,0.7358116276298660,0.7358116276298660,0.7358116276298660,0.7358116276298660,0.7358116276298660,0.7358116276298660,0.7358116276298660,0.7358116276298660,0.7358116276298660,0.7358116276298660,0.7358116276298660,0.7358116276298660,0.7358116276298660,0.7358116276298660,0.7358116276298660,0.7358116276298660,0.7358116276298660,0.7358116276298660,0.7358116276298660,0.7358116276298660,0.7358116276298660,0.7358116276298660,0.7358116276298660,0.7358116276298660,0.7358116276298660,0.7358116276298660,0.7358116276298660,0.7358116276298660,0.7358116276298660,0.7358116276298660,0.7358116276298660,0.7358116276298660,0.7358116276298660,0.7358116276298660,0.7358116276298660,0.7358116276298660,0.7358116276298660,0.7358116276298660,0.7358116276298660,0.7358116276298660,0.7358116276298660,0.7358116276298660,0.7358116276298660,0.7358116276298660,0.7358116276298660,0.7358116276298660,0.7358116276298660,0.7358116276298660,0.7358116276298660,0.7358116276298660,0.7358116276298660,0.7358116276298660,0.7358116276298660,0.7358116276298660,0.7358116276298660,0.7358116276298660,0.7358116276298660,0.7358116276298660,0.7358116276298660,0.7358116276298660,0.7358116276298660,0.7358116276298660,0.7358116276298660,0.7358116276298660,0.7358116276298660,0.7358116276298660,0.7358116276298660,0.7358116276298660,0.7358116276298660,0.7358116276298660,0.7358116276298660,0.7358116276298660,0.7358116276298660,0.7358116276298660,0.7358116276298660,0.7358116276298660,0.7358116276298660,0.7358116276298660,0.7358116276298660,0.7358116276298660,0.7358116276298660,0.7358116276298660,0.7358116276298660
5,1.5423063114388800,1.530122737780290,1.5180218099699300,1.506003081033270,1.4940661055499900,1.4822104396546800,1.4704356410375700,1.4587412689449500,1.4471268841799200,1.435592049102910,1.4241363276318400,1.4127592852428600,1.4014604889705500,1.390239507408130,1.3790959107079300,1.3680292705815300,1.3570391602998400,1.346125154693260,1.3352868301517600,1.3245237646249700,1.3138355376220600,1.3032217302117500,1.2926819250220600,1.2822157062403900,1.2718226596130100,1.2615023724451500,1.2512544336003900,1.2410784335005200,1.2309739641251600,1.220940619011130,1.2109779932522600,1.201085683498700,1.1912632879563800,1.18151040638646,1.1718266401046500,1.162211591980520,1.1526648664368400,1.1431860694487200,1.1337748085428800,1.124430692796690,1.1151533328374100,1.1059423408412000,1.0967973305320900,1.0877179171810100,1.0787037176048000,1.0697543501650000,1.0608694347668000,1.052048592857800,1.043291447426910,1.0345976230028900,1.0259667456533600,1.0173984429831600,1.0088923441331700,1.0004480797789600,0.9920652821291010,0.9837435849239620,0.9754826234340170,0.9672820344583370,0.9591414563230830,0.9510605288797110,0.9430388935035480,0.9350761930918270,0.9271720720621930,0.9193261763508030,0.9115381534105290,0.903807652209159,0.8961343232276130,0.8885178184578270,0.8809577914010080,0.8734538970655930,0.8660057919652230,0.8586131341167370,0.8512755830380960,0.843992799746324,0.8367644467552770,0.8295901880735720,0.8224696892023040,0.8154026171329310,0.8083886403449540,0.8014274288035590,0.7945186539574220,0.7876619887362810,0.7808571075485610,0.7741036862790430,0.7674014022862590,0.7607499344002480,0.7541489629198390,0.7475981696102360,0.7410972377005410,0.7346458518809670,0.7282436983004290,0.721890464563764,0.7155858397291590,0.7155858397291590,0.7155858397291590,0.7155858397291590,0.7155858397291590,0.7155858397291590,0.7155858397291590,0.7155858397291590,0.7155858397291590,0.7155858397291590,0.7155858397291590,0.7155858397291590,0.7155858397291590,0.7155858397291590,0.7155858397291590,0.7155858397291590,0.7155858397291590,0.7155858397291590,0.7155858397291590,0.7155858397291590,0.7155858397291590,0.7155858397291590,0.7155858397291590,0.7155858397291590,0.7155858397291590,0.7155858397291590,0.7155858397291590,0.7155858397291590,0.7155858397291590,0.7155858397291590,0.7155858397291590,0.7155858397291590,0.7155858397291590,0.7155858397291590,0.7155858397291590,0.7155858397291590,0.7155858397291590,0.7155858397291590,0.7155858397291590,0.7155858397291590,0.7155858397291590,0.7155858397291590,0.7155858397291590,0.7155858397291590,0.7155858397291590,0.7155858397291590,0.7155858397291590,0.7155858397291590,0.7155858397291590,0.7155858397291590,0.7155858397291590,0.7155858397291590,0.7155858397291590,0.7155858397291590,0.7155858397291590,0.7155858397291590,0.7155858397291590,0.7155858397291590,0.7155858397291590,0.7155858397291590,0.7155858397291590,0.7155858397291590,0.7155858397291590,0.7155858397291590,0.7155858397291590,0.7155858397291590,0.7155858397291590,0.7155858397291590,0.7155858397291590,0.7155858397291590,0.7155858397291590,0.7155858397291590,0.7155858397291590,0.7155858397291590,0.7155858397291590,0.7155858397291590,0.7155858397291590,0.7155858397291590,0.7155858397291590,0.7155858397291590,0.7155858397291590,0.7155858397291590,0.7155858397291590,0.7155858397291590,0.7155858397291590,0.7155858397291590,0.7155858397291590,0.7155858397291590,0.7155858397291590,0.7155858397291590,0.7155858397291590,0.7155858397291590,0.7155858397291590,0.7155858397291590,0.7155858397291590,0.7155858397291590,0.7155858397291590,0.7155858397291590,0.7155858397291590,0.7155858397291590,0.7155858397291590,0.7155858397291590,0.7155858397291590,0.7155858397291590,0.7155858397291590
6,1.5421509220118700,1.529968596830770,1.5178689088647400,1.5058514111871700,1.4939156584255300,1.4820612067619700,1.4702876139341200,1.45859443923552,1.446981243516310,1.435447589183800,1.4239930402026000,1.4126171620954,1.4013195219431100,1.3900996883851200,1.3789572316197800,1.3678917234044700,1.35690273705574,1.3459898474494600,1.3351526310208900,1.3243906657647800,1.3137035312352400,1.303090808545750,1.2925520803689100,1.2820869309365600,1.2716949460391800,1.2613757130260800,1.2511288208047200,1.240953859840610,1.2308504221569000,1.220818101333780,1.2108564925082700,1.200965192373520,1.1911437991783200,1.1813919127264900,1.1717091343762400,1.162095067039440,1.1525493151810200,1.14307148481806,1.1336611835190800,1.1243180204030800,1.1150416061387600,1.1058315529435700,1.0966874745826400,1.0876089863678500,1.0785957051567900,1.069647249351600,1.0607632388978900,1.051943295283500,1.043187041537410,1.0344941022283100,1.0258641034635300,1.0172966728874900,1.0087914396804600,1.0003480345572300,0.9919660897654280,0.9836452390843040,0.9753851178230470,0.9671853628192720,0.9590456124375180,0.9509655065674450,0.9429446866224190,0.9349827955375440,0.9270794777681650,0.9192343792879750,0.9114471475872120,0.9037174316708630,0.8960448820568790,0.8884291507740640,0.8808698913603230,0.8733667588606260,0.8659194098249790,0.8585275023064250,0.8511906958589610,0.8439086515354800,0.8366810318855460,0.8295075009533170,0.8223877242752660,0.8153213688780650,0.8083081032762640,0.801347597469938,0.7944395229424860,0.787583552658208,0.7807793610599280,0.7740266240666640,0.7673250190710260,0.7606742249369640,0.7540739219970610,0.7475237920501150,0.7410235183586600,0.7345727856461810,0.7281712800947060,0.721818689342025,0.7155147024791190,0.7155147024791190,0.7155147024791190,0.7155147024791190,0.7155147024791190,0.7155147024791190,0.7155147024791190,0.7155147024791190,0.7155147024791190,0.7155147024791190,0.7155147024791190,0.7155147024791190,0.7155147024791190,0.7155147024791190,0.7155147024791190,0.7155147024791190,0.7155147024791190,0.7155147024791190,0.7155147024791190,0.7155147024791190,0.7155147024791190,0.7155147024791190,0.7155147024791190,0.7155147024791190,0.7155147024791190,0.7155147024791190,0.7155147024791190,0.7155147024791190,0.7155147024791190,0.7155147024791190,0.7155147024791190,0.7155147024791190,0.7155147024791190,0.7155147024791190,0.7155147024791190,0.7155147024791190,0.7155147024791190,0.7155147024791190,0.7155147024791190,0.7155147024791190,0.7155147024791190,0.7155147024791190,0.7155147024791190,0.7155147024791190,0.7155147024791190,0.7155147024791190,0.7155147024791190,0.7155147024791190,0.7155147024791190,0.7155147024791190,0.7155147024791190,0.7155147024791190,0.7155147024791190,0.7155147024791190,0.7155147024791190,0.7155147024791190,0.7155147024791190,0.7155147024791190,0.7155147024791190,0.7155147024791190,0.7155147024791190,0.7155147024791190,0.7155147024791190,0.7155147024791190,0.7155147024791190,0.7155147024791190,0.7155147024791190,0.7155147024791190,0.7155147024791190,0.7155147024791190,0.7155147024791190,0.7155147024791190,0.7155147024791190,0.7155147024791190,0.7155147024791190,0.7155147024791190,0.7155147024791190,0.7155147024791190,0.7155147024791190,0.7155147024791190,0.7155147024791190,0.7155147024791190,0.7155147024791190,0.7155147024791190,0.7155147024791190,0.7155147024791190,0.7155147024791190,0.7155147024791190,0.7155147024791190,0.7155147024791190,0.7155147024791190,0.7155147024791190,0.7155147024791190,0.7155147024791190,0.7155147024791190,0.7155147024791190,0.7155147024791190,0.7155147024791190,0.7155147024791190,0.7155147024791190,0.7155147024791190,0.7155147024791190,0.7155147024791190,0.7155147024791190,0.7155147024791190
7,1.5419970003169100,1.5298159118958700,1.5177174521371400,1.5057011741616000,1.4937666326440100,1.4819133838136900,1.4701409854552400,1.458448996908980,1.4468369790716800,1.4353044943970800,1.4238511068960700,1.412476382137440,1.4011798872480100,1.3899611909129400,1.378819863376110,1.3677554764403100,1.3567676034673400,1.345855819378080,1.3350197006526900,1.324258825330610,1.3135727730104800,1.302961124850110,1.2924234635663200,1.2819593734349100,1.271568440290210,1.2612502515251900,1.2510043960907800,1.2408304644958200,1.2307280488065800,1.2206967426462200,1.210736141194540,1.200845841187330,1.1910254409158000,1.1812745402260700,1.171592740518430,1.1619796447466800,1.1524348574175200,1.1429579845896000,1.133548633872870,1.1242064144275500,1.1149309369634300,1.1057218137388400,1.0965786585596600,1.0875010867783100,1.0784887152927800,1.0695411625454100,1.060658048521860,1.0518389947498600,1.043083624298090,1.0343915617747700,1.0257624333266100,1.01719586663721,1.0086914909258900,1.0002489369462900,0.9918678369847220,0.9835478248589740,0.9752885359165860,0.9670896070333630,0.9589506766118610,0.9508713845795960,0.9428513723876210,0.9348902830085570,0.9269877609351050,0.919143452178142,0.9113570042649280,0.9036280662373060,0.8959562886499150,0.8883413235680840,0.8807828245660770,0.8732804467250580,0.8658338466310660,0.8584426823730070,0.8511066135405820,0.843825301222222,0.8365984080028670,0.8294255979618890,0.822306536670808,0.8152408911911860,0.8082283300722980,0.801268523348783,0.7943611425384420,0.787505860639816,0.780702352129811,0.7739502929613630,0.7672493605608420,0.7605992338258,0.7539995931222590,0.747450120282299,0.7409504986015750,0.7345004128365360,0.7280995492020170,0.7217475953684550,0.7154442404593210,0.7154442404593210,0.7154442404593210,0.7154442404593210,0.7154442404593210,0.7154442404593210,0.7154442404593210,0.7154442404593210,0.7154442404593210,0.7154442404593210,0.7154442404593210,0.7154442404593210,0.7154442404593210,0.7154442404593210,0.7154442404593210,0.7154442404593210,0.7154442404593210,0.7154442404593210,0.7154442404593210,0.7154442404593210,0.7154442404593210,0.7154442404593210,0.7154442404593210,0.7154442404593210,0.7154442404593210,0.7154442404593210,0.7154442404593210,0.7154442404593210,0.7154442404593210,0.7154442404593210,0.7154442404593210,0.7154442404593210,0.7154442404593210,0.7154442404593210,0.7154442404593210,0.7154442404593210,0.7154442404593210,0.7154442404593210,0.7154442404593210,0.7154442404593210,0.7154442404593210,0.7154442404593210,0.7154442404593210,0.7154442404593210,0.7154442404593210,0.7154442404593210,0.7154442404593210,0.7154442404593210,0.7154442404593210,0.7154442404593210,0.7154442404593210,0.7154442404593210,0.7154442404593210,0.7154442404593210,0.7154442404593210,0.7154442404593210,0.7154442404593210,0.7154442404593210,0.7154442404593210,0.7154442404593210,0.7154442404593210,0.7154442404593210,0.7154442404593210,0.7154442404593210,0.7154442404593210,0.7154442404593210,0.7154442404593210,0.7154442404593210,0.7154442404593210,0.7154442404593210,0.7154442404593210,0.7154442404593210,0.7154442404593210,0.7154442404593210,0.7154442404593210,0.7154442404593210,0.7154442404593210,0.7154442404593210,0.7154442404593210,0.7154442404593210,0.7154442404593210,0.7154442404593210,0.7154442404593210,0.7154442404593210,0.7154442404593210,0.7154442404593210,0.7154442404593210,0.7154442404593210,0.7154442404593210,0.7154442404593210,0.7154442404593210,0.7154442404593210,0.7154442404593210,0.7154442404593210,0.7154442404593210,0.7154442404593210,0.7154442404593210,0.7154442404593210,0.7154442404593210,0.7154442404593210,0.7154442404593210,0.7154442404593210,0.7154442404593210,0.7154442404593210,0.7154442404593210
8,1.5418445720101400,1.5296647084269000,1.5175674650349800,1.5055523950023100,1.4936190530505400,1.481766995455680,1.4699957800488300,1.4583049662166900,1.4466941149022000,1.4351627886051000,1.4237105513821300,1.412336968847720,1.4010416081741700,1.3898240380919700,1.3786838288901300,1.367620552416420,1.3566337820774200,1.3457230928386400,1.3348880612246700,1.3241282653192500,1.3134432847651100,1.3028327007640100,1.2922960960765100,1.2818330550220000,1.2714431634782300,1.2611260088814100,1.2508811802255400,1.240708268062360,1.2306068645008700,1.2205765632067900,1.2106169594023000,1.200727649865410,1.1909082329293700,1.1811583084821700,1.1714774779658000,1.1618653443756000,1.1523215122596300,1.142845587717710,1.1334371784008300,1.1240958935100700,1.1148213437958700,1.1056131415571000,1.0964709006399600,1.0873942364370600,1.078382765886380,1.0694361074701100,1.0605538812135700,1.0517357086839700,1.0429812129893500,1.0342900187770700,1.0256617522328400,1.0170960410790800,1.0085925145737800,1.0001508035090700,0.9917705402095810,0.9834513585312640,0.9751928938596480,0.9669947831083630,0.9588566647176280,0.9507781786524500,0.9427589664012110,0.934798670973696,0.9268969368996030,0.9190534102266420,0.9112677385187430,0.9035395708542530,0.8958685578241540,0.8882543515299480,0.8806966055819160,0.8731949750970720,0.8657491166971410,0.8583586885065560,0.8510233501503800,0.8437427627522450,0.8365165889321300,0.829344492804285,0.822226139974947,0.8151611975402320,0.8081493340838120,0.8011902196745600,0.7942835258643520,0.7874289256856460,0.7806260936491010,0.7738747057412540,0.7671744394219100,0.760524973621902,0.7539259887403750,0.7473771666423730,0.740878190656358,0.7344287455714290,0.7280285176349140,0.7216771945495860,0.715374465471098,0.715374465471098,0.715374465471098,0.715374465471098,0.715374465471098,0.715374465471098,0.715374465471098,0.715374465471098,0.715374465471098,0.715374465471098,0.715374465471098,0.715374465471098,0.715374465471098,0.715374465471098,0.715374465471098,0.715374465471098,0.715374465471098,0.715374465471098,0.715374465471098,0.715374465471098,0.715374465471098,0.715374465471098,0.715374465471098,0.715374465471098,0.715374465471098,0.715374465471098,0.715374465471098,0.715374465471098,0.715374465471098,0.715374465471098,0.715374465471098,0.715374465471098,0.715374465471098,0.715374465471098,0.715374465471098,0.715374465471098,0.715374465471098,0.715374465471098,0.715374465471098,0.715374465471098,0.715374465471098,0.715374465471098,0.715374465471098,0.715374465471098,0.715374465471098,0.715374465471098,0.715374465471098,0.715374465471098,0.715374465471098,0.715374465471098,0.715374465471098,0.715374465471098,0.715374465471098,0.715374465471098,0.715374465471098,0.715374465471098,0.715374465471098,0.715374465471098,0.715374465471098,0.715374465471098,0.715374465471098,0.715374465471098,0.715374465471098,0.715374465471098,0.715374465471098,0.715374465471098,0.715374465471098,0.715374465471098,0.715374465471098,0.715374465471098,0.715374465471098,0.715374465471098,0.715374465471098,0.715374465471098,0.715374465471098,0.715374465471098,0.715374465471098,0.715374465471098,0.715374465471098,0.715374465471098,0.715374465471098,0.715374465471098,0.715374465471098,0.715374465471098,0.715374465471098,0.715374465471098,0.715374465471098,0.715374465471098,0.715374465471098,0.715374465471098,0.715374465471098,0.715374465471098,0.715374465471098,0.715374465471098,0.715374465471098,0.715374465471098,0.715374465471098,0.715374465471098,0.715374465471098,0.715374465471098,0.715374465471098,0.715374465471098,0.715374465471098,0.715374465471098,0.715374465471098
9,1.5490606461861800,1.5368320285444700,1.5246862930080800,1.5126229918498900,1.5006416788958500,1.4887419095259300,1.4769232406745200,1.4651852308311800,1.453527440041350,1.4419494299066400,1.4304507635855000,1.4190310057935500,1.4076897228040700,1.396426482448110,1.3852408541151000,1.37413240875282,1.3631007188677300,1.3521453585250500,1.3412659033489100,1.3304619305224400,1.3197330187876600,1.3090787484454600,1.2984987013556100,1.2879924609366300,1.2775596121654300,1.2671997415772800,1.2569124372655600,1.2466972888811600,1.23655388763256,1.2264818262850300,1.2164806991604700,1.2065501021367700,1.196689632647250,1.1868988896803100,1.1771774737785400,1.167524987038240,1.1579410331086200,1.1484252171911100,1.1389771460385800,1.1295964279545100,1.1202826727920600,1.1110354919532300,1.1018544983879300,1.092739306592910,1.0836895326107400,1.074704794028870,1.0657847099783000,1.0569289011326300,1.0481369897067800,1.0394085994557400,1.030743355673390,1.0221408851911000,1.013600816376510,1.0051227791319200,0.996706404893211,0.9883513266280380,0.980057178834645,0.9718235975400740,0.9636502202987770,0.9555366861909880,0.9474826358210210,0.9394877113155990,0.9315515563222090,0.9236738160073510,0.9158541370547130,0.90809216766334,0.9003875575458950,0.8927399579266440,0.8851490215396680,0.8776144026267940,0.8701357569356980,0.8627127417178380,0.8553450157264580,0.8480322392144540,0.8407740739322870,0.8335701831258400,0.8264202315342500,0.8193238853876260,0.8122808124049690,0.8052906817917230,0.7983531642376200,0.7914679319141820,0.7846346584725800,0.7778530190410800,0.7711226902226250,0.7644433500924890,0.7578146781957240,0.7512363555446500,0.7447080646163220,0.7382294893500670,0.7318003151446930,0.7254202288560410,0.7190889187942930,0.7190889187942930,0.7190889187942930,0.7190889187942930,0.7190889187942930,0.7190889187942930,0.7190889187942930,0.7190889187942930,0.7190889187942930,0.7190889187942930,0.7190889187942930,0.7190889187942930,0.7190889187942930,0.7190889187942930,0.7190889187942930,0.7190889187942930,0.7190889187942930,0.7190889187942930,0.7190889187942930,0.7190889187942930,0.7190889187942930,0.7190889187942930,0.7190889187942930,0.7190889187942930,0.7190889187942930,0.7190889187942930,0.7190889187942930,0.7190889187942930,0.7190889187942930,0.7190889187942930,0.7190889187942930,0.7190889187942930,0.7190889187942930,0.7190889187942930,0.7190889187942930,0.7190889187942930,0.7190889187942930,0.7190889187942930,0.7190889187942930,0.7190889187942930,0.7190889187942930,0.7190889187942930,0.7190889187942930,0.7190889187942930,0.7190889187942930,0.7190889187942930,0.7190889187942930,0.7190889187942930,0.7190889187942930,0.7190889187942930,0.7190889187942930,0.7190889187942930,0.7190889187942930,0.7190889187942930,0.7190889187942930,0.7190889187942930,0.7190889187942930,0.7190889187942930,0.7190889187942930,0.7190889187942930,0.7190889187942930,0.7190889187942930,0.7190889187942930,0.7190889187942930,0.7190889187942930,0.7190889187942930,0.7190889187942930,0.7190889187942930,0.7190889187942930,0.7190889187942930,0.7190889187942930,0.7190889187942930,0.7190889187942930,0.7190889187942930,0.7190889187942930,0.7190889187942930,0.7190889187942930,0.7190889187942930,0.7190889187942930,0.7190889187942930,0.7190889187942930,0.7190889187942930,0.7190889187942930,0.7190889187942930,0.7190889187942930,0.7190889187942930,0.7190889187942930,0.7190889187942930,0.7190889187942930,0.7190889187942930,0.7190889187942930,0.7190889187942930,0.7190889187942930,0.7190889187942930,0.7190889187942930,0.7190889187942930,0.7190889187942930,0.7190889187942930,0.7190889187942930,0.7190889187942930,0.7190889187942930,0.7190889187942930,0.7190889187942930,0.7190889187942930,0.7190889187942930
10,1.5489105578272500,1.536683145568590,1.5245386070843000,1.5124764946934600,1.5004963622680800,1.488597765234030,1.476780260571410,1.4650434068153300,1.4533867640565900,1.441809893942040,1.430312359675130,1.4188937260163600,1.4075535592837200,1.3962914273527700,1.3851068996573100,1.3739995471892900,1.362968942499200,1.3520146596961100,1.3411362744478300,1.3303333639809800,1.319605507080960,1.308952284091800,1.2983732769162800,1.2878680690157700,1.2774362454098100,1.267077392676210,1.2567910989506400,1.2465769539261700,1.2364345488532700,1.2263634765390200,1.2163633313469800,1.2064337091965400,1.1965742075623300,1.186784425473900,1.1770639635148200,1.167412423822200,1.1578294100859200,1.1483145275478800,1.1388673830012700,1.1294875847897100,1.12017474280634,1.1109284684929900,1.1017483748392000,1.0926340763812200,1.083585189200940,1.0746013309249400,1.0656821207232200,1.0568271793082100,1.04803612893347,1.0393085933924900,1.030644198017460,1.0220425696779400,1.013503336779530,1.0050261292624000,0.9966105786000880,0.9882563177977470,0.9799629813909710,0.9717302054439780,0.9635576275482390,0.95544488682084,0.9473916239027880,0.939397480957334,0.9314621016683340,0.9235851312384910,0.9157662163875390,0.9080050053504060,0.9003011478754760,0.8926542952225770,0.8850641001611910,0.8775302169683850,0.8700523014269160,0.8626300108231640,0.8552630039451340,0.8479509410803270,0.8406934840136450,0.8334902960252600,0.8263410418884330,0.819245387867246,0.81220300171451,0.8052135526693240,0.7982767114549180,0.7913921502761550,0.784559542817391,0.7777785642399190,0.771048891179555,0.7643702017442920,0.7577421755117420,0.7511644935266320,0.7446368382982720,0.7381588937980850,0.7317303454568250,0.7253508801621240,0.7190201862558010,0.7190201862558010,0.7190201862558010,0.7190201862558010,0.7190201862558010,0.7190201862558010,0.7190201862558010,0.7190201862558010,0.7190201862558010,0.7190201862558010,0.7190201862558010,0.7190201862558010,0.7190201862558010,0.7190201862558010,0.7190201862558010,0.7190201862558010,0.7190201862558010,0.7190201862558010,0.7190201862558010,0.7190201862558010,0.7190201862558010,0.7190201862558010,0.7190201862558010,0.7190201862558010,0.7190201862558010,0.7190201862558010,0.7190201862558010,0.7190201862558010,0.7190201862558010,0.7190201862558010,0.7190201862558010,0.7190201862558010,0.7190201862558010,0.7190201862558010,0.7190201862558010,0.7190201862558010,0.7190201862558010,0.7190201862558010,0.7190201862558010,0.7190201862558010,0.7190201862558010,0.7190201862558010,0.7190201862558010,0.7190201862558010,0.7190201862558010,0.7190201862558010,0.7190201862558010,0.7190201862558010,0.7190201862558010,0.7190201862558010,0.7190201862558010,0.7190201862558010,0.7190201862558010,0.7190201862558010,0.7190201862558010,0.7190201862558010,0.7190201862558010,0.7190201862558010,0.7190201862558010,0.7190201862558010,0.7190201862558010,0.7190201862558010,0.7190201862558010,0.7190201862558010,0.7190201862558010,0.7190201862558010,0.7190201862558010,0.7190201862558010,0.7190201862558010,0.7190201862558010,0.7190201862558010,0.7190201862558010,0.7190201862558010,0.7190201862558010,0.7190201862558010,0.7190201862558010,0.7190201862558010,0.7190201862558010,0.7190201862558010,0.7190201862558010,0.7190201862558010,0.7190201862558010,0.7190201862558010,0.7190201862558010,0.7190201862558010,0.7190201862558010,0.7190201862558010,0.7190201862558010,0.7190201862558010,0.7190201862558010,0.7190201862558010,0.7190201862558010,0.7190201862558010,0.7190201862558010,0.7190201862558010,0.7190201862558010,0.7190201862558010,0.7190201862558010,0.7190201862558010,0.7190201862558010,0.7190201862558010,0.7190201862558010,0.7190201862558010,0.7190201862558010,0.7190201862558010
11,1.5487620502897600,1.5365358308022700,1.5243924768446300,1.5123315407816900,1.5003525765310400,1.4884551395639600,1.4766387869057900,1.4649030771367300,1.4532475703925000,1.4416718283646600,1.4301754143012800,1.4187578930072300,1.4074188308447400,1.3961577957334600,1.384974357151070,1.3738680861332800,1.3628385552741200,1.3518853387260800,1.3410080122001900,1.330206152966140,1.3194793398522100,1.3088271532451700,1.2982491750903600,1.2877449888915500,1.2773141797104900,1.266956334167070,1.256671040438830,1.2464578882605900,1.2363164689243600,1.2262463752786400,1.2162472017281800,1.2063185442334600,1.1964600003099800,1.1866711690280300,1.176951651011750,1.1673010484386300,1.1577189650388000,1.1482050060942100,1.1387587784379500,1.1293798904533900,1.1200679520732400,1.1108225747787100,1.10164337159861,1.0925299571082500,1.0834819474284400,1.0744989602245100,1.065580614705030,1.05672653162087,1.047936333263840,1.0392096434655200,1.0305460875960400,1.0219452925627200,1.0134068868087800,1.0049305003118200,0.9965157645826600,0.988162312663581,0.9798697791271290,0.9716378000743210,0.9634660131332610,0.9553540574575100,0.9473015737243890,0.9393082041332990,0.9313735924040910,0.9234973837753010,0.9156792250023330,0.9079187643556290,0.9002156516189260,0.8925695380872480,0.8849800765651120,0.8774469213644610,0.8699697283027740,0.8625481547009900,0.8551818593815170,0.8478705026661020,0.8406137463737370,0.8334112538185240,0.8262626898075020,0.8191677206383680,0.8121260140974000,0.805137239457002,0.7982010674735560,0.7913171703849230,0.7844852219082980,0.7777048972376650,0.77097587304137,0.7642978274597870,0.7576704401027540,0.7510933920470700,0.7445663658339630,0.738089045466625,0.731661116407423,0.7252822655754520,0.7189521813438420,0.7189521813438420,0.7189521813438420,0.7189521813438420,0.7189521813438420,0.7189521813438420,0.7189521813438420,0.7189521813438420,0.7189521813438420,0.7189521813438420,0.7189521813438420,0.7189521813438420,0.7189521813438420,0.7189521813438420,0.7189521813438420,0.7189521813438420,0.7189521813438420,0.7189521813438420,0.7189521813438420,0.7189521813438420,0.7189521813438420,0.7189521813438420,0.7189521813438420,0.7189521813438420,0.7189521813438420,0.7189521813438420,0.7189521813438420,0.7189521813438420,0.7189521813438420,0.7189521813438420,0.7189521813438420,0.7189521813438420,0.7189521813438420,0.7189521813438420,0.7189521813438420,0.7189521813438420,0.7189521813438420,0.7189521813438420,0.7189521813438420,0.7189521813438420,0.7189521813438420,0.7189521813438420,0.7189521813438420,0.7189521813438420,0.7189521813438420,0.7189521813438420,0.7189521813438420,0.7189521813438420,0.7189521813438420,0.7189521813438420,0.7189521813438420,0.7189521813438420,0.7189521813438420,0.7189521813438420,0.7189521813438420,0.7189521813438420,0.7189521813438420,0.7189521813438420,0.7189521813438420,0.7189521813438420,0.7189521813438420,0.7189521813438420,0.7189521813438420,0.7189521813438420,0.7189521813438420,0.7189521813438420,0.7189521813438420,0.7189521813438420,0.7189521813438420,0.7189521813438420,0.7189521813438420,0.7189521813438420,0.7189521813438420,0.7189521813438420,0.7189521813438420,0.7189521813438420,0.7189521813438420,0.7189521813438420,0.7189521813438420,0.7189521813438420,0.7189521813438420,0.7189521813438420,0.7189521813438420,0.7189521813438420,0.7189521813438420,0.7189521813438420,0.7189521813438420,0.7189521813438420,0.7189521813438420,0.7189521813438420,0.7189521813438420,0.7189521813438420,0.7189521813438420,0.7189521813438420,0.7189521813438420,0.7189521813438420,0.7189521813438420,0.7189521813438420,0.7189521813438420,0.7189521813438420,0.7189521813438420,0.7189521813438420,0.7189521813438420,0.7189521813438420,0.7189521813438420
12,1.5486151513125700,1.5363901117630200,1.5242479295867800,1.5121881571939800,1.5002103485473000,1.4883140591629600,1.4764988461110700,1.4647642680164400,1.4531098850592200,1.4415352589752500,1.4300399530566800,1.4186235321523500,1.4072855626682400,1.396025612567610,1.3848432513715800,1.3737380501591300,1.3627095815674100,1.3517574197918300,1.3408811405862000,1.330080321262830,1.319354540692430,1.3087033793040600,1.2981264190851600,1.2876232435814400,1.277193437896460,1.2668365886916900,1.2565522841861500,1.2463401141559300,1.236199669934150,1.2261305444102800,1.2161323320298700,1.2062046287940000,1.1963470322586500,1.1865591415344100,1.1768405572855400,1.1671908817295200,1.1576097186362600,1.1480966733273700,1.1386513526754100,1.1292733651030600,1.1199623205821900,1.1107178306330100,1.1015395083231400,1.0924269682665600,1.083379826622560,1.074397701094840,1.0654802109301400,1.0566269769173300,1.0478376213860800,1.0391117682056600,1.0304490427837400,1.0218490720649900,1.0133114845298600,1.004835910192980,0.9964219806020560,0.9880693288361050,0.9797775895042360,0.9715463987438720,0.9633753942193630,0.9552642151203600,0.9472125021601100,0.9392198975737860,0.9312860451168480,0.9234105900632840,0.9155931792037930,0.9078334608439550,0.9001310848024840,0.8924857024092250,0.8848969665033620,0.877364531431343,0.8698880530449970,0.8624671886994600,0.8551015972511760,0.8477909390557770,0.8405348759659800,0.8333330713294600,0.8261851899866710,0.8190908982685750,0.8120498639945550,0.8050617564699710,0.7981262464840040,0.7912430063071600,0.7844117096891300,0.7776320318562360,0.7709036495090130,0.76422624081987,0.7575994854305280,0.7510230644495180,0.7444966604496480,0.73801995746554,0.7315926409908400,0.7252143979757700,0.7188849168244380,0.7188849168244380,0.7188849168244380,0.7188849168244380,0.7188849168244380,0.7188849168244380,0.7188849168244380,0.7188849168244380,0.7188849168244380,0.7188849168244380,0.7188849168244380,0.7188849168244380,0.7188849168244380,0.7188849168244380,0.7188849168244380,0.7188849168244380,0.7188849168244380,0.7188849168244380,0.7188849168244380,0.7188849168244380,0.7188849168244380,0.7188849168244380,0.7188849168244380,0.7188849168244380,0.7188849168244380,0.7188849168244380,0.7188849168244380,0.7188849168244380,0.7188849168244380,0.7188849168244380,0.7188849168244380,0.7188849168244380,0.7188849168244380,0.7188849168244380,0.7188849168244380,0.7188849168244380,0.7188849168244380,0.7188849168244380,0.7188849168244380,0.7188849168244380,0.7188849168244380,0.7188849168244380,0.7188849168244380,0.7188849168244380,0.7188849168244380,0.7188849168244380,0.7188849168244380,0.7188849168244380,0.7188849168244380,0.7188849168244380,0.7188849168244380,0.7188849168244380,0.7188849168244380,0.7188849168244380,0.7188849168244380,0.7188849168244380,0.7188849168244380,0.7188849168244380,0.7188849168244380,0.7188849168244380,0.7188849168244380,0.7188849168244380,0.7188849168244380,0.7188849168244380,0.7188849168244380,0.7188849168244380,0.7188849168244380,0.7188849168244380,0.7188849168244380,0.7188849168244380,0.7188849168244380,0.7188849168244380,0.7188849168244380,0.7188849168244380,0.7188849168244380,0.7188849168244380,0.7188849168244380,0.7188849168244380,0.7188849168244380,0.7188849168244380,0.7188849168244380,0.7188849168244380,0.7188849168244380,0.7188849168244380,0.7188849168244380,0.7188849168244380,0.7188849168244380,0.7188849168244380,0.7188849168244380,0.7188849168244380,0.7188849168244380,0.7188849168244380,0.7188849168244380,0.7188849168244380,0.7188849168244380,0.7188849168244380,0.7188849168244380,0.7188849168244380,0.7188849168244380,0.7188849168244380,0.7188849168244380,0.7188849168244380,0.7188849168244380,0.7188849168244380,0.7188849168244380
13,1.664589520820740,1.6515849681412500,1.6386674326052600,1.625836452573330,1.6130915679485900,1.6004323201781900,1.5878582522543400,1.575368908715400,1.5629638356468700,1.5506425806825600,1.5384046930053500,1.5262497233480900,1.5141772239946500,1.5021867487804000,1.4902778530931500,1.4784500938737800,1.466703029617020,1.4550362203716300,1.4434492277415500,1.4319416148858100,1.4205129465193700,1.4091627889132500,1.3978907098951500,1.3866962788494600,1.3755790667177900,1.3645386459988800,1.3535745907490100,1.34268647658204,1.3318738806693200,1.3211363817400100,1.3104735600807400,1.2998849975357100,1.2893702775065600,1.2789289849521000,1.2685607063882800,1.2582650298877300,1.2480415450796700,1.2378898431492900,1.2278095168377100,1.2178001604412400,1.2078613698110800,1.1979927423526900,1.1881938770253200,1.1784643743414200,1.1688038363658700,1.1592118667153700,1.1496880705577000,1.1402320546109900,1.1308434271427800,1.1215217979692900,1.1122667784544300,1.1030779815089500,1.0939550215894100,1.0848975146971500,1.0759050783771900,1.0669773317172500,1.0581138953465800,1.0493143914346300,1.0405784436900400,1.0319056773592900,1.023295719225350,1.0147481976064700,1.0062627423546900,0.9978389848545800,0.989476558021648,0.9811750963008480,0.9729342356652630,0.964753613614338,0.9566328691723400,0.9485716428868370,0.9405695768269030,0.932626314581458,0.92474150125758,0.9169147834786740,0.9091458093827210,0.9014342286203600,0.8937796923531610,0.8861818532515720,0.8786403654930070,0.8711548847599680,0.8637250682379760,0.8563505746134140,0.8490310640717220,0.8417661982950660,0.8345556404602790,0.827399055236704,0.8202961087840160,0.8132464687498900,0.8062498042678970,0.7993057859550300,0.7924140859096210,0.7855743777086940,0.778786336405831,0.778786336405831,0.778786336405831,0.778786336405831,0.778786336405831,0.778786336405831,0.778786336405831,0.778786336405831,0.778786336405831,0.778786336405831,0.778786336405831,0.778786336405831,0.778786336405831,0.778786336405831,0.778786336405831,0.778786336405831,0.778786336405831,0.778786336405831,0.778786336405831,0.778786336405831,0.778786336405831,0.778786336405831,0.778786336405831,0.778786336405831,0.778786336405831,0.778786336405831,0.778786336405831,0.778786336405831,0.778786336405831,0.778786336405831,0.778786336405831,0.778786336405831,0.778786336405831,0.778786336405831,0.778786336405831,0.778786336405831,0.778786336405831,0.778786336405831,0.778786336405831,0.778786336405831,0.778786336405831,0.778786336405831,0.778786336405831,0.778786336405831,0.778786336405831,0.778786336405831,0.778786336405831,0.778786336405831,0.778786336405831,0.778786336405831,0.778786336405831,0.778786336405831,0.778786336405831,0.778786336405831,0.778786336405831,0.778786336405831,0.778786336405831,0.778786336405831,0.778786336405831,0.778786336405831,0.778786336405831,0.778786336405831,0.778786336405831,0.778786336405831,0.778786336405831,0.778786336405831,0.778786336405831,0.778786336405831,0.778786336405831,0.778786336405831,0.778786336405831,0.778786336405831,0.778786336405831,0.778786336405831,0.778786336405831,0.778786336405831,0.778786336405831,0.778786336405831,0.778786336405831,0.778786336405831,0.778786336405831,0.778786336405831,0.778786336405831,0.778786336405831,0.778786336405831,0.778786336405831,0.778786336405831,0.778786336405831,0.778786336405831,0.778786336405831,0.778786336405831,0.778786336405831,0.778786336405831,0.778786336405831,0.778786336405831,0.778786336405831,0.778786336405831,0.778786336405831,0.778786336405831,0.778786336405831,0.778786336405831,0.778786336405831,0.778786336405831,0.778786336405831,0.778786336405831
14,1.6644349506789000,1.6514316268505500,1.6385153117766900,1.6256855438636700,1.6129418630602300,1.6002838108589400,1.5877109302972900,1.5752227659587600,1.5628188639738000,1.55049877202102,1.5382620393279100,1.526108216671800,1.514036856380830,1.5020475123345400,1.4901397399646800,1.4783130962559800,1.4665671397467700,1.4549014305293400,1.4433155302509200,1.431809002113700,1.4203814108756600,1.4090323228506400,1.3977613059089900,1.386567929477640,1.3754517645405200,1.3644123836385700,1.353449360870080,1.3425622718907700,1.3317506939136900,1.321014205709530,1.310352387606290,1.2997648214893700,1.2892510908014900,1.2788107805423000,1.2684434772685000,1.258148769093290,1.247926245686270,1.2377754982728900,1.2276961196343400,1.2176877041068300,1.2077498475813300,1.1978821475029000,1.1880842028702200,1.1783556142350200,1.1686959837012900,1.1591049149246600,1.149582013111740,1.140126885019270,1.1307391389532700,1.1214183847682700,1.112164233866350,1.10297629919623,1.0938541952523300,1.0847975380736400,1.07580594524272,1.0668790358846400,1.0580164306658500,1.0492177517928500,1.0404826230111600,1.0318106696039800,1.0232015183908600,1.0146547977264500,1.0061701374990600,0.9977471691293440,0.9893855255687560,0.9810848412980340,0.972844752325888,0.9646648961872340,0.9565449119416550,0.9484844401718810,0.9404831229819860,0.9325406039957430,0.9246565283549230,0.9168305427174710,0.9090622952557520,0.9013514356546360,0.893697615109771,0.8861004863255270,0.8785597035130890,0.871074922388573,0.8636458001709650,0.8562719955799580,0.8489531688341510,0.8416889816487150,0.8344790972333390,0.8273231802900670,0.8202208970111260,0.8131719150765910,0.8061759036522830,0.7992325333872940,0.7923414764119030,0.7855024063349360,0.7787149982416220,0.7787149982416220,0.7787149982416220,0.7787149982416220,0.7787149982416220,0.7787149982416220,0.7787149982416220,0.7787149982416220,0.7787149982416220,0.7787149982416220,0.7787149982416220,0.7787149982416220,0.7787149982416220,0.7787149982416220,0.7787149982416220,0.7787149982416220,0.7787149982416220,0.7787149982416220,0.7787149982416220,0.7787149982416220,0.7787149982416220,0.7787149982416220,0.7787149982416220,0.7787149982416220,0.7787149982416220,0.7787149982416220,0.7787149982416220,0.7787149982416220,0.7787149982416220,0.7787149982416220,0.7787149982416220,0.7787149982416220,0.7787149982416220,0.7787149982416220,0.7787149982416220,0.7787149982416220,0.7787149982416220,0.7787149982416220,0.7787149982416220,0.7787149982416220,0.7787149982416220,0.7787149982416220,0.7787149982416220,0.7787149982416220,0.7787149982416220,0.7787149982416220,0.7787149982416220,0.7787149982416220,0.7787149982416220,0.7787149982416220,0.7787149982416220,0.7787149982416220,0.7787149982416220,0.7787149982416220,0.7787149982416220,0.7787149982416220,0.7787149982416220,0.7787149982416220,0.7787149982416220,0.7787149982416220,0.7787149982416220,0.7787149982416220,0.7787149982416220,0.7787149982416220,0.7787149982416220,0.7787149982416220,0.7787149982416220,0.7787149982416220,0.7787149982416220,0.7787149982416220,0.7787149982416220,0.7787149982416220,0.7787149982416220,0.7787149982416220,0.7787149982416220,0.7787149982416220,0.7787149982416220,0.7787149982416220,0.7787149982416220,0.7787149982416220,0.7787149982416220,0.7787149982416220,0.7787149982416220,0.7787149982416220,0.7787149982416220,0.7787149982416220,0.7787149982416220,0.7787149982416220,0.7787149982416220,0.7787149982416220,0.7787149982416220,0.7787149982416220,0.7787149982416220,0.7787149982416220,0.7787149982416220,0.7787149982416220,0.7787149982416220,0.7787149982416220,0.7787149982416220,0.7787149982416220,0.7787149982416220,0.7787149982416220,0.7787149982416220,0.7787149982416220,0.7787149982416220
15,1.6642822039916500,1.6512800946181400,1.6383649857075700,1.6255364157115100,1.6127939246237900,1.600137053981910,1.5875653468681100,1.5750783479104600,1.5626756032838700,1.550356660711190,1.5381210694640400,1.5259683803637100,1.5138981457821300,1.501909919642450,1.4900032574199200,1.4781777161425400,1.4664328543918200,1.454768232303020,1.4431834115661800,1.4316779554261900,1.4202514286834900,1.408903397694290,1.3976334303711100,1.3864410961828900,1.3753259661554400,1.3642876128713800,1.3533256104705400,1.342439534650030,1.3316289626641000,1.3208934733244900,1.3102326470001200,1.2996460656171200,1.2891333126587600,1.278693973165140,1.2683276337332000,1.2580338825162200,1.2478123092237600,1.2376625051210300,1.2275840630288500,1.2175765773228700,1.207639643933390,1.1977728603445800,1.1879758255941100,1.1782481402725300,1.168589406522490,1.1589992280381400,1.1494772100644100,1.1400229593962600,1.1306360843777200,1.1213161949012000,1.1120629024064800,1.1028758198798600,1.0937545618531400,1.08469874440256,1.075707985147770,1.0667819032507600,1.0579201194147600,1.0491222558828900,1.0403879364371100,1.031716786396950,1.0231084326180700,1.0145625034911500,1.0060786289403200,0.9976564404219100,0.9892955709229090,0.9809956549594220,0.9727563285753770,0.9645772293407520,0.9564579963500380,0.9483982702207190,0.9403976930914700,0.9324559086205120,0.9245725619839070,0.916747299873743,0.9089797704963730,0.9012696235705010,0.8936165103254600,0.8860200834991510,0.8784799973361380,0.8709959075857660,0.8635674715000970,0.8561943478317500,0.8488761968321010,0.841612680248943,0.8344034613244410,0.8272482047929640,0.8201465768789130,0.8130982452943890,0.8061028792370920,0.7991601493878380,0.7922697279084900,0.7854312884393010,0.7786445060967850,0.7786445060967850,0.7786445060967850,0.7786445060967850,0.7786445060967850,0.7786445060967850,0.7786445060967850,0.7786445060967850,0.7786445060967850,0.7786445060967850,0.7786445060967850,0.7786445060967850,0.7786445060967850,0.7786445060967850,0.7786445060967850,0.7786445060967850,0.7786445060967850,0.7786445060967850,0.7786445060967850,0.7786445060967850,0.7786445060967850,0.7786445060967850,0.7786445060967850,0.7786445060967850,0.7786445060967850,0.7786445060967850,0.7786445060967850,0.7786445060967850,0.7786445060967850,0.7786445060967850,0.7786445060967850,0.7786445060967850,0.7786445060967850,0.7786445060967850,0.7786445060967850,0.7786445060967850,0.7786445060967850,0.7786445060967850,0.7786445060967850,0.7786445060967850,0.7786445060967850,0.7786445060967850,0.7786445060967850,0.7786445060967850,0.7786445060967850,0.7786445060967850,0.7786445060967850,0.7786445060967850,0.7786445060967850,0.7786445060967850,0.7786445060967850,0.7786445060967850,0.7786445060967850,0.7786445060967850,0.7786445060967850,0.7786445060967850,0.7786445060967850,0.7786445060967850,0.7786445060967850,0.7786445060967850,0.7786445060967850,0.7786445060967850,0.7786445060967850,0.7786445060967850,0.7786445060967850,0.7786445060967850,0.7786445060967850,0.7786445060967850,0.7786445060967850,0.7786445060967850,0.7786445060967850,0.7786445060967850,0.7786445060967850,0.7786445060967850,0.7786445060967850,0.7786445060967850,0.7786445060967850,0.7786445060967850,0.7786445060967850,0.7786445060967850,0.7786445060967850,0.7786445060967850,0.7786445060967850,0.7786445060967850,0.7786445060967850,0.7786445060967850,0.7786445060967850,0.7786445060967850,0.7786445060967850,0.7786445060967850,0.7786445060967850,0.7786445060967850,0.7786445060967850,0.7786445060967850,0.7786445060967850,0.7786445060967850,0.7786445060967850,0.7786445060967850,0.7786445060967850,0.7786445060967850,0.7786445060967850,0.7786445060967850,0.7786445060967850,0.7786445060967850,0.7786445060967850